folder,file,line,op,before,after,result,kill_kind
sorting/SPARK4/Ada-SPARK-Stooge-Sort,stooge_sort.adb,366,< -> <=,and then L <= I and then I < J and then J <= H,and then L <= I and then I <= J and then J <= H,survived,
sorting/SPARK4/Ada-SPARK-Stooge-Sort,stooge_sort.adb,71,and then -> or else,In_Bounds (A) and then In_Bounds (B),In_Bounds (A) or else In_Bounds (B),stillborn,
sorting/SPARK4/Ada-SPARK-Stooge-Sort,stooge_sort.adb,442,<= -> <,and then Lo <= Hi and then T in 1 .. Max_N,and then Lo < Hi and then T in 1 .. Max_N,survived,
sorting/SPARK4/Ada-SPARK-Stooge-Sort,stooge_sort.adb,311,<= -> <,and then L >= A'First and then H <= A'Last,and then L >= A'First and then H < A'Last,survived,
sorting/SPARK4/Ada-SPARK-Stooge-Sort,stooge_sort.adb,199,+ 1 -> + 0,"Count_Ge (A, L, H, X) = Count_Ge (A, L, M, X) + Count_Ge (A, M + 1, H, X)","Count_Ge (A, L, H, X) = Count_Ge (A, L, M, X) + Count_Ge (A, M + 0, H, X)",survived,
sorting/SPARK4/Ada-SPARK-Stooge-Sort,stooge_sort.adb,365,<= -> <,and then L >= A'First and then H <= A'Last,and then L >= A'First and then H < A'Last,survived,
sorting/SPARK4/Ada-SPARK-Stooge-Sort,stooge_sort.adb,116,- -> +,"Lemma_Occ_Set (A, B, K, Last - 1);","Lemma_Occ_Set (A, B, K, Last + 1);",survived,
sorting/SPARK4/Ada-SPARK-Stooge-Sort,stooge_sort.adb,540,and then -> or else,In_Bounds (A_In) and then In_Bounds (A0) and then In_Bounds (A1),In_Bounds (A_In) and then In_Bounds (A0) or else In_Bounds (A1),stillborn,
sorting/SPARK4/Ada-SPARK-Stooge-Sort,stooge_sort.adb,270,and then -> or else,"and then L <= M and then M <= H,","or else L <= M and then M <= H,",stillborn,
sorting/SPARK4/Ada-SPARK-Stooge-Sort,stooge_sort.adb,367,= -> /=,and then A (I) = B (J) and then A (J) = B (I),and then A (I) = B (J) and then A (J) /= B (I),survived,
sorting/SPARK4/Ada-SPARK-Stooge-Sort,stooge_sort.adb,548,and then -> or else,and then Lo + 3 * T <= Hi + 1,or else Lo + 3 * T <= Hi + 1,stillborn,
sorting/SPARK4/Ada-SPARK-Stooge-Sort,stooge_sort.adb,518,- -> +,"Lemma_Split (A1, Lo, Hi - T, Hi, X);","Lemma_Split (A1, Lo, Hi + T, Hi, X);",survived,
sorting/SPARK4/Ada-SPARK-Stooge-Sort,stooge_sort.adb,531,+ 1 -> + 0,"Lemma_Frame (A3, A2, Hi - T + 1, Hi, X);","Lemma_Frame (A3, A2, Hi - T + 0, Hi, X);",survived,
sorting/SPARK4/Ada-SPARK-Stooge-Sort,stooge_sort.adb,290,>= -> >,In_Bounds (A) and then L >= A'First and then H <= A'Last,In_Bounds (A) and then L > A'First and then H <= A'Last,survived,
sorting/SPARK4/Ada-SPARK-Stooge-Sort,stooge_sort.adb,418,+ -> -,and then C in 1 .. H - L + 1,and then C in 1 .. H - L - 1,survived,
sorting/SPARK4/Ada-SPARK-Stooge-Sort,stooge_sort.adb,184,and then -> or else,and then A'First = B'First and then A'Last = B'Last,or else A'First = B'First and then A'Last = B'Last,stillborn,
sorting/SPARK4/Ada-SPARK-Stooge-Sort,stooge_sort.adb,499,= -> /=,and then A0'First = A_In'First and then A0'Last = A_In'Last,and then A0'First = A_In'First and then A0'Last /= A_In'Last,survived,
sorting/SPARK4/Ada-SPARK-Stooge-Sort,stooge_sort.adb,545,= -> /=,and then A3'First = A_In'First and then A3'Last = A_In'Last,and then A3'First = A_In'First and then A3'Last /= A_In'Last,survived,
sorting/SPARK4/Ada-SPARK-Stooge-Sort,stooge_sort.adb,444,- -> +,"and then Sorted_Pw (A1, Lo, Hi - T)","and then Sorted_Pw (A1, Lo, Hi + T)",survived,
sorting/SPARK4/Ada-SPARK-Stooge-Sort,stooge_sort.adb,59,and then -> or else,and then Last <= A'Last and then Last <= B'Last,or else Last <= A'Last and then Last <= B'Last,stillborn,
sorting/SPARK4/Ada-SPARK-Stooge-Sort,stooge_sort.adb,396,and then -> or else,"(if K /= I and then K /= J then A (K) = B (K))),","(if K /= I or else K /= J then A (K) = B (K))),",survived,
sorting/SPARK4/Ada-SPARK-Stooge-Sort,stooge_sort.adb,392,and then -> or else,and then L <= I and then I < J and then J <= H,and then L <= I or else I < J and then J <= H,stillborn,
sorting/SPARK4/Ada-SPARK-Stooge-Sort,stooge_sort.adb,292,and then -> or else,"and then (for all K in L .. H => A (K) < X or else A (K) >= Y),","or else (for all K in L .. H => A (K) < X or else A (K) >= Y),",stillborn,
sorting/SPARK4/Ada-SPARK-Stooge-Sort,stooge_sort.adb,310,and then -> or else,and then A'First = B'First and then A'Last = B'Last,or else A'First = B'First and then A'Last = B'Last,stillborn,
sorting/SPARK4/Ada-SPARK-Stooge-Sort,stooge_sort.adb,365,and then -> or else,and then L >= A'First and then H <= A'Last,or else L >= A'First and then H <= A'Last,stillborn,
sorting/SPARK4/Ada-SPARK-Stooge-Sort,stooge_sort.adb,443,+ -> -,and then Lo + 3 * T <= Hi + 1,and then Lo - 3 * T <= Hi + 1,survived,
sorting/SPARK4/Ada-SPARK-Stooge-Sort,stooge_sort.adb,88,and then -> or else,In_Bounds (A) and then In_Bounds (B),In_Bounds (A) or else In_Bounds (B),stillborn,
sorting/SPARK4/Ada-SPARK-Stooge-Sort,stooge_sort.adb,250,<= -> <,and then L <= M1 and then M1 <= M2 and then M2 <= H,and then L < M1 and then M1 <= M2 and then M2 <= H,survived,
sorting/SPARK4/Ada-SPARK-Stooge-Sort,stooge_sort.adb,124,= -> /=,if X = Y then,if X /= Y then,survived,
sorting/SPARK4/Ada-SPARK-Stooge-Sort,stooge_sort.adb,497,and then -> or else,In_Bounds (A_In) and then In_Bounds (A0) and then In_Bounds (A1),In_Bounds (A_In) or else In_Bounds (A0) and then In_Bounds (A1),stillborn,
sorting/SPARK4/Ada-SPARK-Stooge-Sort,stooge_sort.adb,677,<= -> <,if A'Length <= 1 then,if A'Length < 1 then,survived,
sorting/SPARK4/Ada-SPARK-Stooge-Sort,stooge_sort.adb,511,and then -> or else,"and then Same_Counts (A3, A2, Lo, Hi - T)","or else Same_Counts (A3, A2, Lo, Hi - T)",stillborn,
sorting/SPARK4/Ada-SPARK-Stooge-Sort,stooge_sort.adb,417,>= -> >,In_Bounds (A) and then L >= A'First and then H <= A'Last,In_Bounds (A) and then L > A'First and then H <= A'Last,survived,
sorting/SPARK4/Ada-SPARK-Stooge-Sort,stooge_sort.adb,450,- -> +,(for all Q in Hi - T + 1 .. Hi => A2 (P) <= A2 (Q))),(for all Q in Hi + T + 1 .. Hi => A2 (P) <= A2 (Q))),survived,
sorting/SPARK4/Ada-SPARK-Stooge-Sort,stooge_sort.adb,443,* -> +,and then Lo + 3 * T <= Hi + 1,and then Lo + 3 + T <= Hi + 1,survived,
sorting/SPARK4/Ada-SPARK-Stooge-Sort,stooge_sort.adb,547,and then -> or else,and then Lo <= Hi and then T in 1 .. Max_N,and then Lo <= Hi or else T in 1 .. Max_N,stillborn,
sorting/SPARK4/Ada-SPARK-Stooge-Sort,stooge_sort.adb,80,+ -> -,"+ (if B (K) = V then 1 else 0)),","- (if B (K) = V then 1 else 0)),",survived,
sorting/SPARK4/Ada-SPARK-Stooge-Sort,stooge_sort.adb,39,= -> /=,and then (A'Length = 0,and then (A'Length /= 0,survived,
sorting/SPARK4/Ada-SPARK-Stooge-Sort,stooge_sort.adb,391,and then -> or else,and then L >= A'First and then H <= A'Last,or else L >= A'First and then H <= A'Last,stillborn,
sorting/SPARK4/Ada-SPARK-Stooge-Sort,stooge_sort.adb,91,and then -> or else,and then B (X) = A (Y) and then B (Y) = A (X),and then B (X) = A (Y) or else B (Y) = A (X),stillborn,
