folder,seed,op,line,result
misc/SPARK4/Ada-SPARK-Lemke-Howson,20261185,replace variable R (order 1),hidden,stillborn
misc/SPARK4/Ada-SPARK-Lemke-Howson,20261185,replace variable R (order 1),hidden,stillborn
misc/SPARK4/Ada-SPARK-Lemke-Howson,20261185,replace variable C (order 1),hidden,survived
misc/SPARK4/Ada-SPARK-Lemke-Howson,20261185,replace variable R1 (order 1),hidden,stillborn
misc/SPARK4/Ada-SPARK-Lemke-Howson,20261185,replace variable T (order 1),hidden,stillborn
misc/SPARK4/Ada-SPARK-Lemke-Howson,20261185,replace variable R (order 1),hidden,stillborn
misc/SPARK4/Ada-SPARK-Lemke-Howson,20261185,replace variable Leaving (order 1),hidden,stillborn
misc/SPARK4/Ada-SPARK-Lemke-Howson,20261185,replace variable T (order 1),hidden,stillborn
misc/SPARK4/Ada-SPARK-Lemke-Howson,20261185,replace variable R (order 1),hidden,stillborn
misc/SPARK4/Ada-SPARK-Lemke-Howson,20261185,replace variable Q (order 1),hidden,killed
misc/SPARK4/Ada-SPARK-Lemke-Howson,20261185,replace variable I (order 1),hidden,killed
misc/SPARK4/Ada-SPARK-Lemke-Howson,20261185,replace variable M (order 1),hidden,stillborn
misc/SPARK4/Ada-SPARK-Lemke-Howson,20261185,replace variable In_P (order 1),hidden,stillborn
misc/SPARK4/Ada-SPARK-Lemke-Howson,20261185,replace variable R (order 1),hidden,stillborn
misc/SPARK4/Ada-SPARK-Lemke-Howson,20261185,replace variable F (order 1),hidden,stillborn
misc/SPARK4/Ada-SPARK-Lemke-Howson,20261185,replace variable Leaving (order 1),hidden,stillborn
misc/SPARK4/Ada-SPARK-Lemke-Howson,20261185,replace variable R (order 1),hidden,stillborn
misc/SPARK4/Ada-SPARK-Lemke-Howson,20261185,replace variable Leaving (order 1),hidden,stillborn
misc/SPARK4/Ada-SPARK-Lemke-Howson,20261185,replace variable In_P (order 1),hidden,stillborn
misc/SPARK4/Ada-SPARK-Lemke-Howson,20261185,replace variable Entering (order 1),hidden,stillborn
misc/SPARK4/Ada-SPARK-Lemke-Howson,20261185,replace variable Min_B (order 1),hidden,stillborn
misc/SPARK4/Ada-SPARK-Lemke-Howson,20261185,replace variable Ok (order 1),hidden,stillborn
misc/SPARK4/Ada-SPARK-Lemke-Howson,20261185,replace variable T (order 1),hidden,stillborn
misc/SPARK4/Ada-SPARK-Lemke-Howson,20261185,replace variable Leaving (order 1),hidden,killed
misc/SPARK4/Ada-SPARK-Lemke-Howson,20261185,replace variable M (order 1),hidden,stillborn
misc/SPARK4/Ada-SPARK-Lemke-Howson,20261185,replace variable T (order 1),hidden,stillborn
misc/SPARK4/Ada-SPARK-Lemke-Howson,20261185,replace variable Entering (order 1),hidden,killed
misc/SPARK4/Ada-SPARK-Lemke-Howson,20261185,replace variable I (order 1),hidden,stillborn
misc/SPARK4/Ada-SPARK-Lemke-Howson,20261185,replace variable J (order 1),hidden,stillborn
misc/SPARK4/Ada-SPARK-Lemke-Howson,20261185,replace variable J (order 1),hidden,stillborn
misc/SPARK4/Ada-SPARK-Lemke-Howson,20261185,replace variable T (order 1),hidden,stillborn
misc/SPARK4/Ada-SPARK-Lemke-Howson,20261185,replace variable Min_A (order 1),hidden,stillborn
misc/SPARK4/Ada-SPARK-Lemke-Howson,20261185,replace variable Min_B (order 1),hidden,stillborn
misc/SPARK4/Ada-SPARK-Lemke-Howson,20261185,replace variable I (order 1),hidden,stillborn
misc/SPARK4/Ada-SPARK-Lemke-Howson,20261185,replace variable R1 (order 1),hidden,stillborn
misc/SPARK4/Ada-SPARK-Lemke-Howson,20261185,replace variable R (order 1),hidden,stillborn
misc/SPARK4/Ada-SPARK-Lemke-Howson,20261185,replace variable J (order 1),hidden,stillborn
misc/SPARK4/Ada-SPARK-Lemke-Howson,20261185,replace variable R (order 1),hidden,stillborn
misc/SPARK4/Ada-SPARK-Lemke-Howson,20261185,replace variable I (order 1),hidden,stillborn
misc/SPARK4/Ada-SPARK-Lemke-Howson,20261185,replace variable R (order 1),hidden,stillborn
misc/SPARK4/Ada-SPARK-Lemke-Howson,20261185,replace variable V (order 1),hidden,stillborn
misc/SPARK4/Ada-SPARK-Lemke-Howson,20261185,replace variable F (order 1),hidden,killed
misc/SPARK4/Ada-SPARK-Lemke-Howson,20261185,replace variable In_P (order 1),hidden,stillborn
misc/SPARK4/Ada-SPARK-Lemke-Howson,20261185,replace variable I (order 1),hidden,stillborn
misc/SPARK4/Ada-SPARK-Lemke-Howson,20261185,replace variable Q_Basis (order 1),hidden,stillborn
misc/SPARK4/Ada-SPARK-Lemke-Howson,20261185,replace variable P_Det (order 1),hidden,stillborn
misc/SPARK4/Ada-SPARK-Lemke-Howson,20261185,replace variable T (order 1),hidden,stillborn
misc/SPARK4/Ada-SPARK-Lemke-Howson,20261185,replace variable I (order 1),hidden,stillborn
misc/SPARK4/Ada-SPARK-Lemke-Howson,20261185,replace variable N (order 1),hidden,killed
misc/SPARK4/Ada-SPARK-Lemke-Howson,20261185,replace variable R (order 1),hidden,stillborn
misc/SPARK4/Ada-SPARK-Lemke-Howson,20261185,replace variable I (order 1),hidden,stillborn
misc/SPARK4/Ada-SPARK-Lemke-Howson,20261185,replace variable R1 (order 1),hidden,stillborn
misc/SPARK4/Ada-SPARK-Lemke-Howson,20261185,replace variable Ok (order 1),hidden,stillborn
misc/SPARK4/Ada-SPARK-Lemke-Howson,20261185,replace variable In_P (order 1),hidden,timeout
misc/SPARK4/Ada-SPARK-Lemke-Howson,20261185,replace variable R (order 1),hidden,stillborn
misc/SPARK4/Ada-SPARK-Lemke-Howson,20261185,replace variable R (order 1),hidden,stillborn
misc/SPARK4/Ada-SPARK-Lemke-Howson,20261185,replace variable J (order 1),hidden,killed
misc/SPARK4/Ada-SPARK-Lemke-Howson,20261185,replace variable Q (order 1),hidden,stillborn
misc/SPARK4/Ada-SPARK-Lemke-Howson,20261185,replace variable Q (order 1),hidden,stillborn
misc/SPARK4/Ada-SPARK-Lemke-Howson,20261185,replace variable Min_B (order 1),hidden,stillborn
misc/SPARK4/Ada-SPARK-Lemke-Howson,20261185,replace variable R1 (order 1),hidden,stillborn
misc/SPARK4/Ada-SPARK-Lemke-Howson,20261185,replace variable M (order 1),hidden,stillborn
misc/SPARK4/Ada-SPARK-Lemke-Howson,20261185,replace variable R (order 1),hidden,stillborn
misc/SPARK4/Ada-SPARK-Lemke-Howson,20261185,replace variable M (order 1),hidden,stillborn
misc/SPARK4/Ada-SPARK-Lemke-Howson,20261185,replace variable T (order 1),hidden,stillborn
misc/SPARK4/Ada-SPARK-Lemke-Howson,20261185,replace variable M (order 1),hidden,stillborn
misc/SPARK4/Ada-SPARK-Lemke-Howson,20261185,replace variable T (order 1),hidden,stillborn
misc/SPARK4/Ada-SPARK-Lemke-Howson,20261185,replace variable Q_Basis (order 1),hidden,stillborn
misc/SPARK4/Ada-SPARK-Lemke-Howson,20261185,replace variable T (order 1),hidden,stillborn
misc/SPARK4/Ada-SPARK-Lemke-Howson,20261185,replace variable Q_Basis (order 1),hidden,stillborn
misc/SPARK4/Ada-SPARK-Lemke-Howson,20261185,replace variable N (order 1),hidden,stillborn
misc/SPARK4/Ada-SPARK-Lemke-Howson,20261185,replace variable Ok (order 1),hidden,stillborn
misc/SPARK4/Ada-SPARK-Lemke-Howson,20261185,replace variable T (order 1),hidden,stillborn
misc/SPARK4/Ada-SPARK-Lemke-Howson,20261185,replace variable T (order 1),hidden,stillborn
misc/SPARK4/Ada-SPARK-Lemke-Howson,20261185,replace variable V (order 1),hidden,stillborn
misc/SPARK4/Ada-SPARK-Lemke-Howson,20261185,replace variable N (order 1),hidden,stillborn
misc/SPARK4/Ada-SPARK-Lemke-Howson,20261185,replace variable P (order 1),hidden,stillborn
misc/SPARK4/Ada-SPARK-Lemke-Howson,20261185,replace variable C (order 1),hidden,stillborn
misc/SPARK4/Ada-SPARK-Lemke-Howson,20261185,replace variable C (order 1),hidden,killed
misc/SPARK4/Ada-SPARK-Lemke-Howson,20261185,replace variable C (order 1),hidden,stillborn
misc/SPARK4/Ada-SPARK-Lemke-Howson,20261185,replace variable P_Basis (order 1),hidden,stillborn
misc/SPARK4/Ada-SPARK-Lemke-Howson,20261185,replace variable Min_A (order 1),hidden,killed
misc/SPARK4/Ada-SPARK-Lemke-Howson,20261185,replace variable Basis (order 1),hidden,stillborn
misc/SPARK4/Ada-SPARK-Lemke-Howson,20261185,replace variable M (order 1),hidden,killed
misc/SPARK4/Ada-SPARK-Lemke-Howson,20261185,replace variable Basis (order 1),hidden,stillborn
misc/SPARK4/Ada-SPARK-Lemke-Howson,20261185,replace variable R2 (order 1),hidden,killed
misc/SPARK4/Ada-SPARK-Lemke-Howson,20261185,replace variable Entering (order 1),hidden,stillborn
misc/SPARK4/Ada-SPARK-Lemke-Howson,20261185,replace variable I (order 1),hidden,stillborn
misc/SPARK4/Ada-SPARK-Lemke-Howson,20261185,replace variable R2 (order 1),hidden,stillborn
misc/SPARK4/Ada-SPARK-Lemke-Howson,20261185,replace variable K (order 1),hidden,stillborn
misc/SPARK4/Ada-SPARK-Lemke-Howson,20261185,replace variable Q_Basis (order 1),hidden,stillborn
misc/SPARK4/Ada-SPARK-Lemke-Howson,20261185,replace variable I (order 1),hidden,stillborn
misc/SPARK4/Ada-SPARK-Lemke-Howson,20261185,replace variable Leaving (order 1),hidden,stillborn
misc/SPARK4/Ada-SPARK-Lemke-Howson,20261185,replace variable I (order 1),hidden,stillborn
misc/SPARK4/Ada-SPARK-Lemke-Howson,20261185,replace variable M (order 1),hidden,stillborn
misc/SPARK4/Ada-SPARK-Lemke-Howson,20261185,replace variable C (order 1),hidden,stillborn
misc/SPARK4/Ada-SPARK-Lemke-Howson,20261185,replace variable M (order 1),hidden,stillborn
misc/SPARK4/Ada-SPARK-Lemke-Howson,20261185,replace variable From (order 1),hidden,stillborn
misc/SPARK4/Ada-SPARK-Lemke-Howson,20261185,replace variable Ok (order 1),hidden,stillborn
misc/SPARK4/Ada-SPARK-Lemke-Howson,20261185,replace variable J (order 1),hidden,stillborn
misc/SPARK4/Ada-SPARK-Lemke-Howson,20261185,replace variable Min_A (order 1),hidden,stillborn
misc/SPARK4/Ada-SPARK-Lemke-Howson,20261185,replace variable J (order 1),hidden,stillborn
misc/SPARK4/Ada-SPARK-Lemke-Howson,20261185,replace variable R (order 1),hidden,stillborn
misc/SPARK4/Ada-SPARK-Lemke-Howson,20261185,replace variable Det (order 1),hidden,stillborn
misc/SPARK4/Ada-SPARK-Lemke-Howson,20261185,replace variable From (order 1),hidden,killed
misc/SPARK4/Ada-SPARK-Lemke-Howson,20261185,replace variable R2 (order 1),hidden,stillborn
misc/SPARK4/Ada-SPARK-Lemke-Howson,20261185,replace variable Ok (order 1),hidden,stillborn
misc/SPARK4/Ada-SPARK-Lemke-Howson,20261185,replace variable T (order 1),hidden,stillborn
misc/SPARK4/Ada-SPARK-Lemke-Howson,20261185,replace variable K (order 1),hidden,stillborn
misc/SPARK4/Ada-SPARK-Lemke-Howson,20261185,replace variable To (order 1),hidden,stillborn
misc/SPARK4/Ada-SPARK-Lemke-Howson,20261185,replace variable K (order 1),hidden,stillborn
misc/SPARK4/Ada-SPARK-Lemke-Howson,20261185,replace variable C (order 1),hidden,stillborn
misc/SPARK4/Ada-SPARK-Lemke-Howson,20261185,replace variable C (order 1),hidden,stillborn
misc/SPARK4/Ada-SPARK-Lemke-Howson,20261185,replace variable R (order 1),hidden,stillborn
misc/SPARK4/Ada-SPARK-Lemke-Howson,20261185,replace variable Pivot_Entry (order 1),hidden,stillborn
misc/SPARK4/Ada-SPARK-Lemke-Howson,20261185,replace variable From (order 1),hidden,killed
misc/SPARK4/Ada-SPARK-Lemke-Howson,20261185,replace variable T (order 1),hidden,stillborn
misc/SPARK4/Ada-SPARK-Lemke-Howson,20261185,replace variable P_Det (order 1),hidden,stillborn
misc/SPARK4/Ada-SPARK-Lemke-Howson,20261185,replace variable J (order 1),hidden,killed
misc/SPARK4/Ada-SPARK-Lemke-Howson,20261185,replace variable Min_A (order 1),hidden,killed
misc/SPARK4/Ada-SPARK-Lemke-Howson,20261185,replace variable M (order 1),hidden,stillborn
misc/SPARK4/Ada-SPARK-Lemke-Howson,20261185,replace variable C (order 1),hidden,survived
misc/SPARK4/Ada-SPARK-Lemke-Howson,20261185,replace variable T (order 1),hidden,stillborn
misc/SPARK4/Ada-SPARK-Lemke-Howson,20261185,replace variable R (order 1),hidden,stillborn
misc/SPARK4/Ada-SPARK-Lemke-Howson,20261185,replace variable Step (order 1),hidden,stillborn
misc/SPARK4/Ada-SPARK-Lemke-Howson,20261185,replace variable N (order 1),hidden,killed
misc/SPARK4/Ada-SPARK-Lemke-Howson,20261185,replace variable C (order 1),hidden,stillborn
misc/SPARK4/Ada-SPARK-Lemke-Howson,20261185,replace variable C (order 1),hidden,stillborn
misc/SPARK4/Ada-SPARK-Lemke-Howson,20261185,replace variable In_P (order 1),hidden,stillborn
misc/SPARK4/Ada-SPARK-Lemke-Howson,20261185,replace variable K (order 1),hidden,stillborn
misc/SPARK4/Ada-SPARK-Lemke-Howson,20261185,replace variable R (order 1),hidden,stillborn
misc/SPARK4/Ada-SPARK-Lemke-Howson,20261185,replace variable I (order 1),hidden,killed
misc/SPARK4/Ada-SPARK-Lemke-Howson,20261185,replace variable M (order 1),hidden,stillborn
misc/SPARK4/Ada-SPARK-Lemke-Howson,20261185,replace variable I (order 1),hidden,stillborn
misc/SPARK4/Ada-SPARK-Lemke-Howson,20261185,replace variable From (order 1),hidden,stillborn
misc/SPARK4/Ada-SPARK-Lemke-Howson,20261185,replace variable Q (order 1),hidden,stillborn
misc/SPARK4/Ada-SPARK-Lemke-Howson,20261185,replace variable I (order 1),hidden,stillborn
misc/SPARK4/Ada-SPARK-Lemke-Howson,20261185,replace variable R (order 1),hidden,stillborn
misc/SPARK4/Ada-SPARK-Lemke-Howson,20261185,replace variable C (order 1),hidden,stillborn
misc/SPARK4/Ada-SPARK-Lemke-Howson,20261185,replace variable Ok (order 1),hidden,stillborn
misc/SPARK4/Ada-SPARK-Lemke-Howson,20261185,replace variable F (order 1),hidden,stillborn
misc/SPARK4/Ada-SPARK-Lemke-Howson,20261185,replace variable P (order 1),hidden,stillborn
misc/SPARK4/Ada-SPARK-Lemke-Howson,20261185,replace variable I (order 1),hidden,killed
misc/SPARK4/Ada-SPARK-Lemke-Howson,20261185,replace variable R (order 1),hidden,stillborn
misc/SPARK4/Ada-SPARK-Lemke-Howson,20261185,replace variable P (order 1),hidden,stillborn
misc/SPARK4/Ada-SPARK-Lemke-Howson,20261185,replace variable C (order 1),hidden,stillborn
misc/SPARK4/Ada-SPARK-Lemke-Howson,20261185,replace variable R1 (order 1),hidden,stillborn
misc/SPARK4/Ada-SPARK-Lemke-Howson,20261185,replace variable Min_A (order 1),hidden,killed
misc/SPARK4/Ada-SPARK-Lemke-Howson,20261185,replace variable P (order 1),hidden,stillborn
misc/SPARK4/Ada-SPARK-Lemke-Howson,20261185,replace variable Basis (order 1),hidden,stillborn
misc/SPARK4/Ada-SPARK-Lemke-Howson,20261185,replace variable Q (order 1),hidden,stillborn
misc/SPARK4/Ada-SPARK-Lemke-Howson,20261185,replace variable Ok (order 1),hidden,stillborn
misc/SPARK4/Ada-SPARK-Lemke-Howson,20261185,replace variable M (order 1),hidden,stillborn
misc/SPARK4/Ada-SPARK-Lemke-Howson,20261185,replace variable M (order 1),hidden,stillborn
misc/SPARK4/Ada-SPARK-Lemke-Howson,20261185,replace variable Leaving (order 1),hidden,stillborn
misc/SPARK4/Ada-SPARK-Lemke-Howson,20261185,replace variable N (order 1),hidden,killed
misc/SPARK4/Ada-SPARK-Lemke-Howson,20261185,replace variable C (order 1),hidden,stillborn
misc/SPARK4/Ada-SPARK-Lemke-Howson,20261185,replace variable T (order 1),hidden,stillborn
misc/SPARK4/Ada-SPARK-Lemke-Howson,20261185,replace variable I (order 1),hidden,killed
misc/SPARK4/Ada-SPARK-Lemke-Howson,20261185,replace variable M (order 1),hidden,stillborn
misc/SPARK4/Ada-SPARK-Lemke-Howson,20261185,replace variable R2 (order 1),hidden,stillborn
misc/SPARK4/Ada-SPARK-Lemke-Howson,20261185,replace variable T (order 1),hidden,stillborn
misc/SPARK4/Ada-SPARK-Lemke-Howson,20261185,replace variable R2 (order 1),hidden,stillborn
misc/SPARK4/Ada-SPARK-Lemke-Howson,20261185,replace variable T (order 1),hidden,stillborn
misc/SPARK4/Ada-SPARK-Lemke-Howson,20261185,replace variable Q_Basis (order 1),hidden,stillborn
misc/SPARK4/Ada-SPARK-Lemke-Howson,20261185,replace variable R (order 1),hidden,stillborn
misc/SPARK4/Ada-SPARK-Lemke-Howson,20261185,replace variable N (order 1),hidden,stillborn
misc/SPARK4/Ada-SPARK-Lemke-Howson,20261185,replace variable Min_A (order 1),hidden,stillborn
misc/SPARK4/Ada-SPARK-Lemke-Howson,20261185,replace variable J (order 1),hidden,stillborn
misc/SPARK4/Ada-SPARK-Lemke-Howson,20261185,replace variable Leaving (order 1),hidden,killed
misc/SPARK4/Ada-SPARK-Lemke-Howson,20261185,replace variable N (order 1),hidden,killed
misc/SPARK4/Ada-SPARK-Lemke-Howson,20261185,replace variable I (order 1),hidden,stillborn
misc/SPARK4/Ada-SPARK-Lemke-Howson,20261185,replace variable R1 (order 1),hidden,stillborn
misc/SPARK4/Ada-SPARK-Lemke-Howson,20261185,replace variable K (order 1),hidden,killed
misc/SPARK4/Ada-SPARK-Lemke-Howson,20261185,replace variable To (order 1),hidden,survived
misc/SPARK4/Ada-SPARK-Lemke-Howson,20261185,replace variable Q_Basis (order 1),hidden,stillborn
misc/SPARK4/Ada-SPARK-Lemke-Howson,20261185,replace variable P (order 1),hidden,stillborn
misc/SPARK4/Ada-SPARK-Lemke-Howson,20261185,replace variable R (order 1),hidden,stillborn
misc/SPARK4/Ada-SPARK-Lemke-Howson,20261185,replace variable R (order 1),hidden,stillborn
misc/SPARK4/Ada-SPARK-Lemke-Howson,20261185,replace variable N (order 1),hidden,stillborn
misc/SPARK4/Ada-SPARK-Lemke-Howson,20261185,replace variable Leaving (order 1),hidden,stillborn
misc/SPARK4/Ada-SPARK-Lemke-Howson,20261185,replace variable T (order 1),hidden,stillborn
misc/SPARK4/Ada-SPARK-Lemke-Howson,20261185,replace variable T (order 1),hidden,stillborn
misc/SPARK4/Ada-SPARK-Lemke-Howson,20261185,replace variable Min_B (order 1),hidden,stillborn
misc/SPARK4/Ada-SPARK-Lemke-Howson,20261185,replace variable J (order 1),hidden,stillborn
misc/SPARK4/Ada-SPARK-Lemke-Howson,20261185,'Min (order 1),hidden,killed
misc/SPARK4/Ada-SPARK-Lemke-Howson,20261185,replace variable Basis (order 1),hidden,stillborn
misc/SPARK4/Ada-SPARK-Lemke-Howson,20261185,replace variable R2 (order 1),hidden,killed
