folder,file,line,subprogram,kind,termination_check_without_aspect,decision,gnat12_warning,code_level_options,run
misc/SPARK4/Ada-SPARK-Heaps-Algorithm,heaps_algorithm.adb,176,Heap_Generate,procedure,no,kept (removal would drop the termination check),open,"non-ghost procedure with in out state: no implicit termination check in gnatprove 16.1.0; options: keep the aspect and accept the GNAT 12 warning (owner decision), or a GNAT-12-only build profile","gnatprove 16.1.0 --mode=silver --level=2 --steps=1000000 --report=all, original vs. copy with the aspect removed (tools/vv/always_terminates_check.sh)"
misc/SPARK4/Ada-SPARK-Selection-Algorithm,selection_algorithm.adb,252,Lemma_Kth_At_Pivot,ghost procedure,no,kept (removal would drop the termination check),open,ghost lemma: rewrite as a ghost function (functions carry an implicit Always_Terminates that gnatprove proves),"gnatprove 16.1.0 --mode=silver --level=2 --steps=1000000 --report=all, original vs. copy with the aspect removed (tools/vv/always_terminates_check.sh)"
misc/SPARK4/Ada-SPARK-Selection-Algorithm,selection_algorithm.adb,302,Lemma_Kth_Singleton,ghost procedure,no,kept (removal would drop the termination check),open,ghost lemma: rewrite as a ghost function (functions carry an implicit Always_Terminates that gnatprove proves),"gnatprove 16.1.0 --mode=silver --level=2 --steps=1000000 --report=all, original vs. copy with the aspect removed (tools/vv/always_terminates_check.sh)"
misc/SPARK4/Ada-SPARK-Selection-Algorithm,selection_algorithm.adb,339,Lemma_Shrink_Left,ghost procedure,no,kept (removal would drop the termination check),open,ghost lemma: rewrite as a ghost function (functions carry an implicit Always_Terminates that gnatprove proves),"gnatprove 16.1.0 --mode=silver --level=2 --steps=1000000 --report=all, original vs. copy with the aspect removed (tools/vv/always_terminates_check.sh)"
misc/SPARK4/Ada-SPARK-Selection-Algorithm,selection_algorithm.adb,384,Lemma_Shrink_Right,ghost procedure,no,kept (removal would drop the termination check),open,ghost lemma: rewrite as a ghost function (functions carry an implicit Always_Terminates that gnatprove proves),"gnatprove 16.1.0 --mode=silver --level=2 --steps=1000000 --report=all, original vs. copy with the aspect removed (tools/vv/always_terminates_check.sh)"
searching/SPARK4/Ada-SPARK-Introselect,introselect.adb,264,Median_Of_Medians,procedure,no,kept (removal would drop the termination check),open,"non-ghost procedure with in out state: no implicit termination check in gnatprove 16.1.0; options: keep the aspect and accept the GNAT 12 warning (owner decision), or a GNAT-12-only build profile","gnatprove 16.1.0 --mode=silver --level=2 --steps=1000000 --report=all, original vs. copy with the aspect removed (tools/vv/always_terminates_check.sh)"
searching/SPARK4/Ada-SPARK-Introselect,introselect.adb,440,Lemma_Kth_At_Pivot,ghost procedure,no,kept (removal would drop the termination check),open,ghost lemma: rewrite as a ghost function (functions carry an implicit Always_Terminates that gnatprove proves),"gnatprove 16.1.0 --mode=silver --level=2 --steps=1000000 --report=all, original vs. copy with the aspect removed (tools/vv/always_terminates_check.sh)"
searching/SPARK4/Ada-SPARK-Introselect,introselect.adb,488,Lemma_Kth_Singleton,ghost procedure,no,kept (removal would drop the termination check),open,ghost lemma: rewrite as a ghost function (functions carry an implicit Always_Terminates that gnatprove proves),"gnatprove 16.1.0 --mode=silver --level=2 --steps=1000000 --report=all, original vs. copy with the aspect removed (tools/vv/always_terminates_check.sh)"
searching/SPARK4/Ada-SPARK-Introselect,introselect.adb,525,Lemma_Shrink_Left,ghost procedure,no,kept (removal would drop the termination check),open,ghost lemma: rewrite as a ghost function (functions carry an implicit Always_Terminates that gnatprove proves),"gnatprove 16.1.0 --mode=silver --level=2 --steps=1000000 --report=all, original vs. copy with the aspect removed (tools/vv/always_terminates_check.sh)"
searching/SPARK4/Ada-SPARK-Introselect,introselect.adb,566,Lemma_Shrink_Right,ghost procedure,no,kept (removal would drop the termination check),open,ghost lemma: rewrite as a ghost function (functions carry an implicit Always_Terminates that gnatprove proves),"gnatprove 16.1.0 --mode=silver --level=2 --steps=1000000 --report=all, original vs. copy with the aspect removed (tools/vv/always_terminates_check.sh)"
searching/SPARK4/Ada-SPARK-Quickselect,quickselect.adb,251,Lemma_Kth_At_Pivot,ghost procedure,no,kept (removal would drop the termination check),open,ghost lemma: rewrite as a ghost function (functions carry an implicit Always_Terminates that gnatprove proves),"gnatprove 16.1.0 --mode=silver --level=2 --steps=1000000 --report=all, original vs. copy with the aspect removed (tools/vv/always_terminates_check.sh)"
searching/SPARK4/Ada-SPARK-Quickselect,quickselect.adb,301,Lemma_Kth_Singleton,ghost procedure,no,kept (removal would drop the termination check),open,ghost lemma: rewrite as a ghost function (functions carry an implicit Always_Terminates that gnatprove proves),"gnatprove 16.1.0 --mode=silver --level=2 --steps=1000000 --report=all, original vs. copy with the aspect removed (tools/vv/always_terminates_check.sh)"
searching/SPARK4/Ada-SPARK-Quickselect,quickselect.adb,338,Lemma_Shrink_Left,ghost procedure,no,kept (removal would drop the termination check),open,ghost lemma: rewrite as a ghost function (functions carry an implicit Always_Terminates that gnatprove proves),"gnatprove 16.1.0 --mode=silver --level=2 --steps=1000000 --report=all, original vs. copy with the aspect removed (tools/vv/always_terminates_check.sh)"
searching/SPARK4/Ada-SPARK-Quickselect,quickselect.adb,383,Lemma_Shrink_Right,ghost procedure,no,kept (removal would drop the termination check),open,ghost lemma: rewrite as a ghost function (functions carry an implicit Always_Terminates that gnatprove proves),"gnatprove 16.1.0 --mode=silver --level=2 --steps=1000000 --report=all, original vs. copy with the aspect removed (tools/vv/always_terminates_check.sh)"
sorting/SPARK4/Ada-SPARK-Bitonic-Sorter,bitonic_sorter.adb,131,Bitonic_Merge,procedure,no,kept (removal would drop the termination check),open,"non-ghost procedure with in out state: no implicit termination check in gnatprove 16.1.0; options: keep the aspect and accept the GNAT 12 warning (owner decision), or a GNAT-12-only build profile","gnatprove 16.1.0 --mode=silver --level=2 --steps=1000000 --report=all, original vs. copy with the aspect removed (tools/vv/always_terminates_check.sh)"
sorting/SPARK4/Ada-SPARK-Bitonic-Sorter,bitonic_sorter.adb,183,Bitonic_Sort,procedure,no,kept (removal would drop the termination check),open,"non-ghost procedure with in out state: no implicit termination check in gnatprove 16.1.0; options: keep the aspect and accept the GNAT 12 warning (owner decision), or a GNAT-12-only build profile","gnatprove 16.1.0 --mode=silver --level=2 --steps=1000000 --report=all, original vs. copy with the aspect removed (tools/vv/always_terminates_check.sh)"
