folder,file,helper,used_in,bad_cases,exhaustive_size,verdict,withdraw_functional,rescore,notes
clustering/Ada/OPTICS,tests.adb,Is_Permutation,tests,,none (not run),sound by reading,,,"by reading: Order(First..First+Count-1) must be in range, distinct, and cover every id (pigeonhole); not run"
graphs/Ada/Hungarian-Algorithm,hungarian_algorithm.adb,Is_Permutation,body,every array whose first N entries are not exactly 1..N once each (e.g. 1 1 / 2 3 1 for N 2),all arrays length 0..5 over 0..6 x N 0..5 (117648),sound,,,independent definition: N <= length and the first N entries hold each of 1..N once
graphs/Ada/Hungarian-Method,hungarian_method.adb,Is_Permutation,body,every array whose first N entries are not exactly 1..N once each (e.g. 1 1 / 2 3 1 for N 2),all arrays length 0..5 over 0..6 x N 0..5 (117648),sound,,,independent definition: N <= length and the first N entries hold each of 1..N once
misc/Ada/Birkhoff-von-Neumann,birkhoff_von_neumann.adb,Is_Permutation,body,,none (not run),not scanned,,,harness manual: signature P : Permutation; N : Dimension
misc/Ada/Chinese-Whispers,chinese_whispers.adb,Is_Permutation,body,,none (not run),sound by reading,,,"by reading: equal length, in G range, distinct, all seen; not run (harness compile failure: non-discrete node type)"
misc/Ada/Combinatorial-Optimization,combinatorial_optimization.adb,Is_Permutation,body,every array whose first N entries are not exactly 1..N once each (e.g. 1 1 / 2 3 1 for N 2),all arrays length 0..5 over 1..6 x N 0..5 (55725 calls),sound,,,independent definition: N <= length and the first N entries hold each of 1..N once
misc/Ada/Fisher-Yates-Shuffle,fisher_yates_shuffle.adb,Is_Permutation_Of,body,,none (not run),not scanned,,,"harness compile_fail: aa_main.adb:20:10: error: ""Sort_Copy"" is undefined (more references follow)"
misc/Ada/Gale-Shapley-Algorithm,gale_shapley_algorithm.adb,Is_Permutation,body,every array whose first N entries are not exactly 1..N once each (e.g. 1 1 / 2 3 1 for N 2),all arrays length 0..5 over 0..6 x N 0..5 (117648),sound,,,independent definition: N <= length and the first N entries hold each of 1..N once
misc/Ada/Heaps-Algorithm,heaps_algorithm.adb,Is_Permutation,body,,none (not run),sound by reading,,,by reading: values in 1..Length (Positive) and distinct => permutation by pigeonhole; empty returns False by design; not run
misc/Ada/Steinhaus-Johnson-Trotter,steinhaus_johnson_trotter.adb,Is_Permutation,body,,none (not run),sound by reading,,,by reading: same as Heaps-Algorithm; not run
misc/Ada/Top-Trading-Cycle,top_trading_cycle.adb,Is_Permutation,body,every array whose first N entries are not exactly 1..N once each (e.g. 1 1 / 2 3 1 for N 2),all arrays length 0..5 over 0..6 x N 0..5 (117648),sound,,,independent definition: N <= length and the first N entries hold each of 1..N once
misc/SPARK4/Ada-SPARK-Heaps-Algorithm,heaps_algorithm.ads,Is_Permutation,spec (contract/ghost),,none (not run),sound by reading,,,"by reading: values <= Length, pairwise distinct, Positive => permutation by pigeonhole; not run"
misc/SPARK4/Ada-SPARK-K-Way-Merge,tests.adb,Is_Permutation,tests,"every non-permutation pair in the set, incl. equal-length ones (e.g. 1 1 2 vs 1 2 2)","all array pairs, equal lengths 0..6 and unequal with total length <= 4, over 3 values (598327)",sound,,,independent definition: equal length and same count of every value
misc/SPARK4/Ada-SPARK-Selection-Algorithm,tests.adb,Is_Permutation,tests,"every non-permutation pair in the set, incl. equal-length ones (e.g. 1 1 2 vs 1 2 2)","all array pairs, equal lengths 0..6 and unequal with total length <= 4, over 3 values (598327)",sound,,,independent definition: equal length and same count of every value
searching/Ada/Lexicographic-Breadth-First-Search,tests.adb,Is_Permutation,tests,every array whose first N entries are not exactly 1..N once each (e.g. 1 1 / 2 3 1 for N 2),all arrays length 0..5 over 1..6 x N 0..5 (55725 calls),sound,,,independent definition: N <= length and the first N entries hold each of 1..N once
searching/SPARK4/Ada-SPARK-Introselect,tests.adb,Is_Permutation,tests,"every non-permutation pair in the set, incl. equal-length ones (e.g. 1 1 2 vs 1 2 2)","all array pairs, equal lengths 0..6 and unequal with total length <= 4, over 3 values (598327)",sound,,,independent definition: equal length and same count of every value
searching/SPARK4/Ada-SPARK-Quickselect,tests.adb,Is_Permutation,tests,"every non-permutation pair in the set, incl. equal-length ones (e.g. 1 1 2 vs 1 2 2)","all array pairs, equal lengths 0..6 and unequal with total length <= 4, over 3 values (598327)",sound,,,independent definition: equal length and same count of every value
sorting/SPARK4/Ada-SPARK-Bitonic-Sorter,tests.adb,Is_Permutation,tests,"every non-permutation pair in the set, incl. equal-length ones (e.g. 1 1 2 vs 1 2 2)","all array pairs, equal lengths 0..6 and unequal with total length <= 4, over 3 values (598327)",sound,,,independent definition: equal length and same count of every value
sorting/SPARK4/Ada-SPARK-Bogosort,tests.adb,Is_Permutation,tests,"every non-permutation pair in the set, incl. equal-length ones (e.g. 1 1 2 vs 1 2 2)","all array pairs, equal lengths 0..6 and unequal with total length <= 4, over 3 values (598327)",sound,,,independent definition: equal length and same count of every value
sorting/SPARK4/Ada-SPARK-Bubble-Sort,tests.adb,Is_Permutation,tests,"every non-permutation pair in the set, incl. equal-length ones (e.g. 1 1 2 vs 1 2 2)","all array pairs, equal lengths 0..6 and unequal with total length <= 4, over 3 values (598327)",sound,,,independent definition: equal length and same count of every value
sorting/SPARK4/Ada-SPARK-Bucket-Sort,tests.adb,Is_Permutation,tests,"every non-permutation pair in the set, incl. equal-length ones (e.g. 1 1 2 vs 1 2 2)","all array pairs, equal lengths 0..6 and unequal with total length <= 4, over 3 values (598327)",sound,,,independent definition: equal length and same count of every value
sorting/SPARK4/Ada-SPARK-Burstsort,tests.adb,Is_Permutation,tests,,none (not run),not scanned,,,harness manual: element Bounded_String
sorting/SPARK4/Ada-SPARK-Cocktail-Shaker-Sort,tests.adb,Is_Permutation,tests,"every non-permutation pair in the set, incl. equal-length ones (e.g. 1 1 2 vs 1 2 2)","all array pairs, equal lengths 0..6 and unequal with total length <= 4, over 3 values (598327)",sound,,,independent definition: equal length and same count of every value
sorting/SPARK4/Ada-SPARK-Comb-Sort,tests.adb,Is_Permutation,tests,"every non-permutation pair in the set, incl. equal-length ones (e.g. 1 1 2 vs 1 2 2)","all array pairs, equal lengths 0..6 and unequal with total length <= 4, over 3 values (598327)",sound,,,independent definition: equal length and same count of every value
sorting/SPARK4/Ada-SPARK-Counting-Sort,tests.adb,Is_Permutation,tests,"every non-permutation pair in the set, incl. equal-length ones (e.g. 1 1 2 vs 1 2 2)","all array pairs, equal lengths 0..6 and unequal with total length <= 4, over 3 values (598327)",sound,,,independent definition: equal length and same count of every value
sorting/SPARK4/Ada-SPARK-Cycle-Sort,tests.adb,Is_Permutation,tests,"every non-permutation pair in the set, incl. equal-length ones (e.g. 1 1 2 vs 1 2 2)","all array pairs, equal lengths 0..6 and unequal with total length <= 4, over 3 values (598327)",sound,,,independent definition: equal length and same count of every value
sorting/SPARK4/Ada-SPARK-Flashsort,tests.adb,Is_Permutation,tests,"every non-permutation pair in the set, incl. equal-length ones (e.g. 1 1 2 vs 1 2 2)","all array pairs, equal lengths 0..6 and unequal with total length <= 4, over 3 values (598327)",sound,,,independent definition: equal length and same count of every value
sorting/SPARK4/Ada-SPARK-Gnome-Sort,tests.adb,Is_Permutation,tests,"every non-permutation pair in the set, incl. equal-length ones (e.g. 1 1 2 vs 1 2 2)","all array pairs, equal lengths 0..6 and unequal with total length <= 4, over 3 values (598327)",sound,,,independent definition: equal length and same count of every value
sorting/SPARK4/Ada-SPARK-Heapsort,tests.adb,Is_Permutation,tests,"every non-permutation pair in the set, incl. equal-length ones (e.g. 1 1 2 vs 1 2 2)","all array pairs, equal lengths 0..6 and unequal with total length <= 4, over 3 values (598327)",sound,,,independent definition: equal length and same count of every value
sorting/SPARK4/Ada-SPARK-Insertion-Sort,tests.adb,Is_Permutation,tests,"every non-permutation pair in the set, incl. equal-length ones (e.g. 1 1 2 vs 1 2 2)","all array pairs, equal lengths 0..6 and unequal with total length <= 4, over 3 values (598327)",sound,,,independent definition: equal length and same count of every value
sorting/SPARK4/Ada-SPARK-Introsort,tests.adb,Is_Permutation,tests,"every non-permutation pair in the set, incl. equal-length ones (e.g. 1 1 2 vs 1 2 2)","all array pairs, equal lengths 0..6 and unequal with total length <= 4, over 3 values (598327)",sound,,,independent definition: equal length and same count of every value
sorting/SPARK4/Ada-SPARK-Library-Sort,tests.adb,Is_Permutation,tests,"every non-permutation pair in the set, incl. equal-length ones (e.g. 1 1 2 vs 1 2 2)","all array pairs, equal lengths 0..6 and unequal with total length <= 4, over 3 values (598327)",sound,,,independent definition: equal length and same count of every value
sorting/SPARK4/Ada-SPARK-Merge-Sort,tests.adb,Is_Permutation,tests,"every non-permutation pair in the set, incl. equal-length ones (e.g. 1 1 2 vs 1 2 2)","all array pairs, equal lengths 0..6 and unequal with total length <= 4, over 3 values (598327)",sound,,,independent definition: equal length and same count of every value
sorting/SPARK4/Ada-SPARK-Odd-Even-Sort,tests.adb,Is_Permutation,tests,"every non-permutation pair in the set, incl. equal-length ones (e.g. 1 1 2 vs 1 2 2)","all array pairs, equal lengths 0..6 and unequal with total length <= 4, over 3 values (598327)",sound,,,independent definition: equal length and same count of every value
sorting/SPARK4/Ada-SPARK-Pancake-Sorting,tests.adb,Is_Permutation,tests,"every non-permutation pair in the set, incl. equal-length ones (e.g. 1 1 2 vs 1 2 2)","all array pairs, equal lengths 0..6 and unequal with total length <= 4, over 3 values (598327)",sound,,,independent definition: equal length and same count of every value
sorting/SPARK4/Ada-SPARK-Patience-Sorting,tests.adb,Is_Permutation,tests,"every non-permutation pair in the set, incl. equal-length ones (e.g. 1 1 2 vs 1 2 2)","all array pairs, equal lengths 0..6 and unequal with total length <= 4, over 3 values (598327)",sound,,,independent definition: equal length and same count of every value
sorting/SPARK4/Ada-SPARK-Pigeonhole-Sort,tests.adb,Is_Permutation,tests,"every non-permutation pair in the set, incl. equal-length ones (e.g. 1 1 2 vs 1 2 2)","all array pairs, equal lengths 0..6 and unequal with total length <= 4, over 3 values (598327)",sound,,,independent definition: equal length and same count of every value
sorting/SPARK4/Ada-SPARK-Postman-Sort,tests.adb,Is_Permutation,tests,"every non-permutation pair in the set, incl. equal-length ones (e.g. 1 1 2 vs 1 2 2)","all array pairs, equal lengths 0..6 and unequal with total length <= 4, over 3 values (598327)",sound,,,independent definition: equal length and same count of every value
sorting/SPARK4/Ada-SPARK-Quantum-Sort,tests.adb,Is_Permutation,tests,"every non-permutation pair in the set, incl. equal-length ones (e.g. 1 1 2 vs 1 2 2)","all array pairs, equal lengths 0..6 and unequal with total length <= 4, over 3 values (598327)",sound,,,independent definition: equal length and same count of every value
sorting/SPARK4/Ada-SPARK-Quicksort,tests.adb,Is_Permutation,tests,"every non-permutation pair in the set, incl. equal-length ones (e.g. 1 1 2 vs 1 2 2)","all array pairs, equal lengths 0..6 and unequal with total length <= 4, over 3 values (598327)",sound,,,independent definition: equal length and same count of every value
sorting/SPARK4/Ada-SPARK-Radix-Sort,tests.adb,Is_Permutation,tests,"every non-permutation pair in the set, incl. equal-length ones (e.g. 1 1 2 vs 1 2 2)","all array pairs, equal lengths 0..6 and unequal with total length <= 4, over 3 values (598327)",sound,,,independent definition: equal length and same count of every value
sorting/SPARK4/Ada-SPARK-Samplesort,tests.adb,Is_Permutation,tests,"every non-permutation pair in the set, incl. equal-length ones (e.g. 1 1 2 vs 1 2 2)","all array pairs, equal lengths 0..6 and unequal with total length <= 4, over 3 values (598327)",sound,,,independent definition: equal length and same count of every value
sorting/SPARK4/Ada-SPARK-Selection-Sort,tests.adb,Is_Permutation,tests,"every non-permutation pair in the set, incl. equal-length ones (e.g. 1 1 2 vs 1 2 2)","all array pairs, equal lengths 0..6 and unequal with total length <= 4, over 3 values (598327)",sound,,,independent definition: equal length and same count of every value
sorting/SPARK4/Ada-SPARK-Shell-Sort,tests.adb,Is_Permutation,tests,"every non-permutation pair in the set, incl. equal-length ones (e.g. 1 1 2 vs 1 2 2)","all array pairs, equal lengths 0..6 and unequal with total length <= 4, over 3 values (598327)",sound,,,independent definition: equal length and same count of every value
sorting/SPARK4/Ada-SPARK-Slowsort,tests.adb,Is_Permutation,tests,"every non-permutation pair in the set, incl. equal-length ones (e.g. 1 1 2 vs 1 2 2)","all array pairs, equal lengths 0..6 and unequal with total length <= 4, over 3 values (598327)",sound,,,independent definition: equal length and same count of every value
sorting/SPARK4/Ada-SPARK-Smoothsort,tests.adb,Is_Permutation,tests,"every non-permutation pair in the set, incl. equal-length ones (e.g. 1 1 2 vs 1 2 2)","all array pairs, equal lengths 0..6 and unequal with total length <= 4, over 3 values (598327)",sound,,,independent definition: equal length and same count of every value
sorting/SPARK4/Ada-SPARK-Spaghetti-Sort,tests.adb,Is_Permutation,tests,"every non-permutation pair in the set, incl. equal-length ones (e.g. 1 1 2 vs 1 2 2)","all array pairs, equal lengths 0..6 and unequal with total length <= 4, over 3 values (598327)",sound,,,independent definition: equal length and same count of every value
sorting/SPARK4/Ada-SPARK-Stooge-Sort,tests.adb,Is_Permutation,tests,"every non-permutation pair in the set, incl. equal-length ones (e.g. 1 1 2 vs 1 2 2)","all array pairs, equal lengths 0..6 and unequal with total length <= 4, over 3 values (598327)",sound,,,independent definition: equal length and same count of every value
sorting/SPARK4/Ada-SPARK-Strand-Sort,tests.adb,Is_Permutation,tests,"every non-permutation pair in the set, incl. equal-length ones (e.g. 1 1 2 vs 1 2 2)","all array pairs, equal lengths 0..6 and unequal with total length <= 4, over 3 values (598327)",sound,,,independent definition: equal length and same count of every value
sorting/SPARK4/Ada-SPARK-Timsort,tests.adb,Is_Permutation,tests,"every non-permutation pair in the set, incl. equal-length ones (e.g. 1 1 2 vs 1 2 2)","all array pairs, equal lengths 0..6 and unequal with total length <= 4, over 3 values (598327)",sound,,,independent definition: equal length and same count of every value
sorting/SPARK4/Ada-SPARK-Tree-Sort,tests.adb,Is_Permutation,tests,"every non-permutation pair in the set, incl. equal-length ones (e.g. 1 1 2 vs 1 2 2)","all array pairs, equal lengths 0..6 and unequal with total length <= 4, over 3 values (598327)",sound,,,independent definition: equal length and same count of every value
sorting/SPARK4/Bead-Sort,tests.adb,Is_Permutation,tests,"every non-permutation pair in the set, incl. equal-length ones (e.g. 1 1 2 vs 1 2 2)","all array pairs, equal lengths 0..6 and unequal with total length <= 4, over 3 values (598327)",sound,,,independent definition: equal length and same count of every value
misc/Ada/Hybrid-Algorithms,hybrid_algorithms.adb,Is_Sorted,body,every unsorted array in the set (e.g. 2 1; 1 3 2; non-local 1 2 3 1),all arrays length 0..6 over 4 values (5461),sound,,,independent definition: A(I) <= A(J) for every I < J; checker compiled from the folder source unchanged
misc/Ada/K-Way-Merge,k_way_merge.adb,Is_Sorted,body,every unsorted array in the set (e.g. 2 1; 1 3 2; non-local 1 2 3 1),all arrays length 0..6 over 4 values (5461),sound,,,independent definition: A(I) <= A(J) for every I < J; checker compiled from the folder source unchanged
misc/Ada/Truncation-Selection,tests.adb,Is_Sorted_Best_First,tests,,none (not run),not scanned,,,harness manual: signature Pop : Population; Sense : Fitness_Sense
misc/SPARK2/Ada-SPARK-Permutations-II,permutations_ii.ads,Is_Sorted,spec (contract/ghost),,none (not run),not scanned,,,harness manual: array type not found Arrangement
misc/SPARK4/Ada-SPARK-K-Way-Merge,k_way_merge.ads,Is_Sorted,spec (contract/ghost),every unsorted array in the set (e.g. 2 1; 1 3 2; non-local 1 2 3 1),all arrays length 0..6 over 4 values (5461),sound,,,independent definition: A(I) <= A(J) for every I < J; checker compiled from the folder source unchanged
searching/Ada/Eytzinger-Binary-Search,eytzinger_binary_search.adb,Is_Sorted_Ascending,body,every unsorted array in the set (e.g. 2 1; 1 3 2; non-local 1 2 3 1),all arrays length 0..6 over 4 values (5461),sound,,,independent definition: A(I) <= A(J) for every I < J; checker compiled from the folder source unchanged
searching/Ada/Uniform-Binary-Search,uniform_binary_search.adb,Is_Sorted_Ascending,body,every unsorted array in the set (e.g. 2 1; 1 3 2; non-local 1 2 3 1),all arrays length 0..6 over 4 values (5461),sound,,,independent definition: A(I) <= A(J) for every I < J; checker compiled from the folder source unchanged
searching/SPARK4/Ada-SPARK-Binary-Search,binary_search.ads,Is_Sorted,spec (contract/ghost),every unsorted array in the set (e.g. 2 1; 1 3 2; non-local 1 2 3 1),all arrays length 0..6 over 4 values (5461),sound,,,independent definition: A(I) <= A(J) for every I < J; checker compiled from the folder source unchanged
searching/SPARK4/Ada-SPARK-Fibonacci-Search,fibonacci_search.ads,Is_Sorted,spec (contract/ghost),every unsorted array in the set (e.g. 2 1; 1 3 2; non-local 1 2 3 1),all arrays length 0..6 over 4 values (5461),sound,,,independent definition: A(I) <= A(J) for every I < J; checker compiled from the folder source unchanged
searching/SPARK4/Ada-SPARK-Interpolation-Search,interpolation_search.ads,Is_Sorted,spec (contract/ghost),every unsorted array in the set (e.g. 2 1; 1 3 2; non-local 1 2 3 1),all arrays length 0..6 over 4 values (5461),sound,,,independent definition: A(I) <= A(J) for every I < J; checker compiled from the folder source unchanged
searching/SPARK4/Ada-SPARK-Jump-Search,jump_search.ads,Is_Sorted,spec (contract/ghost),every unsorted array in the set (e.g. 2 1; 1 3 2; non-local 1 2 3 1),all arrays length 0..6 over 4 values (5461),sound,,,independent definition: A(I) <= A(J) for every I < J; checker compiled from the folder source unchanged
searching/SPARK4/Ada-SPARK-Ternary-Search,ternary_search.ads,Is_Sorted,spec (contract/ghost),every unsorted array in the set (e.g. 2 1; 1 3 2; non-local 1 2 3 1),all arrays length 0..6 over 4 values (5461),sound,,,independent definition: A(I) <= A(J) for every I < J; checker compiled from the folder source unchanged
sorting/Ada/Bead-Sort,bead_sort.adb,Is_Sorted,body,every unsorted array in the set (e.g. 2 1; 1 3 2; non-local 1 2 3 1),all arrays length 0..6 over 4 values (5461),sound,,,independent definition: A(I) <= A(J) for every I < J; checker compiled from the folder source unchanged
sorting/Ada/Bitonic-Sorter,bitonic_sorter.adb,Is_Sorted,body,every unsorted array in the set (e.g. 2 1; 1 3 2; non-local 1 2 3 1),all arrays length 0..6 over 4 values (5461),sound,,,independent definition: A(I) <= A(J) for every I < J; checker compiled from the folder source unchanged
sorting/Ada/Bogosort,bogosort.adb,Is_Sorted,body,every unsorted array in the set (e.g. 2 1; 1 3 2; non-local 1 2 3 1),all arrays length 0..6 over 4 values (5461),sound,,,independent definition: A(I) <= A(J) for every I < J; checker compiled from the folder source unchanged
sorting/Ada/Bubble-Sort,bubble_sort.adb,Is_Sorted,body,every unsorted array in the set (e.g. 2 1; 1 3 2; non-local 1 2 3 1),all arrays length 0..6 over 4 values (5461),sound,,,independent definition: A(I) <= A(J) for every I < J; checker compiled from the folder source unchanged
sorting/Ada/Bucket-Sort,bucket_sort.adb,Is_Sorted,body,every unsorted array in the set (e.g. 2 1; 1 3 2; non-local 1 2 3 1),all arrays length 0..6 over 4 values (5461),sound,,,independent definition: A(I) <= A(J) for every I < J; checker compiled from the folder source unchanged
sorting/Ada/Burstsort,burstsort.adb,Is_Sorted,body,,none (not run),not scanned,,,harness manual: element Bounded_String
sorting/Ada/Cocktail-Shaker-Sort,cocktail_shaker_sort.adb,Is_Sorted,body,every unsorted array in the set (e.g. 2 1; 1 3 2; non-local 1 2 3 1),all arrays length 0..6 over 4 values (5461),sound,,,independent definition: A(I) <= A(J) for every I < J; checker compiled from the folder source unchanged
sorting/Ada/Comb-Sort,comb_sort.adb,Is_Sorted,body,every unsorted array in the set (e.g. 2 1; 1 3 2; non-local 1 2 3 1),all arrays length 0..6 over 4 values (5461),sound,,,independent definition: A(I) <= A(J) for every I < J; checker compiled from the folder source unchanged
sorting/Ada/Counting-Sort,counting_sort.adb,Is_Sorted,body,every unsorted array in the set (e.g. 2 1; 1 3 2; non-local 1 2 3 1),all arrays length 0..6 over 4 values (5461),sound,,,independent definition: A(I) <= A(J) for every I < J; checker compiled from the folder source unchanged
sorting/Ada/Cycle-Sort,cycle_sort.adb,Is_Sorted,body,every unsorted array in the set (e.g. 2 1; 1 3 2; non-local 1 2 3 1),all arrays length 0..6 over 4 values (5461),sound,,,independent definition: A(I) <= A(J) for every I < J; checker compiled from the folder source unchanged
sorting/Ada/Flashsort,flashsort.adb,Is_Sorted,body,every unsorted array in the set (e.g. 2 1; 1 3 2; non-local 1 2 3 1),all arrays length 0..6 over 4 values (5461),sound,,,independent definition: A(I) <= A(J) for every I < J; checker compiled from the folder source unchanged
sorting/Ada/Gnome-Sort,gnome_sort.adb,Is_Sorted,body,every unsorted array in the set (e.g. 2 1; 1 3 2; non-local 1 2 3 1),all arrays length 0..6 over 4 values (5461),sound,,,independent definition: A(I) <= A(J) for every I < J; checker compiled from the folder source unchanged
sorting/Ada/Heapsort,heapsort.adb,Is_Sorted,body,every unsorted array in the set (e.g. 2 1; 1 3 2; non-local 1 2 3 1),all arrays length 0..6 over 4 values (5461),sound,,,independent definition: A(I) <= A(J) for every I < J; checker compiled from the folder source unchanged
sorting/Ada/Insertion-Sort,insertion_sort.adb,Is_Sorted,body,every unsorted array in the set (e.g. 2 1; 1 3 2; non-local 1 2 3 1),all arrays length 0..6 over 4 values (5461),sound,,,independent definition: A(I) <= A(J) for every I < J; checker compiled from the folder source unchanged
sorting/Ada/Introsort,introsort.adb,Is_Sorted,body,every unsorted array in the set (e.g. 2 1; 1 3 2; non-local 1 2 3 1),all arrays length 0..6 over 4 values (5461),sound,,,independent definition: A(I) <= A(J) for every I < J; checker compiled from the folder source unchanged
sorting/Ada/Library-Sort,library_sort.adb,Is_Sorted,body,every unsorted array in the set (e.g. 2 1; 1 3 2; non-local 1 2 3 1),all arrays length 0..6 over 4 values (5461),sound,,,independent definition: A(I) <= A(J) for every I < J; checker compiled from the folder source unchanged
sorting/Ada/Merge-Sort,merge_sort.adb,Is_Sorted,body,every unsorted array in the set (e.g. 2 1; 1 3 2; non-local 1 2 3 1),all arrays length 0..6 over 4 values (5461),sound,,,independent definition: A(I) <= A(J) for every I < J; checker compiled from the folder source unchanged
sorting/Ada/Odd-Even-Sort,odd_even_sort.adb,Is_Sorted,body,every unsorted array in the set (e.g. 2 1; 1 3 2; non-local 1 2 3 1),all arrays length 0..6 over 4 values (5461),sound,,,independent definition: A(I) <= A(J) for every I < J; checker compiled from the folder source unchanged
sorting/Ada/Pancake-Sorting,pancake_sorting.adb,Is_Sorted,body,every unsorted array in the set (e.g. 2 1; 1 3 2; non-local 1 2 3 1),all arrays length 0..6 over 4 values (5461),sound,,,independent definition: A(I) <= A(J) for every I < J; checker compiled from the folder source unchanged
sorting/Ada/Patience-Sorting,patience_sorting.adb,Is_Sorted,body,every unsorted array in the set (e.g. 2 1; 1 3 2; non-local 1 2 3 1),all arrays length 0..6 over 4 values (5461),sound,,,independent definition: A(I) <= A(J) for every I < J; checker compiled from the folder source unchanged
sorting/Ada/Pigeonhole-Sort,pigeonhole_sort.adb,Is_Sorted,body,every unsorted array in the set (e.g. 2 1; 1 3 2; non-local 1 2 3 1),all arrays length 0..6 over 4 values (5461),sound,,,independent definition: A(I) <= A(J) for every I < J; checker compiled from the folder source unchanged
sorting/Ada/Postman-Sort,postman_sort.adb,Is_Sorted,body,every unsorted array in the set (e.g. 2 1; 1 3 2; non-local 1 2 3 1),all arrays length 0..6 over 4 values (5461),sound,,,independent definition: A(I) <= A(J) for every I < J; checker compiled from the folder source unchanged
sorting/Ada/Quantum-Sort,quantum_sort.adb,Is_Sorted,body,every unsorted array in the set (e.g. 2 1; 1 3 2; non-local 1 2 3 1),all arrays length 0..6 over 4 values (5461),sound,,,independent definition: A(I) <= A(J) for every I < J; checker compiled from the folder source unchanged
sorting/Ada/Quicksort,quicksort.adb,Is_Sorted,body,every unsorted array in the set (e.g. 2 1; 1 3 2; non-local 1 2 3 1),all arrays length 0..6 over 4 values (5461),sound,,,independent definition: A(I) <= A(J) for every I < J; checker compiled from the folder source unchanged
sorting/Ada/Radix-Sort,radix_sort.adb,Is_Sorted,body,every unsorted array in the set (e.g. 2 1; 1 3 2; non-local 1 2 3 1),all arrays length 0..6 over 4 values (5461),sound,,,independent definition: A(I) <= A(J) for every I < J; checker compiled from the folder source unchanged
sorting/Ada/Samplesort,tests.adb,Is_Sorted,tests,every unsorted array in the set (e.g. 2 1; 1 3 2; non-local 1 2 3 1),all arrays length 0..6 over 4 values (5461),sound,,,independent definition: A(I) <= A(J) for every I < J; checker compiled from the folder source unchanged
sorting/Ada/Selection-Sort,selection_sort.adb,Is_Sorted,body,every unsorted array in the set (e.g. 2 1; 1 3 2; non-local 1 2 3 1),all arrays length 0..6 over 4 values (5461),sound,,,independent definition: A(I) <= A(J) for every I < J; checker compiled from the folder source unchanged
sorting/Ada/Selection-Sort,selection_sort.adb,Is_Sorted_Descending,body,every unsorted array in the set (e.g. 2 1; 1 3 2; non-local 1 2 3 1),all arrays length 0..6 over 4 values (5461),sound,,,independent definition: A(I) <= A(J) for every I < J (>= for _Descending); checker compiled from the folder source unchanged
sorting/Ada/Shell-Sort,shell_sort.adb,Is_Sorted,body,every unsorted array in the set (e.g. 2 1; 1 3 2; non-local 1 2 3 1),all arrays length 0..6 over 4 values (5461),sound,,,independent definition: A(I) <= A(J) for every I < J; checker compiled from the folder source unchanged
sorting/Ada/Slowsort,slowsort.adb,Is_Sorted,body,every unsorted array in the set (e.g. 2 1; 1 3 2; non-local 1 2 3 1),all arrays length 0..6 over 4 values (5461),sound,,,independent definition: A(I) <= A(J) for every I < J; checker compiled from the folder source unchanged
sorting/Ada/Smoothsort,smoothsort.adb,Is_Sorted,body,every unsorted array in the set (e.g. 2 1; 1 3 2; non-local 1 2 3 1),all arrays length 0..6 over 4 values (5461),sound,,,independent definition: A(I) <= A(J) for every I < J; checker compiled from the folder source unchanged
sorting/Ada/Sort-Merge-Join,sort_merge_join.adb,Is_Sorted,body,,none (not run),not scanned,,,"harness compile_fail: aa_main.adb:32:28: error: invalid conversion, not compatible with type ""Standard.Integer"""
sorting/Ada/Spaghetti-Sort,spaghetti_sort.adb,Is_Sorted,body,every unsorted array in the set (e.g. 2 1; 1 3 2; non-local 1 2 3 1),all arrays length 0..6 over 4 values (5461),sound,,,independent definition: A(I) <= A(J) for every I < J; checker compiled from the folder source unchanged
sorting/Ada/Stooge-Sort,stooge_sort.adb,Is_Sorted,body,every unsorted array in the set (e.g. 2 1; 1 3 2; non-local 1 2 3 1),all arrays length 0..6 over 4 values (5461),sound,,,independent definition: A(I) <= A(J) for every I < J; checker compiled from the folder source unchanged
sorting/Ada/Strand-Sort,strand_sort.adb,Is_Sorted,body,every unsorted array in the set (e.g. 2 1; 1 3 2; non-local 1 2 3 1),all arrays length 0..6 over 4 values (5461),sound,,,independent definition: A(I) <= A(J) for every I < J; checker compiled from the folder source unchanged
sorting/Ada/Timsort,timsort.adb,Is_Sorted,body,every unsorted array in the set (e.g. 2 1; 1 3 2; non-local 1 2 3 1),all arrays length 0..6 over 4 values (5461),sound,,,independent definition: A(I) <= A(J) for every I < J; checker compiled from the folder source unchanged
sorting/Ada/Tree-Sort,tree_sort.adb,Is_Sorted,body,every unsorted array in the set (e.g. 2 1; 1 3 2; non-local 1 2 3 1),all arrays length 0..6 over 4 values (5461),sound,,,independent definition: A(I) <= A(J) for every I < J; checker compiled from the folder source unchanged
sorting/SPARK2/Ada-SPARK-Tim-Sort-Stub,tests.adb,Is_Sorted,tests,every unsorted array in the set (e.g. 2 1; 1 3 2; non-local 1 2 3 1),all arrays length 0..6 over 4 values (5461),sound,,,independent definition: A(I) <= A(J) for every I < J; checker compiled from the folder source unchanged
sorting/SPARK2/Binary-Insertion-Sort,binary_insertion_sort.ads,Is_Sorted,spec (contract/ghost),,none (not run),not scanned,,,harness manual: array type not found Input_Array
sorting/SPARK4/Ada-SPARK-Bitonic-Sorter,bitonic_sorter.ads,Is_Sorted,spec (contract/ghost),every unsorted array in the set (e.g. 2 1; 1 3 2; non-local 1 2 3 1),all arrays length 0..6 over 4 values (5461),sound,,,independent definition: A(I) <= A(J) for every I < J; checker compiled from the folder source unchanged
sorting/SPARK4/Ada-SPARK-Bogosort,bogosort.ads,Is_Sorted,spec (contract/ghost),every unsorted array in the set (e.g. 2 1; 1 3 2; non-local 1 2 3 1),all arrays length 0..6 over 4 values (5461),sound,,,independent definition: A(I) <= A(J) for every I < J; checker compiled from the folder source unchanged
sorting/SPARK4/Ada-SPARK-Bubble-Sort,bubble_sort.ads,Is_Sorted,spec (contract/ghost),every unsorted array in the set (e.g. 2 1; 1 3 2; non-local 1 2 3 1),all arrays length 0..6 over 4 values (5461),sound,,,independent definition: A(I) <= A(J) for every I < J; checker compiled from the folder source unchanged
sorting/SPARK4/Ada-SPARK-Bucket-Sort,bucket_sort.ads,Is_Sorted,spec (contract/ghost),every unsorted array in the set (e.g. 2 1; 1 3 2; non-local 1 2 3 1),all arrays length 0..6 over 4 values (5461),sound,,,independent definition: A(I) <= A(J) for every I < J; checker compiled from the folder source unchanged
sorting/SPARK4/Ada-SPARK-Burstsort,burstsort.ads,Is_Sorted,spec (contract/ghost),,none (not run),not scanned,,,harness manual: element Bounded_String
sorting/SPARK4/Ada-SPARK-Cocktail-Shaker-Sort,cocktail_shaker_sort.ads,Is_Sorted,spec (contract/ghost),every unsorted array in the set (e.g. 2 1; 1 3 2; non-local 1 2 3 1),all arrays length 0..6 over 4 values (5461),sound,,,independent definition: A(I) <= A(J) for every I < J; checker compiled from the folder source unchanged
sorting/SPARK4/Ada-SPARK-Comb-Sort,comb_sort.ads,Is_Sorted,spec (contract/ghost),every unsorted array in the set (e.g. 2 1; 1 3 2; non-local 1 2 3 1),all arrays length 0..6 over 4 values (5461),sound,,,independent definition: A(I) <= A(J) for every I < J; checker compiled from the folder source unchanged
sorting/SPARK4/Ada-SPARK-Counting-Sort,counting_sort.ads,Is_Sorted,spec (contract/ghost),every unsorted array in the set (e.g. 2 1; 1 3 2; non-local 1 2 3 1),all arrays length 0..6 over 4 values (5461),sound,,,independent definition: A(I) <= A(J) for every I < J; checker compiled from the folder source unchanged
sorting/SPARK4/Ada-SPARK-Cycle-Sort,cycle_sort.ads,Is_Sorted,spec (contract/ghost),every unsorted array in the set (e.g. 2 1; 1 3 2; non-local 1 2 3 1),all arrays length 0..6 over 4 values (5461),sound,,,independent definition: A(I) <= A(J) for every I < J; checker compiled from the folder source unchanged
sorting/SPARK4/Ada-SPARK-Flashsort,flashsort.ads,Is_Sorted,spec (contract/ghost),every unsorted array in the set (e.g. 2 1; 1 3 2; non-local 1 2 3 1),all arrays length 0..6 over 4 values (5461),sound,,,independent definition: A(I) <= A(J) for every I < J; checker compiled from the folder source unchanged
sorting/SPARK4/Ada-SPARK-Gnome-Sort,gnome_sort.ads,Is_Sorted,spec (contract/ghost),every unsorted array in the set (e.g. 2 1; 1 3 2; non-local 1 2 3 1),all arrays length 0..6 over 4 values (5461),sound,,,independent definition: A(I) <= A(J) for every I < J; checker compiled from the folder source unchanged
sorting/SPARK4/Ada-SPARK-Heapsort,heapsort.ads,Is_Sorted,spec (contract/ghost),every unsorted array in the set (e.g. 2 1; 1 3 2; non-local 1 2 3 1),all arrays length 0..6 over 4 values (5461),sound,,,independent definition: A(I) <= A(J) for every I < J; checker compiled from the folder source unchanged
sorting/SPARK4/Ada-SPARK-Insertion-Sort,insertion_sort.ads,Is_Sorted,spec (contract/ghost),every unsorted array in the set (e.g. 2 1; 1 3 2; non-local 1 2 3 1),all arrays length 0..6 over 4 values (5461),sound,,,independent definition: A(I) <= A(J) for every I < J; checker compiled from the folder source unchanged
sorting/SPARK4/Ada-SPARK-Introsort,introsort.ads,Is_Sorted,spec (contract/ghost),every unsorted array in the set (e.g. 2 1; 1 3 2; non-local 1 2 3 1),all arrays length 0..6 over 4 values (5461),sound,,,independent definition: A(I) <= A(J) for every I < J; checker compiled from the folder source unchanged
sorting/SPARK4/Ada-SPARK-Library-Sort,library_sort.ads,Is_Sorted,spec (contract/ghost),every unsorted array in the set (e.g. 2 1; 1 3 2; non-local 1 2 3 1),all arrays length 0..6 over 4 values (5461),sound,,,independent definition: A(I) <= A(J) for every I < J; checker compiled from the folder source unchanged
sorting/SPARK4/Ada-SPARK-Merge-Sort,merge_sort.ads,Is_Sorted,spec (contract/ghost),every unsorted array in the set (e.g. 2 1; 1 3 2; non-local 1 2 3 1),all arrays length 0..6 over 4 values (5461),sound,,,independent definition: A(I) <= A(J) for every I < J; checker compiled from the folder source unchanged
sorting/SPARK4/Ada-SPARK-Odd-Even-Sort,odd_even_sort.ads,Is_Sorted,spec (contract/ghost),every unsorted array in the set (e.g. 2 1; 1 3 2; non-local 1 2 3 1),all arrays length 0..6 over 4 values (5461),sound,,,independent definition: A(I) <= A(J) for every I < J; checker compiled from the folder source unchanged
sorting/SPARK4/Ada-SPARK-Pancake-Sorting,pancake_sorting.ads,Is_Sorted,spec (contract/ghost),every unsorted array in the set (e.g. 2 1; 1 3 2; non-local 1 2 3 1),all arrays length 0..6 over 4 values (5461),sound,,,independent definition: A(I) <= A(J) for every I < J; checker compiled from the folder source unchanged
sorting/SPARK4/Ada-SPARK-Patience-Sorting,patience_sorting.ads,Is_Sorted,spec (contract/ghost),every unsorted array in the set (e.g. 2 1; 1 3 2; non-local 1 2 3 1),all arrays length 0..6 over 4 values (5461),sound,,,independent definition: A(I) <= A(J) for every I < J; checker compiled from the folder source unchanged
sorting/SPARK4/Ada-SPARK-Pigeonhole-Sort,pigeonhole_sort.ads,Is_Sorted,spec (contract/ghost),every unsorted array in the set (e.g. 2 1; 1 3 2; non-local 1 2 3 1),all arrays length 0..6 over 4 values (5461),sound,,,independent definition: A(I) <= A(J) for every I < J; checker compiled from the folder source unchanged
sorting/SPARK4/Ada-SPARK-Postman-Sort,postman_sort.ads,Is_Sorted,spec (contract/ghost),every unsorted array in the set (e.g. 2 1; 1 3 2; non-local 1 2 3 1),all arrays length 0..6 over 4 values (5461),sound,,,independent definition: A(I) <= A(J) for every I < J; checker compiled from the folder source unchanged
sorting/SPARK4/Ada-SPARK-Quantum-Sort,quantum_sort.ads,Is_Sorted,spec (contract/ghost),every unsorted array in the set (e.g. 2 1; 1 3 2; non-local 1 2 3 1),all arrays length 0..6 over 4 values (5461),sound,,,independent definition: A(I) <= A(J) for every I < J; checker compiled from the folder source unchanged
sorting/SPARK4/Ada-SPARK-Quicksort,quicksort.ads,Is_Sorted,spec (contract/ghost),every unsorted array in the set (e.g. 2 1; 1 3 2; non-local 1 2 3 1),all arrays length 0..6 over 4 values (5461),sound,,,independent definition: A(I) <= A(J) for every I < J; checker compiled from the folder source unchanged
sorting/SPARK4/Ada-SPARK-Radix-Sort,radix_sort.ads,Is_Sorted,spec (contract/ghost),every unsorted array in the set (e.g. 2 1; 1 3 2; non-local 1 2 3 1),all arrays length 0..6 over 4 values (5461),sound,,,independent definition: A(I) <= A(J) for every I < J; checker compiled from the folder source unchanged
sorting/SPARK4/Ada-SPARK-Samplesort,samplesort.ads,Is_Sorted,spec (contract/ghost),every unsorted array in the set (e.g. 2 1; 1 3 2; non-local 1 2 3 1),all arrays length 0..6 over 4 values (5461),sound,,,independent definition: A(I) <= A(J) for every I < J; checker compiled from the folder source unchanged
sorting/SPARK4/Ada-SPARK-Selection-Sort,selection_sort.ads,Is_Sorted,spec (contract/ghost),every unsorted array in the set (e.g. 2 1; 1 3 2; non-local 1 2 3 1),all arrays length 0..6 over 4 values (5461),sound,,,independent definition: A(I) <= A(J) for every I < J; checker compiled from the folder source unchanged
sorting/SPARK4/Ada-SPARK-Selection-Sort,selection_sort.ads,Is_Sorted_Descending,spec (contract/ghost),every unsorted array in the set (e.g. 2 1; 1 3 2; non-local 1 2 3 1),all arrays length 0..6 over 4 values (5461),sound,,,independent definition: A(I) <= A(J) for every I < J (>= for _Descending); checker compiled from the folder source unchanged
sorting/SPARK4/Ada-SPARK-Shell-Sort,shell_sort.ads,Is_Sorted,spec (contract/ghost),every unsorted array in the set (e.g. 2 1; 1 3 2; non-local 1 2 3 1),all arrays length 0..6 over 4 values (5461),sound,,,independent definition: A(I) <= A(J) for every I < J; checker compiled from the folder source unchanged
sorting/SPARK4/Ada-SPARK-Slowsort,slowsort.ads,Is_Sorted,spec (contract/ghost),every unsorted array in the set (e.g. 2 1; 1 3 2; non-local 1 2 3 1),all arrays length 0..6 over 4 values (5461),sound,,,independent definition: A(I) <= A(J) for every I < J; checker compiled from the folder source unchanged
sorting/SPARK4/Ada-SPARK-Smoothsort,smoothsort.ads,Is_Sorted,spec (contract/ghost),every unsorted array in the set (e.g. 2 1; 1 3 2; non-local 1 2 3 1),all arrays length 0..6 over 4 values (5461),sound,,,independent definition: A(I) <= A(J) for every I < J; checker compiled from the folder source unchanged
sorting/SPARK4/Ada-SPARK-Sort-Merge-Join,sort_merge_join.ads,Is_Sorted_By_Key,spec (contract/ghost),,none (not run),not scanned,,,"harness compile_fail: aa_main.adb:20:28: error: invalid conversion, not compatible with type ""Standard.Integer"""
sorting/SPARK4/Ada-SPARK-Sorted-List,sorted_list.ads,Is_Sorted_Rep,spec (contract/ghost),,none (not run),not scanned,,,harness manual: signature Data : Store; Len : Index
sorting/SPARK4/Ada-SPARK-Sorted-List,sorted_list.ads,Is_Sorted,spec (contract/ghost),,none (not run),not scanned,,,harness manual: array type not found List
sorting/SPARK4/Ada-SPARK-Spaghetti-Sort,spaghetti_sort.ads,Is_Sorted,spec (contract/ghost),every unsorted array in the set (e.g. 2 1; 1 3 2; non-local 1 2 3 1),all arrays length 0..6 over 4 values (5461),sound,,,independent definition: A(I) <= A(J) for every I < J; checker compiled from the folder source unchanged
sorting/SPARK4/Ada-SPARK-Stooge-Sort,stooge_sort.ads,Is_Sorted,spec (contract/ghost),every unsorted array in the set (e.g. 2 1; 1 3 2; non-local 1 2 3 1),all arrays length 0..6 over 4 values (5461),sound,,,independent definition: A(I) <= A(J) for every I < J; checker compiled from the folder source unchanged
sorting/SPARK4/Ada-SPARK-Strand-Sort,strand_sort.ads,Is_Sorted,spec (contract/ghost),every unsorted array in the set (e.g. 2 1; 1 3 2; non-local 1 2 3 1),all arrays length 0..6 over 4 values (5461),sound,,,independent definition: A(I) <= A(J) for every I < J; checker compiled from the folder source unchanged
sorting/SPARK4/Ada-SPARK-Timsort,timsort.ads,Is_Sorted,spec (contract/ghost),every unsorted array in the set (e.g. 2 1; 1 3 2; non-local 1 2 3 1),all arrays length 0..6 over 4 values (5461),sound,,,independent definition: A(I) <= A(J) for every I < J; checker compiled from the folder source unchanged
sorting/SPARK4/Ada-SPARK-Tree-Sort,tree_sort.ads,Is_Sorted,spec (contract/ghost),every unsorted array in the set (e.g. 2 1; 1 3 2; non-local 1 2 3 1),all arrays length 0..6 over 4 values (5461),sound,,,independent definition: A(I) <= A(J) for every I < J; checker compiled from the folder source unchanged
sorting/SPARK4/Bead-Sort,bead_sort.ads,Is_Sorted,spec (contract/ghost),every unsorted array in the set (e.g. 2 1; 1 3 2; non-local 1 2 3 1),all arrays length 0..6 over 4 values (5461),sound,,,independent definition: A(I) <= A(J) for every I < J; checker compiled from the folder source unchanged
src/sorting,heapsort.adb,Is_Sorted,body,every unsorted array in the set (e.g. 2 1; 1 3 2; non-local 1 2 3 1),all arrays length 0..6 over 4 values (5461),sound,,,independent definition: A(I) <= A(J) for every I < J; checker compiled from the folder source unchanged
src/sorting,quicksort.adb,Is_Sorted,body,every unsorted array in the set (e.g. 2 1; 1 3 2; non-local 1 2 3 1),all arrays length 0..6 over 4 values (5461),sound,,,independent definition: A(I) <= A(J) for every I < J; checker compiled from the folder source unchanged
sorting/SPARK4/Ada-SPARK-Heapsort,tests.adb,Is_Max_Heap,tests,"2 (2..4) = [1, 3, 2]-style: child of root at First-relative position larger than root; Five (5..9)","all arrays length 0..6 over 1..3 with A'First 1, 2, 5 and every Heap_Last (21324)",LENIENT (fixed),,"yes: vv/results/mutation_tr.csv 13/19 measured with the lenient checker; rescore, not blind","children were 2*I and 2*I+1 (1-based), so for A'First /= 1 deep violations were never compared; failing test e3ebc2c6, fix 2e5bf7d2; not in a contract (tests only)"
sorting/Ada/Heapsort,tests.adb,Is_Max_Heap,tests,heap violations at every depth,"all arrays length 0..6 over 1..3, A'First 1, 2, 5, every Heap_Last (21324)",sound,,,"independent definition: A(Parent(K)) >= A(K) for every K, Parent First-relative"
tests/sorting,test_heapsort.adb,Is_Max_Heap,tests,heap violations at every depth,"all arrays length 0..6 over 1..3, A'First 1, 2, 5, every Heap_Last (21324)",sound,,,independent definition as above
trees/SPARK2/Ada-SPARK-Validate-Binary-Search-Tree,validate_binary_search_tree.adb,Is_Valid_BST,body (function under test),1 2 5 4 6 7 8-style non-local violations; shared children; cycles,"every tree shape up to 7 nodes x every value assignment over a small range (625 shapes, 7616356 trees)",sound,,,independent definition: in-order traversal strictly increasing (and links form a tree); after 44d5a9c0
trees/SPARK2/Ada-SPARK-Sorted-Array-To-BST,sorted_array_to_bst.adb,Is_BST,body + tests,non-local violations (1 2 2 3 4; 1 3 2 3 4),every heap-position tree up to 7 nodes over small values (21845),"LENIENT before dd489bdd (9 disagreements), sound after",,"no: held 83/84 ran at d0272b2c, after the fix",fixed by failing test 97916981 + fix dd489bdd (earlier this sweep)
trees/SPARK2/Ada-SPARK-Subtree-Of-Another-Tree,subtree_of_another_tree.adb,Is_Subtree,body (function under test),matching node not reachable from Root,hand cases (no exhaustive harness),LENIENT (fixed),,"yes: vv/results/mutation_tr.csv 13/19 measured before the fix; rescore, not blind","candidate subtrees were not required to be under Root; failing test 4a618ff3, fix 272e764e (fixed-round reachability); not in a Post"
trees/SPARK2/Ada-SPARK-Balanced-Binary-Tree,balanced_binary_tree.ads,Spec_Balanced / Is_Balanced,spec (Post) + body,"shared children, e.g. links 2/2 (both children the same node)",every left/right link assignment on 1..4 nodes (394806),FIXED (9e5b0925),yes,"done, not blind: held 23/30 (main_heldout_alt_halves.csv, seed 20261010) and mutation_tr 12/14","3534 disagreements, all from shared children / non-tree links (the height recursion accepts them); folder claimed by main-heldout-alt, so reported not fixed; functional claim withdrawn; fixed 9e5b0925 (test 1d879b8c): Set_Node Pre => Can_Link and Type_Invariant No_Shared_Child, so shared children cannot be built; all 394806 assignments re-checked in tests.adb (3646 buildable, all agree); functional claim restored (15 functional checks)"
(repo),various,"Is_Valid_* output judges (tour, matching, order, ...)",tests/contracts,,none,pending,,,not scanned yet
misc/Ada/Warnsdorffs-Rule,warnsdorff.adb,Is_Valid_Tour,tests (judges Solve_Tour boards),a step number repeated (V replaced by W): the missing step's Positions slot is never set and keeps the previous call's coordinates,"2 x 2 boards over 0 .. 5 (1296) + every V/W replacement on a 5 x 5 tour (600), judged after the real tour; own definition: steps 1 .. N*N each once, consecutive steps a knight move apart",FIXED (e9a0c188),"n/a (Ada, no proof)",,"145 of 2496 probe cases accepted (314 of 600 in TEST 8); test 0bdf5ef5, fix e9a0c188; GNATLS 14.2.0 / 12.2.0 0 warnings"
numerical/Ada/Metropolis-Light-Transport,metropolis_light_transport.adb,Is_Valid_Path,tests (judges generated / mutated paths),"a Camera or Light vertex between the endpoints (e.g. Camera, Camera, Light)","every kind sequence of length 2 .. 4 (775); own definition: camera first, light last, surface vertices between (Veach and Guibas 1997)",FIXED (108759ce),"n/a (Ada, no proof)",,"checked only the two endpoints; test 689c0bab, fix 108759ce; GNATLS 14.2.0 / 12.2.0 0 warnings"
misc/Ada/Memetic-Algorithm,memetic_algorithm.adb,Is_Valid_Tour,tests (judges Random_Tour / 2-opt / OX / mutation results),,"every array of length 0 .. 6 over cities 1 .. 6 at origins 1 .. 3 (167961); own definition: each of 1 .. T'Length exactly once (spec comment), length >= 2 (City_Count)",sound,,,0 disagreements
misc/Ada/Temporal-Difference-Learning,temporal_difference_learning.adb,Is_Valid_Policy,tests,,none (not run),sound by reading,,,"nonempty and sums to 1 within 1e-4 (spec comment); entries are Probability (0 .. 1), so nonnegativity is carried by the type"
misc/Ada/Luleas-Algorithm,lulea_algorithm.adb,Is_Valid_Prefix,tests,,none (not run),sound by reading,,,"Length <= 32 is the whole definition here: Prefix_Length allows 0 .. 64 only so the test can ask for 33, and the table masks host bits (Mask_Of) when a prefix is inserted"
misc/Ada/Bayesian-Nash-Equilibrium,bayesian_nash_equilibrium.adb,Is_Valid_Strategy_Profile / Is_Mixed_Action,tests,,none (not run),sound by reading,,,"every type of each player has a mixed action: nonempty, 1-based, entries >= -Tol, sum within Tol of 1 (spec comment)"
misc/Ada/Addition-Chain-Exponentiation,addition_chain_exponentiation.adb,Is_Valid_Chain,tests / Chain_Mul_Count,,none (not run),sound by reading,,,"starts at 1, strictly increasing, every element the sum of two earlier (possibly equal) elements: the ascending addition chain definition (Knuth TAOCP 4.6.3); Last bounded by Max_Chain_Last"
sorting/Ada/Topological-Sort,topological_sort.adb,Is_Valid_Sort,tests,312 misjudged + 9472 raised,16384 (128 graphs x 64 arrays x 2 origins),lenient (repeats accepted) and raises on out-of-range node: FIXED a7cf8561 (test fb683d7e),,,returns False for a node outside 1 .. Num_Nodes or a repeated node; places taken relative to Result'First
sorting/SPARK4/Ada-SPARK-Topological-Sort,topological_sorting.adb,Is_Valid_Sort,tests,,none (not run),sound by reading,,,"range + injective + surjective over 1 .. Num_Nodes, every live edge strictly forward; any Result'First"
sorting/SPARK2/Ada-SPARK-Topological-Sort-Lite,topological_sort_lite.adb,Is_Valid_Order,tests (the package is only this judge),"e.g. no edges, Order (1 .. 3) = (1, 1, 1) accepted",none (not run),"lenient by reading: no permutation check (repeats and values > N accepted); NOT FIXED, stub folder (hidden_stub.csv) left for sweep B",,,
misc/Ada/Cuthill-McKee,cuthill_mckee.adb,Is_Valid_Order,tests,,none (not run),sound by reading,,,"length N, entries in 1 .. N, no repeats, all seen: a permutation of 1 .. N"
misc/Ada/Minimum-Degree,minimum_degree.adb,Is_Valid_Order,tests,,none (not run),sound by reading,,,same permutation check as Cuthill-McKee
misc/Ada/Gray-Code,gray_code.adb,Is_Valid_Gray_Sequence,tests,,none (not run),sound by reading,,,"adjacent words differ in exactly one bit (Diff /= 0 and Diff and (Diff-1) = 0), as the spec comment defines; distinctness not part of the stated definition"
misc/Ada/Schensted,schensted.adb,Is_Valid_Tableau,tests,,none (not run),sound by reading,,,"partition shape, strictly increasing rows and columns: standard tableau; words are permutations (spec), so strict rows are right"
misc/Ada/Ant-Colony-Optimization,ant_colony_optimization.adb,Is_Valid_Tour,tests,,none (not run),sound by reading,,,"2 .. Max_Cities cities, a permutation of 1 .. N"
misc/Ada/Travelling-Salesman-Problem,travelling_salesman_problem.adb,Is_Valid_Tour,tests,,none (not run),sound by reading,,,Cities (1 .. N) a permutation of 1 .. N
