folder,file,subprogram,check,trivial_body,prove_result,pre_reject_rate,verdict,withdraw_functional,reason,owner,status,fix_commit,notes
sorting/SPARK4/Ada-SPARK-Bitonic-Sorter,bitonic_sorter.ads,Sort,sorted_post_no_permutation,zeros,PROVES (6 checks); gnatprove --mode=silver --level=2 --steps=1000000 --timeout=0 -j2 --limit-subp=bitonic_sorter.ads:86,,too weak,yes,Post lacks permutation,agent-B,open,,
sorting/SPARK4/Ada-SPARK-Bogosort,bogosort.ads,Sort,sorted_post_no_permutation,zeros,PROVES (6 checks); gnatprove --mode=silver --level=2 --steps=1000000 --timeout=0 -j2 --limit-subp=bogosort.ads:83,,too weak,yes,Post lacks permutation,,open,,
sorting/SPARK4/Ada-SPARK-Bubble-Sort,bubble_sort.ads,Sort,sorted_post_no_permutation,zeros,PROVES (6 checks); gnatprove --mode=silver --level=2 --steps=1000000 --timeout=0 -j2 --limit-subp=bubble_sort.ads:79,,too weak,no,Post lacks permutation,,fixed,83a436f0,"Post now Is_Sorted and Is_Perm (A, A'Old), proved 291 checks (gnatprove 16.1.0 L4 and silver, proof warnings on: none), agent A3"
sorting/SPARK4/Ada-SPARK-Bucket-Sort,bucket_sort.ads,Sort,sorted_post_no_permutation,zeros,PROVES (6 checks); gnatprove --mode=silver --level=2 --steps=1000000 --timeout=0 -j2 --limit-subp=bucket_sort.ads:106,,too weak,yes,Post lacks permutation,agent-B,open,,
sorting/SPARK4/Ada-SPARK-Burstsort,burstsort.ads,Sort,sorted_post_no_permutation,all_first,PROVES (7 checks); gnatprove --mode=silver --level=2 --steps=1000000 --timeout=0 -j2 --limit-subp=burstsort.ads:139,,too weak,yes,Post lacks permutation,agent-B,open,,
sorting/SPARK4/Ada-SPARK-Cocktail-Shaker-Sort,cocktail_shaker_sort.ads,Sort,sorted_post_no_permutation,zeros,PROVES (6 checks); gnatprove --mode=silver --level=2 --steps=1000000 --timeout=0 -j2 --limit-subp=cocktail_shaker_sort.ads:88,,too weak,yes,Post lacks permutation,main-heldout-alt,open,,
sorting/SPARK4/Ada-SPARK-Comb-Sort,comb_sort.ads,Sort,sorted_post_no_permutation,zeros,PROVES (6 checks); gnatprove --mode=silver --level=2 --steps=1000000 --timeout=0 -j2 --limit-subp=comb_sort.ads:84,,too weak,yes,Post lacks permutation,flagship,open,,
sorting/SPARK4/Ada-SPARK-Counting-Sort,counting_sort.ads,Sort,sorted_post_no_permutation,zeros,PROVES (6 checks); gnatprove --mode=silver --level=2 --steps=1000000 --timeout=0 -j2 --limit-subp=counting_sort.ads:83,,too weak,yes,Post lacks permutation,,open,,
sorting/SPARK4/Ada-SPARK-Cycle-Sort,cycle_sort.ads,Sort,sorted_post_no_permutation,zeros,PROVES (6 checks); gnatprove --mode=silver --level=2 --steps=1000000 --timeout=0 -j2 --limit-subp=cycle_sort.ads:85,,too weak,yes,Post lacks permutation,flagship,open,,
sorting/SPARK4/Ada-SPARK-Flashsort,flashsort.ads,Sort,sorted_post_no_permutation,zeros,PROVES (6 checks); gnatprove --mode=silver --level=2 --steps=1000000 --timeout=0 -j2 --limit-subp=flashsort.ads:83,,too weak,yes,Post lacks permutation,agent-B,open,,
sorting/SPARK4/Ada-SPARK-Gnome-Sort,gnome_sort.ads,Sort,sorted_post_no_permutation,zeros,PROVES (6 checks); gnatprove --mode=silver --level=2 --steps=1000000 --timeout=0 -j2 --limit-subp=gnome_sort.ads:80,,too weak,no,Post lacks permutation,,fixed,d5fd72d3,"permutation Post proved (d5fd72d3, 204 checks, max 1149 steps); functional_checks restored"
sorting/SPARK4/Ada-SPARK-Heapsort,heapsort.ads,Sort,sorted_post_no_permutation,zeros,PROVES (6 checks); gnatprove --mode=silver --level=2 --steps=1000000 --timeout=0 -j2 --limit-subp=heapsort.ads:75,,too weak,no,Post lacks permutation,,fixed,f8726b8c,"Post now Is_Sorted and Is_Perm (A, A'Old), proved 529 checks (gnatprove 16.1.0 L4 and silver), agent A3"
sorting/SPARK4/Ada-SPARK-Insertion-Sort,insertion_sort.ads,Sort,sorted_post_no_permutation,zeros,PROVES (6 checks); gnatprove --mode=silver --level=2 --steps=1000000 --timeout=0 -j2 --limit-subp=insertion_sort.ads:80,,too weak,yes,Post lacks permutation,,open,,
sorting/SPARK4/Ada-SPARK-Introsort,introsort.ads,Sort,sorted_post_no_permutation,zeros,PROVES (6 checks); gnatprove --mode=silver --level=2 --steps=1000000 --timeout=0 -j2 --limit-subp=introsort.ads:96,,too weak,yes,Post lacks permutation,,open,,
sorting/SPARK4/Ada-SPARK-Library-Sort,library_sort.ads,Sort,sorted_post_no_permutation,zeros,PROVES (6 checks); gnatprove --mode=silver --level=2 --steps=1000000 --timeout=0 -j2 --limit-subp=library_sort.ads:88,,too weak,yes,Post lacks permutation,agent-B,open,,
sorting/SPARK4/Ada-SPARK-Merge-Sort,merge_sort.ads,Sort,sorted_post_no_permutation,zeros,PROVES (6 checks); gnatprove --mode=silver --level=2 --steps=1000000 --timeout=0 -j2 --limit-subp=merge_sort.ads:86,,too weak,yes,Post lacks permutation,main-heldout-alt,open,,
sorting/SPARK4/Ada-SPARK-Odd-Even-Sort,odd_even_sort.ads,Sort,sorted_post_no_permutation,zeros,PROVES (6 checks); gnatprove --mode=silver --level=2 --steps=1000000 --timeout=0 -j2 --limit-subp=odd_even_sort.ads:92,,too weak,yes,Post lacks permutation,flagship,open,,
sorting/SPARK4/Ada-SPARK-Pancake-Sorting,pancake_sorting.ads,Sort,sorted_post_no_permutation,zeros,PROVES (6 checks); gnatprove --mode=silver --level=2 --steps=1000000 --timeout=0 -j2 --limit-subp=pancake_sorting.ads:132,,too weak,no,Post lacks permutation,,fixed,7a9f84c2,"Post now Is_Sorted and Is_Perm (A, A'Old), proved 577 checks (gnatprove 16.1.0 L4 and silver), agent A3"
sorting/SPARK4/Ada-SPARK-Patience-Sorting,patience_sorting.ads,Sort,sorted_post_no_permutation,zeros,PROVES (6 checks); gnatprove --mode=silver --level=2 --steps=1000000 --timeout=0 -j2 --limit-subp=patience_sorting.ads:82,,too weak,yes,Post lacks permutation,agent-B,open,,
sorting/SPARK4/Ada-SPARK-Pigeonhole-Sort,pigeonhole_sort.ads,Sort,sorted_post_no_permutation,zeros,PROVES (7 checks); gnatprove --mode=silver --level=2 --steps=1000000 --timeout=0 -j2 --limit-subp=pigeonhole_sort.ads:105,,too weak,yes,Post lacks permutation,flagship,open,,
sorting/SPARK4/Ada-SPARK-Postman-Sort,postman_sort.ads,Sort,sorted_post_no_permutation,zeros,PROVES (7 checks); gnatprove --mode=silver --level=2 --steps=1000000 --timeout=0 -j2 --limit-subp=postman_sort.ads:105,,too weak,yes,Post lacks permutation,agent-B,open,,
sorting/SPARK4/Ada-SPARK-Quantum-Sort,quantum_sort.ads,Sort_Comparison,sorted_post_no_permutation,zeros,PROVES (6 checks); gnatprove --mode=silver --level=2 --steps=1000000 --timeout=0 -j2 --limit-subp=quantum_sort.ads:84,,too weak,yes,Post lacks permutation,main-heldout-alt,open,,
sorting/SPARK4/Ada-SPARK-Quantum-Sort,quantum_sort.ads,Sort_Parallel_Network,sorted_post_no_permutation,zeros,PROVES (6 checks); gnatprove --mode=silver --level=2 --steps=1000000 --timeout=0 -j2 --limit-subp=quantum_sort.ads:92,,too weak,yes,Post lacks permutation,main-heldout-alt,open,,
sorting/SPARK4/Ada-SPARK-Quantum-Sort,quantum_sort.ads,Sort_Frequency,sorted_post_no_permutation,zeros,PROVES (6 checks); gnatprove --mode=silver --level=2 --steps=1000000 --timeout=0 -j2 --limit-subp=quantum_sort.ads:100,,too weak,yes,Post lacks permutation,main-heldout-alt,open,,
sorting/SPARK4/Ada-SPARK-Quantum-Sort,quantum_sort.ads,Sort_Space_Bounded,sorted_post_no_permutation,zeros,PROVES (6 checks); gnatprove --mode=silver --level=2 --steps=1000000 --timeout=0 -j2 --limit-subp=quantum_sort.ads:108,,too weak,yes,Post lacks permutation,main-heldout-alt,open,,
sorting/SPARK4/Ada-SPARK-Quicksort,quicksort.ads,Sort,sorted_post_no_permutation,zeros,PROVES with Is_Perm (412 checks); gnatprove 16.1.0 --level=4 and silver,,too weak,no,Post lacks permutation,,fixed,d3baec79,"Post now Is_Sorted and Is_Perm (A, A'Old), agent A3"
sorting/SPARK4/Ada-SPARK-Radix-Sort,radix_sort.ads,Sort,sorted_post_no_permutation,zeros,PROVES (6 checks); gnatprove --mode=silver --level=2 --steps=1000000 --timeout=0 -j2 --limit-subp=radix_sort.ads:106,,too weak,yes,Post lacks permutation,,open,,
sorting/SPARK4/Ada-SPARK-Samplesort,samplesort.ads,Sort,sorted_post_no_permutation,zeros,PROVES (6 checks); gnatprove --mode=silver --level=2 --steps=1000000 --timeout=0 -j2 --limit-subp=samplesort.ads:85,,too weak,yes,Post lacks permutation,main-heldout-alt,open,,
sorting/SPARK4/Ada-SPARK-Selection-Sort,selection_sort.ads,Sort,sorted_post_no_permutation,zeros,PROVES (6 checks); gnatprove --mode=silver --level=2 --steps=1000000 --timeout=0 -j2 --limit-subp=selection_sort.ads:86,,too weak,no,Post lacks permutation,,fixed,86b7f051,"Posts of Sort and Sort_Descending now include Is_Perm (A, A'Old), proved 392 checks (gnatprove 16.1.0 L4 and silver, proof warnings on: none), agent A3"
sorting/SPARK4/Ada-SPARK-Selection-Sort,selection_sort.ads,Sort_Descending,sorted_post_no_permutation,zeros,PROVES (6 checks); gnatprove --mode=silver --level=2 --steps=1000000 --timeout=0 -j2 --limit-subp=selection_sort.ads:96,,too weak,no,Post lacks permutation,,fixed,86b7f051,"Posts of Sort and Sort_Descending now include Is_Perm (A, A'Old), proved 392 checks (gnatprove 16.1.0 L4 and silver, proof warnings on: none), agent A3"
sorting/SPARK4/Ada-SPARK-Shell-Sort,shell_sort.ads,Sort,sorted_post_no_permutation,zeros,PROVES (6 checks); gnatprove --mode=silver --level=2 --steps=1000000 --timeout=0 -j2 --limit-subp=shell_sort.ads:83,,too weak,yes,Post lacks permutation,,open,,
sorting/SPARK4/Ada-SPARK-Slowsort,slowsort.ads,Sort,sorted_post_no_permutation,zeros,PROVES (6 checks); gnatprove --mode=silver --level=2 --steps=1000000 --timeout=0 -j2 --limit-subp=slowsort.ads:88,,too weak,no,Post lacks permutation,agent-B,fixed,(this commit),"Post now Is_Sorted and Is_Perm (A, A'Old) (ghost Occ model, Same_Occ in Slowsort_Range, Lemma_Swap; Bubble-Sort recipe); 237 checks proved at --level=4 and with the Silver command; a zeros body no longer satisfies the Post"
sorting/SPARK4/Ada-SPARK-Smoothsort,smoothsort.ads,Sort,sorted_post_no_permutation,zeros,PROVES (6 checks); gnatprove --mode=silver --level=2 --steps=1000000 --timeout=0 -j2 --limit-subp=smoothsort.ads:98,,too weak,yes,Post lacks permutation,,open,,
sorting/SPARK4/Ada-SPARK-Spaghetti-Sort,spaghetti_sort.ads,Sort,sorted_post_no_permutation,zeros,PROVES (7 checks); gnatprove --mode=silver --level=2 --steps=1000000 --timeout=0 -j2 --limit-subp=spaghetti_sort.ads:108,,too weak,yes,Post lacks permutation,flagship,open,,
sorting/SPARK4/Ada-SPARK-Stooge-Sort,stooge_sort.ads,Sort,sorted_post_no_permutation,zeros,PROVES (6 checks); gnatprove --mode=silver --level=2 --steps=1000000 --timeout=0 -j2 --limit-subp=stooge_sort.ads:91,,too weak,yes,Post lacks permutation,agent-B,open,,
sorting/SPARK4/Ada-SPARK-Strand-Sort,strand_sort.ads,Sort,sorted_post_no_permutation,zeros,PROVES (6 checks); gnatprove --mode=silver --level=2 --steps=1000000 --timeout=0 -j2 --limit-subp=strand_sort.ads:79,,too weak,yes,Post lacks permutation,agent-B,open,,
sorting/SPARK4/Ada-SPARK-Timsort,timsort.ads,Sort,sorted_post_no_permutation,zeros,PROVES (6 checks); gnatprove --mode=silver --level=2 --steps=1000000 --timeout=0 -j2 --limit-subp=timsort.ads:86,,too weak,yes,Post lacks permutation,main-heldout-alt,open,,
sorting/SPARK4/Ada-SPARK-Tree-Sort,tree_sort.ads,Sort,sorted_post_no_permutation,zeros,PROVES (6 checks); gnatprove --mode=silver --level=2 --steps=1000000 --timeout=0 -j2 --limit-subp=tree_sort.ads:79,,too weak,yes,Post lacks permutation,,open,,
sorting/SPARK4/Bead-Sort,bead_sort.ads,Sort,sorted_post_no_permutation,zeros,PROVES (7 checks); gnatprove --mode=silver --level=2 --steps=1000000 --timeout=0 -j2 --limit-subp=bead_sort.ads:103,,too weak,yes,Post lacks permutation,flagship,open,,
misc/SPARK4/Ada-SPARK-K-Way-Merge,k_way_merge.ads,Merge,sorted_post_no_permutation,zeros,PROVES (26 checks); gnatprove --mode=silver --level=2 --steps=1000000 --timeout=0 -j2 --limit-subp=k_way_merge.ads:172,,too weak,no,Post lacks permutation,,fixed,ab8ed006,"Posts of Merge and Merge_K now include the count clauses (Same_As_Pair / Same_As_Lists); code landed in 7a9e54af (by mistake, unproved), proof completed in ab8ed006: 606 checks (gnatprove 16.1.0 L4 and silver, proof warnings on: none), agent A3"
misc/SPARK4/Ada-SPARK-K-Way-Merge,k_way_merge.ads,Merge_K,sorted_post_no_permutation,zeros,PROVES (13 checks); gnatprove --mode=silver --level=2 --steps=1000000 --timeout=0 -j2 --limit-subp=k_way_merge.ads:148,,too weak,no,Post lacks permutation,,fixed,ab8ed006,"Posts of Merge and Merge_K now include the count clauses (Same_As_Pair / Same_As_Lists); code landed in 7a9e54af (by mistake, unproved), proof completed in ab8ed006: 606 checks (gnatprove 16.1.0 L4 and silver, proof warnings on: none), agent A3"
sorting/SPARK4/Ada-SPARK-Sorted-List,sorted_list.ads,Delete_First,trivial_body,drop_last,PROVES (8 checks); gnatprove --mode=silver --level=2 --steps=1000000 --timeout=0 -j2 --limit-subp=sorted_list.ads:129,,too weak,no,Post proves trivial body drop_last,,fixed,6cc96220,"content Posts proved (6cc96220, 405 checks, max 15550 steps): Insert / Delete / Delete_First keep the other items; functional_checks restored"
sorting/SPARK4/Ada-SPARK-Sorted-List,sorted_list.ads,Delete,trivial_body,drop_last,PROVES (18 checks); gnatprove --mode=silver --level=2 --steps=1000000 --timeout=0 -j2 --limit-subp=sorted_list.ads:112,,too weak,no,Post proves trivial body drop_last,,fixed,6cc96220,"content Posts proved (6cc96220, 405 checks, max 15550 steps): Insert / Delete / Delete_First keep the other items; functional_checks restored"
sorting/SPARK4/Ada-SPARK-Topological-Sort,topological_sorting.ads,Kahn_Sort,trivial_body,not_found,PROVES (11 checks); gnatprove --mode=silver --level=2 --steps=1000000 --timeout=0 -j2 --limit-subp=topological_sorting.ads:123,,too weak,yes,Post proves trivial body not_found,,open,,
sorting/SPARK4/Ada-SPARK-Sort-Merge-Join,sort_merge_join.ads,Inner_Join,trivial_body,empty,PROVES (13 checks); gnatprove --mode=silver --level=2 --steps=1000000 --timeout=0 -j2 --limit-subp=sort_merge_join.ads:132,,too weak,yes,Post proves trivial body empty,,open,,
sorting/SPARK4/Ada-SPARK-Sort-Merge-Join,sort_merge_join.ads,Unique_Key_Join,trivial_body,empty,PROVES (13 checks); gnatprove --mode=silver --level=2 --steps=1000000 --timeout=0 -j2 --limit-subp=sort_merge_join.ads:154,,too weak,yes,Post proves trivial body empty,,open,,
sorting/SPARK2/Ada-SPARK-Sort-Characters-By-Frequency,sort_characters_by_frequency.ads,Sort_By_Frequency,sorted_post_no_permutation,all_first,PROVES (5 checks); gnatprove --mode=silver --level=2 --steps=1000000 --timeout=0 -j2 --limit-subp=sort_characters_by_frequency.ads:20,,too weak,no,Post lacks permutation,,fixed,5be10e78,"Post now adds Frequency (Result, C) = Frequency (Input, C) for every Character, proved 44 checks (gnatprove 16.1.0 L4 and silver, proof warnings on: none), agent A3"
sorting/SPARK4/Ada-SPARK-Introsort,introsort.ads,Sort_Traced,sorted_post_no_permutation,zeros,PROVES (8 checks); gnatprove --mode=silver --level=2 --steps=1000000 --timeout=0 -j2 --limit-subp=introsort.ads:116,,too weak,yes,Post lacks permutation,,open,,
sorting/SPARK4/Ada-SPARK-Cycle-Sort,cycle_sort.ads,Sort_Counting_Writes,sorted_post_no_permutation,zeros,PROVES (7 checks); gnatprove --mode=silver --level=2 --steps=1000000 --timeout=0 -j2 --limit-subp=cycle_sort.ads:95,,too weak,yes,Post lacks permutation,flagship,open,,
sorting/SPARK4/Ada-SPARK-Pancake-Sorting,pancake_sorting.ads,"Sort (A, Flips, Count)",sorted_post_no_permutation,by reading,"same Post clause as Sort (In_Bounds and Is_Sorted, no permutation)",,too weak,no,Post lacks permutation,,fixed,7a9f84c2,"Post now Is_Sorted and Is_Perm (A, A'Old), proved 577 checks (gnatprove 16.1.0 L4 and silver), agent A3"
sorting/SPARK4/Ada-SPARK-Sorted-List,sorted_list.ads,Insert,post_no_content,all_x,"FAILS (Contains (L, X) not proved within steps); by reading the Post allows overwriting the old items",,too weak (by reading),no,Post does not keep the other items,,fixed,6cc96220,"content Posts proved (6cc96220, 405 checks, max 15550 steps): Insert / Delete / Delete_First keep the other items; functional_checks restored"
misc/SPARK4/Ada-SPARK-Lemke-Howson,lemke_howson.ads,Find_Equilibrium,partial_functional_post,never Found,not run as a mutant; by inspection a body returning Status = Step_Cap_Reached with zero strategies satisfies (Status = Found) = Is_Nash,,partial,no,"Post is partial: (Status = Found) = Is_Nash proves 'if Found then a certified equilibrium', not that an equilibrium is always found (completeness tested, handover H096, target Platinum); functional_checks count the certificate only, not full correctness",agent-B,open,6b41bb2b,index: show as partial (proof_index.py reads withdraw_functional only)
sorting/SPARK2/Ada-SPARK-Bitonic-Sort,bitonic_sort.ads,Sort,trivial_body,input_unchanged,PROVES (all checks proved); gnatprove --mode=silver --level=2 --steps=1000000 --timeout=0 -j2 --limit-subp=bitonic_sort.ads:8,,too weak,yes,"Post only bounds elements to Value; trivial body ""return Input"" proves",agent-B,open,,vacuity batch 3 (agent-A3); PROOFS.csv not edited (owner folder)
sorting/SPARK2/Ada-SPARK-Circle-Sort,circle_sort.ads,Sort,trivial_body,input_unchanged,PROVES (all checks proved); gnatprove --mode=silver --level=2 --steps=1000000 --timeout=0 -j2 --limit-subp=circle_sort.ads:8,,too weak,yes,"Post only bounds elements to Value; trivial body ""return Input"" proves",agent-B,open,,vacuity batch 3 (agent-A3); PROOFS.csv not edited (owner folder)
sorting/SPARK2/Ada-SPARK-Exchange-Sort,exchange_sort.ads,Sort,trivial_body,input_unchanged,PROVES (all checks proved); gnatprove --mode=silver --level=2 --steps=1000000 --timeout=0 -j2 --limit-subp=exchange_sort.ads:8,,too weak,yes,"Post only bounds elements to Value; trivial body ""return Input"" proves",agent-B,open,,vacuity batch 3 (agent-A3); PROOFS.csv not edited (owner folder)
sorting/SPARK2/Ada-SPARK-Flash-Sort,flash_sort.ads,Sort,trivial_body,input_unchanged,PROVES (all checks proved); gnatprove --mode=silver --level=2 --steps=1000000 --timeout=0 -j2 --limit-subp=flash_sort.ads:8,,too weak,yes,"Post only bounds elements to Value; trivial body ""return Input"" proves",agent-B,open,,vacuity batch 3 (agent-A3); PROOFS.csv not edited (owner folder)
sorting/SPARK2/Ada-SPARK-Odd-Even-Merge-Sort,odd_even_merge_sort.ads,Sort,trivial_body,input_unchanged,PROVES (all checks proved); gnatprove --mode=silver --level=2 --steps=1000000 --timeout=0 -j2 --limit-subp=odd_even_merge_sort.ads:8,,too weak,yes,"Post only bounds elements to Value; trivial body ""return Input"" proves",agent-B,open,,vacuity batch 3 (agent-A3); PROOFS.csv not edited (owner folder)
sorting/SPARK2/Ada-SPARK-Patience-Sort,patience_sort.ads,Sort,trivial_body,input_unchanged,PROVES (all checks proved); gnatprove --mode=silver --level=2 --steps=1000000 --timeout=0 -j2 --limit-subp=patience_sort.ads:8,,too weak,yes,"Post only bounds elements to Value; trivial body ""return Input"" proves",agent-B,open,,vacuity batch 3 (agent-A3); PROOFS.csv not edited (owner folder)
sorting/SPARK2/Ada-SPARK-Smooth-Sort,smooth_sort.ads,Sort,trivial_body,input_unchanged,PROVES (all checks proved); gnatprove --mode=silver --level=2 --steps=1000000 --timeout=0 -j2 --limit-subp=smooth_sort.ads:8,,too weak,yes,"Post only bounds elements to Value; trivial body ""return Input"" proves",agent-B,open,,vacuity batch 3 (agent-A3); PROOFS.csv not edited (owner folder)
sorting/SPARK2/Ada-SPARK-Tim-Sort,tim_sort.ads,Sort,trivial_body,input_unchanged,PROVES (all checks proved); gnatprove --mode=silver --level=2 --steps=1000000 --timeout=0 -j2 --limit-subp=tim_sort.ads:8,,too weak,yes,"Post only bounds elements to Value; trivial body ""return Input"" proves",agent-B,open,,vacuity batch 3 (agent-A3); PROOFS.csv not edited (owner folder)
sorting/SPARK2/Ada-SPARK-Squares-Of-A-Sorted-Array,squares_of_a_sorted_array.ads,Squares,trivial_body,zeros,PROVES (all checks proved); gnatprove --mode=silver --level=2 --steps=1000000 --timeout=0 -j2 --limit-subp=squares_of_a_sorted_array.ads:18,,too weak,yes,"Post states sortedness only; trivial body ""all zeros"" proves (no link to A)",agent-B,open,,vacuity batch 3 (agent-A3); PROOFS.csv not edited (owner folder)
sorting/SPARK2/Ada-SPARK-Tim-Sort-Stub,tim_sort_stub.ads,Sort,trivial_body,all_first,PROVES (all checks proved); gnatprove --mode=silver --level=2 --steps=1000000 --timeout=0 -j2 --limit-subp=tim_sort_stub.ads:18,,too weak,yes,"Post states sortedness only; trivial body ""every element = Input(First)"" proves (no permutation)",agent-B,open,,vacuity batch 3 (agent-A3); PROOFS.csv not edited (owner folder)
