folder,description,status,test_commit,fix_commit
sorting/Ada/Library-Sort,Library_Sort.Sort left 6/1000 differential inputs unsorted (Try_Insert put X behind an element >= X when no gap was left),fixed,8231499,1f9c932
compression/SPARK2/Ada-SPARK-Run-Length-Encoding,Run_Count started at 1: empty input gave 1 run (Ada twin: 0),fixed,6ff32e4,6ff32e4
strings/SPARK2/Ada-SPARK-Repeated-String-Match,Repeat_Count only compares B with the start of the repeated A (prefix-only); A = ab / B = ba gives 0 instead of 2,fixed,75a662a,1aa3739
numerical/SPARK2/Ada-SPARK-Newton-Raphson,Sqrt (k**2 - 1) returns k instead of k - 1 (52 inputs in the tested range),fixed,c618183,d88e7c1
trees/SPARK2/Ada-SPARK-Balanced-Binary-Tree,Is_Balanced checks a leaf-depth rule instead of height balance,fixed,979df670,60e98e28
trees/SPARK2/Ada-SPARK-Range-Sum-BST,range sum skips the left subtree of in-range nodes,fixed,541a3bdb,3247037d
misc/SPARK2/Ada-SPARK-Jump-Game,Can_Jump returns A (N) > 0; not the jump game,fixed,bf330e8,73d4188
searching/SPARK2/Bst-Insert-Search,array-backed tree (31 slots; children of K at 2K and 2K + 1) silently loses keys deeper than 5 levels; no README,fixed,4978fef6,9fd0974e
trees/SPARK2/Ada-SPARK-Insert-Into-BST,Insert appends in insertion order; no BST shape,fixed,e6a5de4f,2345c635
sorting/SPARK2/Ada-SPARK-Remove-Duplicates-From-Sorted-List-II,Solve keeps up to two copies of each value instead of removing every value that occurs more than once,fixed,9cf8e4fa,8d6ec01d
sorting/SPARK2/Ada-SPARK-Sort-Array-By-Parity-II,inputs without an exact 4/4 even/odd split lose values,fixed,34a2b5c3,8206de17
sorting/SPARK2/Ada-SPARK-Sort-List-Lite,make test fails,fixed,n/a (make test itself failed),9744588
sorting/SPARK2/Ada-SPARK-Remove-Duplicates-From-Sorted-List,make test fails,fixed,n/a (make test itself failed),9744588
misc/SPARK2/Ada-SPARK-Pascal-Triangle,rows 31 and 32 are allowed but their totals do not fit Result; Row_Total saturates silently,fixed,407697f4,d4d03ef9
misc/SPARK2/Ada-SPARK-Decode-Ways,lengths 30 .. 32 are allowed but the count can exceed Result; Count saturates silently,fixed,0b0aee45,210e5208
misc/SPARK2/Ada-SPARK-Min-Cost-Climbing-Stairs,the climb ends on the last step (paying it) instead of past it; README does not say which,fixed,84269a67,ada4e663
sorting/SPARK2/Ada-SPARK-Squares-Of-A-Sorted-Array,squares elementwise without sorting despite the name (README says elementwise),fixed,600e30a5,81bcb6ad
sorting/SPARK2/Ada-SPARK-Sort-Characters-By-Frequency,different characters with the same frequency are not kept in contiguous groups; README silent,fixed,bf58e7ee,da3fb07e
misc/SPARK2/Ada-SPARK-Partition-List,no tests (tests/main.adb missing): make test fails,fixed,2cde02d7,2cde02d7
sorting/SPARK2/Ada-SPARK-Odd-Even-Linked-List,no tests (tests/main.adb missing): make test fails,fixed,d3958231,688de179
misc/SPARK2/Ada-SPARK-Reverse-Linked-List-II,vacuous loop invariant gave 4 warnings under -gnata in make test,fixed,n/a (make test warnings),1351fa3
misc/SPARK2/Ada-SPARK-Basic-Calculator-II,Evaluate clamps results into -1000..1000 (1000 * 2 returns 1000) (saturation scan),fixed,ee7ea73f,a16c749f
misc/SPARK2/Ada-SPARK-Max-Product-Subarray,Clamp caps products at 100_000; six elements of 10 give 10**6 (saturation scan),fixed,d506febe,15f41aa4
misc/SPARK2/Ada-SPARK-Find-The-Smallest-Divisor,Limit below Length is infeasible but returns Divisor'Last as an answer (saturation scan),fixed,68fa6790,1298296e
numerical/SPARK2/Ada-SPARK-Cooley-Tukey-FFT,"butterflies clamp into Sample; full-range inputs saturate, result is not the DFT (saturation scan)",fixed,36986154,2ad89f4e
sorting/SPARK2/Ada-SPARK-Odd-Even-Linked-List,Solve groups by odd/even value instead of odd/even position (standard statement: positions); README silent,fixed,d3958231,688de179
matrices/SPARK2/Ada-SPARK-Matrix-Cells-In-Distance-Order,"Order_From returned the fixed order from (1,1) for every origin; 15 of 16 origins wrong (own tests)",fixed,776fd242,fb6dae18
matrices/SPARK2/Ada-SPARK-Gaussian-Elimination,zero pivot: row 2 became a multiple of row 1 (second equation lost); all-zero first column zeroed row 2 (own tests),fixed,4e577abb,9fd97960
misc/SPARK2/Ada-SPARK-Add-Binary,1 + 1 + carry wrote bit 0 instead of 1 (e.g. 3 + 3 = 4) (own tests),fixed,87249cad,fadbfa61
misc/SPARK2/Ada-SPARK-Broken-Calculator,returned |Start - Target| instead of the fewest double/decrement operations; 479 of 1024 pairs wrong (own tests),fixed,4d2c6fb6,5d01cb52
misc/SPARK2/Ada-SPARK-Car-Pooling,Feasible ignored Pickup/Dropoff and compared the total of all trips with Limit (own tests),fixed,1c2e3f70,ec66923a
misc/SPARK2/Ada-SPARK-3Sum-Closest,Length 0..2 (no triple) answered with 0 instead of rejected (own tests),fixed,b06276da,84cebc73
misc/SPARK2/Ada-SPARK-Combination-Sum-III,Count_Choices returned 1 for every feasible (K; N); 86 of 460 counts wrong (own tests),fixed,f4760003,bbeae5b8
misc/SPARK2/Ada-SPARK-Beautiful-Arrangement,"Is_Beautiful accepted values above N that are multiples of their position, e.g. N = 1, A (1) = 2 (own tests)",fixed,dd3dbfb0,ad654347
misc/SPARK2/Ada-SPARK-Palindrome-Partitioning,"Minimum_Cuts returned N - 1 for every non-palindrome, e.g. 1 1 2 needs 1 cut not 2 (own tests; random sample sample_30.txt)",fixed,31b9084c,3223108e
misc/SPARK2/Ada-SPARK-Queue-Using-Stacks,"Enqueue on a full queue dropped the value, Dequeue/Front on an empty queue answered silently (own tests; random sample sample_30.txt)",fixed,f910897c,59fc17da
ml/SPARK2/Linear-Regression,"Predict truncated mean and slope separately, missing the least-squares value by up to about 2.6 (own tests; random sample sample_30.txt)",fixed,dd65b8ae,b816a12a
misc/SPARK2/Ada-SPARK-Min-Stack,"Push on a full stack dropped the value; Pop, Top_Value and Min_Value on an empty stack answered silently (own tests; silent no-op scan)",fixed,208fbe05,f63f7977
misc/SPARK2/Ada-SPARK-Remove-Element,Length came back one short when the array was full (32) and its last element was kept (own tests; found during the silent no-op scan review),fixed,01df9c65,9d9ef057
misc/SPARK2/Ada-SPARK-Convert-Binary-Number-In-A-Linked-List-To-Integer,"Append on a full list dropped the value silently (own test full_append_check; silent no-op scan; shared scaffold of 15 list folders, fixed the same way)",fixed,4ec4c68e,6a2c8040
misc/SPARK2/Ada-SPARK-Copy-List-With-Random-Pointer-Lite,"Append on a full list dropped the value silently (own test full_append_check; silent no-op scan; shared scaffold of 15 list folders, fixed the same way)",fixed,4ec4c68e,6a2c8040
misc/SPARK2/Ada-SPARK-Delete-Node-In-A-Linked-List,"Append on a full list dropped the value silently (own test full_append_check; silent no-op scan; shared scaffold of 15 list folders, fixed the same way)",fixed,4ec4c68e,6a2c8040
misc/SPARK2/Ada-SPARK-Delete-The-Middle-Node,"Append on a full list dropped the value silently (own test full_append_check; silent no-op scan; shared scaffold of 15 list folders, fixed the same way)",fixed,4ec4c68e,6a2c8040
misc/SPARK2/Ada-SPARK-Intersection-Of-Two-Linked-Lists,"Append on a full list dropped the value silently (own test full_append_check; silent no-op scan; shared scaffold of 15 list folders, fixed the same way)",fixed,4ec4c68e,6a2c8040
misc/SPARK2/Ada-SPARK-Maximum-Twin-Sum-Of-A-Linked-List,"Append on a full list dropped the value silently (own test full_append_check; silent no-op scan; shared scaffold of 15 list folders, fixed the same way)",fixed,4ec4c68e,6a2c8040
misc/SPARK2/Ada-SPARK-Merge-In-Between-Linked-Lists,"Append on a full list dropped the value silently (own test full_append_check; silent no-op scan; shared scaffold of 15 list folders, fixed the same way)",fixed,4ec4c68e,6a2c8040
misc/SPARK2/Ada-SPARK-Middle-Of-The-Linked-List,"Append on a full list dropped the value silently (own test full_append_check; silent no-op scan; shared scaffold of 15 list folders, fixed the same way)",fixed,4ec4c68e,6a2c8040
misc/SPARK2/Ada-SPARK-Palindrome-Linked-List,"Append on a full list dropped the value silently (own test full_append_check; silent no-op scan; shared scaffold of 15 list folders, fixed the same way)",fixed,4ec4c68e,6a2c8040
misc/SPARK2/Ada-SPARK-Remove-Linked-List-Elements,"Append on a full list dropped the value silently (own test full_append_check; silent no-op scan; shared scaffold of 15 list folders, fixed the same way)",fixed,4ec4c68e,6a2c8040
misc/SPARK2/Ada-SPARK-Remove-Nth-Node-From-End,"Append on a full list dropped the value silently (own test full_append_check; silent no-op scan; shared scaffold of 15 list folders, fixed the same way)",fixed,4ec4c68e,6a2c8040
misc/SPARK2/Ada-SPARK-Reorder-List,"Append on a full list dropped the value silently (own test full_append_check; silent no-op scan; shared scaffold of 15 list folders, fixed the same way)",fixed,4ec4c68e,6a2c8040
misc/SPARK2/Ada-SPARK-Reverse-Linked-List,"Append on a full list dropped the value silently (own test full_append_check; silent no-op scan; shared scaffold of 15 list folders, fixed the same way)",fixed,4ec4c68e,6a2c8040
misc/SPARK2/Ada-SPARK-Swapping-Nodes-In-A-Linked-List,"Append on a full list dropped the value silently (own test full_append_check; silent no-op scan; shared scaffold of 15 list folders, fixed the same way)",fixed,4ec4c68e,6a2c8040
sorting/SPARK2/Ada-SPARK-Merge-Two-Sorted-Lists,"Append on a full list dropped the value silently (own test full_append_check; silent no-op scan; shared scaffold of 15 list folders, fixed the same way)",fixed,4ec4c68e,6a2c8040
sorting/SPARK2/Ada-SPARK-Merge-Two-Sorted-Lists,Merge cut the result short at 16 elements when Length (A) + Length (B) > 16 (found by re-proof after the Append fix; own check added),fixed,3eeca010,3eeca010
misc/SPARK2/Ada-SPARK-LRU-Cache-Lite,Put on a full cache with a new key dropped it instead of evicting the least recently used entry (own model test),fixed,37b0ea4a,0c40049c
misc/SPARK2/Ada-SPARK-LFU-Cache-Lite,Put on a full cache with a new key dropped it instead of evicting the least frequently used entry (own model test),fixed,37b0ea4a,0c40049c
searching/SPARK2/Ada-SPARK-Design-Add-And-Search-Words,Add_Word on a full dictionary dropped the word silently (own test full_insert_check),fixed,0e12e93d,d08e3081
trees/SPARK2/Ada-SPARK-Implement-Trie,Insert on a full structure dropped the word silently (own test full_insert_check),fixed,0e12e93d,d08e3081
graphs/SPARK2/Ada-SPARK-Prims-Algorithm,"Compute took the first reachable unused node instead of the one with the smallest key, giving spanning trees above minimum weight (own brute-force test; suspected in the hidden-stub scan)",fixed,8c1b1b3a,282257e6
misc/SPARK2/Ada-SPARK-Design-Number-Container-System,Add on a full container dropped the value; Remove_Last on an empty one answered 0 (own test; missed by the textual silent no-op scan),fixed,7192018e,844ab0c0
misc/SPARK2/Ada-SPARK-Middle-Of-The-Linked-List,"Middle returned the first of the two middle nodes for an even length, and 0 for an empty list (own test; open item from the silent no-op review)",fixed,f5e74eb0,e303379d
misc/SPARK2/Ada-SPARK-Covariance,"Value centred every component on a fixed 5 instead of the vectors' means, so it was not a covariance (own test)",fixed,dd274886,0f8d1ee8
misc/Ada/Lempel-Ziv-Ross-Williams,"Compress overflowed (Constraint_Error) for inputs indexed from Stream_Element_Offset'First, e.g. any positional aggregate, as in its own main.adb (all-checks crash run; own round-trip test)",fixed,e80b230e,5aa5b0b0
misc/Ada/Prediction-By-Partial-Matching,"Package did not compile (Symbol('?') conversion of a character literal), so make test always failed (all-checks crash run; plain-Ada sample)",fixed,(existing tests.adb),b92fb275
misc/Ada/Mu-Law-Algorithm,Decode_Digital (-128) raised Constraint_Error for a valid code: the normalised value was stored before it was clamped (seeded random-input driver; own test),fixed,2b587c6b,243dfde7
misc/Ada/Bowyer-Watson,Triangulate lost convex-hull triangles in about 10% of random point sets (count 2n-3-h; area short of the hull): the finite super-triangle lay inside the circumcircles of nearly collinear hull edges (sample_ada_30 own test),fixed,dce798e4,09fd9cf1
sorting/Ada/Heapsort,Sift_Down's documented precondition (A'First <= Root <= Heap_Last <= A'Last) was only a comment: out-of-range Heap_Last was accepted or indexed past A'Last (random-input driver contract gap; own test),fixed,26388956,055d0e1b
misc/Ada/Unicode-Collation-Algorithm,main.adb (the demo) did not compile: it called a nonexistent Compare/Compare_Primary/Initialize_DUCET and instantiated Vectors with indefinite String; make test never built it (sweep report; failing build commit),fixed,68c76c45,2b9d57cb
geometry/Ada/Histogram-Equalization,Equalize_Global mapped uniform images (incl. 1x1) to 0 (0/0 case); tests 1-2 printed FAIL but make test exited 0 (silent-fail scan),fixed,1d9bcd2a,3f6aa1ea
misc/Ada/Association-Rule-Learning,Standard build lacked -gnata so Pre contracts went unchecked (7 FAIL lines) and the final pragma Assert(Fail_Count = 0) was ignored; test 11.3 expected Conviction({1}->{9}) = 1.25 but the correct value is 1.0 (test bug) (silent-fail scan),fixed,6b053fea,641ce4b2
misc/Ada/Nagles-Algorithm,Packet_To_Send (out) never assigned when data was buffered (stale size read); Merge_Packets reported only the bytes before a partially copied packet (Remaining not zeroed) (silent-fail scan; 5 FAIL lines with exit 0),fixed,8459bfaf,aa484176
misc/Ada/Nagles-Algorithm,Sending a merged MSS segment cleared the buffer: bytes past MSS and the new data were lost; test 14 expected no send with 2919 bytes buffered and window 2*MSS (contradicts RFC 896),fixed,4b752c46,05fc3817
ml/Ada/Random-Forest,Test 9.1 relies on Train_Classifier Pre but make test had no -gnata: passed only when time-seeded sampling read past Labels (failed 12/30 runs on GNAT 14; final pragma Assert ignored so exit 0) (silent-fail scan),fixed,cffe5151,5f2abb08
ml/Ada/Backpropagation,XOR integration test (13.x) used time-seeded random initial weights and failed intermittently (GNAT 12 rerun; 1/40 reruns); exit 0 because the final pragma Assert was ignored without -gnata,fixed,5946190a,d1f050a6
misc/Ada/Nagles-Algorithm,Buffered packets are allocated with New_Data'Range but Merge_Packets indexes Pkg.Data(1 .. Size): a caller slice not starting at 1 raises Constraint_Error (code review; test 15 with Big (5 .. 7) and Big (10 .. 11)),fixed,0501e4ce,2a12e018
ml/Ada/Random-Forest,Generator is time-seeded (Reset (Gen) at elaboration) so training and the rest of the suite are not reproducible run to run (observation),fixed,99119159,d2e50186
numerical/SPARK4/Binary-Gcd,Own checks called Gcd_Recursive with operands up to 10**17 although its Pre allows <= Max_Educational (1_000_000); make test had no -gnata so the violated precondition went unnoticed (alt held-out baseline in the -gnata build),fixed,f7a0ca7a,9d9613ff
geometry/Ada/Liang-Barsky,"Cohen_Sutherland_Clip used strict outcode comparisons; a segment that grazes the window at a single corner (AA_SEED=3 / mapped seed 4) was Reject while the 4001-sample inside-part and Liang_Barsky_Clip Accept (flaky.py seed sweep, 15/30 seeds failed)",fixed,3f9adc05,6acc5178
graphs/Ada/Shortest-Path-Problem,"Reconstruct_Path on Prev_Matrix copied every column of the Source row; FW only initialized 1..N, so with Initialize_Scalars a capacity>N matrix (tests use 1..32) raised CONSTRAINT_ERROR invalid data at adb:724 (flaky.py init pass)",fixed,d6a16cee,b41e8197
misc/Ada/Backtracking,silent_fail plant_ok=no: planted Fail_Count increment still leaves make test exit 0 (harness cannot report failure),fixed,,
misc/Ada/Bees-Algorithm,silent_fail plant_ok=no: planted Fail_Count increment still leaves make test exit 0 (harness cannot report failure),fixed,,
misc/Ada/Buzens-Algorithm,silent_fail plant_ok=no: planted Fail_Count increment still leaves make test exit 0 (harness cannot report failure),fixed,,
misc/Ada/Chase,silent_fail plant_ok=no: planted Fail_Count increment still leaves make test exit 0 (harness cannot report failure),fixed,,
misc/Ada/Difference-Map,silent_fail plant_ok=no: planted Fail_Count increment still leaves make test exit 0 (harness cannot report failure),fixed,,
misc/Ada/Doomsday,silent_fail plant_ok=no: planted Fail_Count increment still leaves make test exit 0 (harness cannot report failure),fixed,,
misc/Ada/Newtons-Method-in-Optimization,silent_fail plant_ok=no: planted Fail_Count increment still leaves make test exit 0 (harness cannot report failure),fixed,,
misc/Ada/Particle-Swarm,silent_fail plant_ok=no: planted Fail_Count increment still leaves make test exit 0 (harness cannot report failure),fixed,,
misc/Ada/Queuing-Theory,silent_fail plant_ok=no: planted Fail_Count increment still leaves make test exit 0 (harness cannot report failure),fixed,,
numerical/Ada/MISER,silent_fail plant_ok=no: planted Fail_Count increment still leaves make test exit 0 (harness cannot report failure),fixed,,
geometry/Ada/Liang-Barsky,"Point_Inside_Window / Cohen outcodes used Epsilon expansion as a one-seed fix; room asked exact inclusive boundary + aligned comparisons + AA_SEED graze permanent cases (Long_Float intersect + corner-on-segment Accept)",fixed,,
graphs/Ada/Shortest-Path-Problem,"matrix Reconstruct_Path copied Prev(Source, Prev'Range(2)) including the capacity>N skirt; under Initialize_Scalars that raised CE. Fix: No_Predecessor sentinel + walk without skirt copy; section 31 asserts sentinel is never a vertex",fixed,,
searching/SPARK4/Ada-SPARK-Ternary-Search,"Find_Maximum_Index shrank to [M1, M2] when A (M1) = A (M2); with plateaus (allowed by Is_Unimodal) the peak can lie outside, e.g. 0 0 0 1 returned a 0 (own_checks: linear-scan max reference)",open,,
