folder	decision	reason
clustering/Ada/FLAME-Clustering	rewrite	indexes only walk or line arrays up
compression/Ada/Peterson-Gorenstein-Zierler-Algorithm	keep	index arithmetic: coefficient index is the degree (Derivative Poly(I)*I); subtype Degree_Poly First=0 (room recheck KEEP)
compression/SPARK2/Ada-SPARK-LZ77	rewrite	indexes only walk or line arrays up
compression/SPARK2/Ada-SPARK-Run-Length-Encoding	rewrite	indexes only walk or line arrays up
compression/SPARK3/Huffman-Coding	rewrite	indexes only walk or line arrays up
graphs/Ada/Floyds-Cycle-Finding-Algorithm	rewrite	indexes only walk or line arrays up
graphs/Ada/Hungarian-Algorithm	rewrite	indexes only walk or line arrays up
graphs/SPARK4/A-Star	rewrite	indexes only walk or line arrays up
graphs/SPARK4/Ada-SPARK-Dijkstras-Algorithm	rewrite	indexes only walk or line arrays up
graphs/SPARK4/Ada-SPARK-Floyds-Cycle-Finding-Algorithm	rewrite	indexes only walk or line arrays up
hashing/SPARK2/Ada-SPARK-FNV-Hash	rewrite	indexes only walk or line arrays up
hashing/SPARK2/Ada-SPARK-Pearson-Hashing	rewrite	indexes only walk or line arrays up
hashing/SPARK2/Ada-SPARK-Zobrist-Hashing	rewrite	indexes only walk or line arrays up
misc/Ada/Ant-Colony-Optimization	rewrite	indexes only walk or line arrays up
misc/Ada/BCJR-Algorithm	rewrite	indexes only walk/line-up (room-named)
misc/Ada/Barnes-Hut	rewrite	indexes only walk or line arrays up
misc/Ada/Branch-and-Bound	rewrite	indexes only walk or line arrays up
misc/Ada/Combinatorial-Optimization	rewrite	indexes only walk or line arrays up
misc/Ada/Fast-Multipole-Method	rewrite	indexes only walk or line arrays up
misc/Ada/Gale-Shapley-Algorithm	rewrite	indexes only walk or line arrays up
misc/Ada/Levinson-Recursion	rewrite	indexes only walk/line-up (room-named)
misc/Ada/Memetic-Algorithm	rewrite	indexes only walk/line-up (room-named)
misc/Ada/Min-Conflicts	rewrite	indexes only walk or line arrays up
misc/Ada/N-Body-Problems	rewrite	indexes only walk/line-up (room-named)
misc/Ada/Thomas-Algorithm	rewrite	indexes only walk or line arrays up
misc/Ada/Top-Trading-Cycle	rewrite	indexes only walk or line arrays up
misc/SPARK2/Ada-SPARK-Adler32	rewrite	indexes only walk or line arrays up
misc/SPARK2/Ada-SPARK-CRC32	rewrite	indexes only walk or line arrays up
misc/SPARK2/Ada-SPARK-Checksum-Ones-Complement	rewrite	indexes only walk or line arrays up
misc/SPARK2/Ada-SPARK-Delta-Encoding	rewrite	indexes only walk or line arrays up
misc/SPARK4/Ada-SPARK-Heaps-Algorithm	rewrite	indexes only walk or line arrays up
misc/SPARK4/Ada-SPARK-K-Way-Merge	rewrite	indexes only walk or line arrays up
misc/SPARK4/Ada-SPARK-Package-Merge-Algorithm	keep	index arithmetic: package-merge pairs at 2*P-1 / 2*P (room recheck KEEP)
misc/SPARK4/Ada-SPARK-Selection-Algorithm	rewrite	indexes only walk or line arrays up
numerical/Ada/Brents-Algorithm	rewrite	indexes only walk or line arrays up
numerical/Ada/Spline-Interpolation	rewrite	indexes only walk/line-up (room-named)
numerical/SPARK4/Ada-SPARK-Brents-Algorithm	rewrite	indexes only walk or line arrays up
searching/SPARK2/Ada-SPARK-Trigram-Search	rewrite	indexes only walk or line arrays up
searching/SPARK4/Ada-SPARK-Binary-Search	rewrite	indexes only walk or line arrays up
searching/SPARK4/Ada-SPARK-Fibonacci-Search	rewrite	indexes only walk or line arrays up
searching/SPARK4/Ada-SPARK-Interpolation-Search	rewrite	REWRITE: probe already Lo+(Hi-Lo)*…; any Lo (room recheck)
searching/SPARK4/Ada-SPARK-Introselect	rewrite	indexes only walk or line arrays up
searching/SPARK4/Ada-SPARK-Jump-Search	rewrite	indexes only walk or line arrays up
searching/SPARK4/Ada-SPARK-Linear-Search	rewrite	indexes only walk or line arrays up
searching/SPARK4/Ada-SPARK-Quickselect	rewrite	indexes only walk or line arrays up
searching/SPARK4/Ada-SPARK-Ternary-Search	rewrite	indexes only walk or line arrays up
searching/SPARK4/Ada-SPARK-Uniform-Cost-Search	rewrite	indexes only walk or line arrays up
searching/SPARK4/Best-First-Search	rewrite	indexes only walk or line arrays up
sorting/SPARK4/Ada-SPARK-Bitonic-Sorter	rewrite	indexes only walk or line arrays up
sorting/SPARK4/Ada-SPARK-Bogosort	rewrite	indexes only walk or line arrays up
sorting/SPARK4/Ada-SPARK-Bubble-Sort	rewrite	indexes only walk or line arrays up
sorting/SPARK4/Ada-SPARK-Bucket-Sort	rewrite	indexes only walk or line arrays up
sorting/SPARK4/Ada-SPARK-Burstsort	rewrite	indexes only walk or line arrays up
sorting/SPARK4/Ada-SPARK-Cocktail-Shaker-Sort	rewrite	indexes only walk or line arrays up
sorting/SPARK4/Ada-SPARK-Comb-Sort	rewrite	indexes only walk or line arrays up
sorting/SPARK4/Ada-SPARK-Counting-Sort	rewrite	indexes only walk or line arrays up
sorting/SPARK4/Ada-SPARK-Cycle-Sort	rewrite	indexes only walk or line arrays up
sorting/SPARK4/Ada-SPARK-Flashsort	rewrite	indexes only walk or line arrays up
sorting/SPARK4/Ada-SPARK-Gnome-Sort	rewrite	indexes only walk or line arrays up
sorting/SPARK4/Ada-SPARK-Heapsort	rewrite	REWRITE: offset-heap form Base+2*(I-Base)+1; drop Heap_Index First=1 pin (room recheck)
sorting/SPARK4/Ada-SPARK-Insertion-Sort	rewrite	indexes only walk or line arrays up
sorting/SPARK4/Ada-SPARK-Introsort	rewrite	REWRITE: heap on Lo..Hi uses Lo+2*(I-Lo)+1, not absolute 2*I (room recheck)
sorting/SPARK4/Ada-SPARK-Library-Sort	rewrite	indexes only walk or line arrays up
sorting/SPARK4/Ada-SPARK-Merge-Sort	rewrite	indexes only walk or line arrays up
sorting/SPARK4/Ada-SPARK-Odd-Even-Sort	rewrite	indexes only walk or line arrays up
sorting/SPARK4/Ada-SPARK-Pancake-Sorting	rewrite	indexes only walk or line arrays up
sorting/SPARK4/Ada-SPARK-Patience-Sorting	rewrite	indexes only walk or line arrays up
sorting/SPARK4/Ada-SPARK-Pigeonhole-Sort	rewrite	indexes only walk or line arrays up
sorting/SPARK4/Ada-SPARK-Postman-Sort	rewrite	indexes only walk or line arrays up
sorting/SPARK4/Ada-SPARK-Quantum-Sort	rewrite	indexes only walk or line arrays up
sorting/SPARK4/Ada-SPARK-Quicksort	rewrite	indexes only walk or line arrays up
sorting/SPARK4/Ada-SPARK-Radix-Sort	rewrite	indexes only walk or line arrays up
sorting/SPARK4/Ada-SPARK-Samplesort	rewrite	indexes only walk or line arrays up
sorting/SPARK4/Ada-SPARK-Selection-Sort	rewrite	indexes only walk or line arrays up
sorting/SPARK4/Ada-SPARK-Shell-Sort	rewrite	indexes only walk or line arrays up
sorting/SPARK4/Ada-SPARK-Slowsort	rewrite	indexes only walk or line arrays up
sorting/SPARK4/Ada-SPARK-Smoothsort	rewrite	REWRITE: Leonardo children are distances back from Root; offset form (room recheck)
sorting/SPARK4/Ada-SPARK-Sort-Merge-Join	rewrite	indexes only walk or line arrays up
sorting/SPARK4/Ada-SPARK-Spaghetti-Sort	rewrite	indexes only walk or line arrays up
sorting/SPARK4/Ada-SPARK-Stooge-Sort	rewrite	indexes only walk or line arrays up
sorting/SPARK4/Ada-SPARK-Strand-Sort	rewrite	indexes only walk or line arrays up
sorting/SPARK4/Ada-SPARK-Timsort	rewrite	indexes only walk or line arrays up
sorting/SPARK4/Ada-SPARK-Topological-Sort	rewrite	indexes only walk or line arrays up
sorting/SPARK4/Ada-SPARK-Tree-Sort	rewrite	indexes only walk or line arrays up
sorting/SPARK4/Bead-Sort	rewrite	indexes only walk or line arrays up
strings/SPARK2/Ada-SPARK-Damerau-Levenshtein-Distance	rewrite	indexes only walk or line arrays up
strings/SPARK2/Ada-SPARK-Knuth-Morris-Pratt	rewrite	REWRITE: prefix lengths are offsets; natural as Pat'First+K (room recheck)
strings/SPARK2/Ada-SPARK-Longest-Common-Subsequence	rewrite	indexes only walk or line arrays up
strings/SPARK3/Levenshtein-Distance	rewrite	indexes only walk or line arrays up
trees/SPARK2/Ada-SPARK-Longest-Common-Substring	rewrite	indexes only walk or line arrays up
misc/SPARK2/Ada-SPARK-Delete-And-Earn	rewrite	indexes only walk (Points summed over Nums'Range; H140 2026-10-10)
misc/SPARK2/Ada-SPARK-Subsets	rewrite	indexes only walk (rank / subset over positions; H140 2026-10-10)
misc/SPARK2/Ada-SPARK-Subsets-II	rewrite	indexes only walk (Subset reads Values from Values'First; Total / Group / Product / Colex_Less count positions from A'First; H140 2026-10-10)
misc/SPARK2/Ada-SPARK-Ugly-Number-II	keep	index is the rank: First_Ugly (N) (K) is the K-th ugly number; no executable subprogram takes an array (the pin is the ghost Ugly_Prefix / Lemma_Complete); agent-CF 2026-10-10 KEEP; H180: replace First = 1 with predicate subtype One_Based_List (lengths flexible; not Positive index alone, not fully constrained)
misc/SPARK2/Ada-SPARK-Permutations-II	rewrite	indexes only walk (Start copies the list, Count_Distinct counts positions from Items'First; H140 2026-10-10)
misc/SPARK2/Ada-SPARK-House-Robber-III-Lite	keep	index arithmetic: S is indexed by node number (S (I) = house I robbed, same range as T.Value 1 .. T.N; T.Left / T.Right are node numbers read as S (T.Left (J))); agent-CF 2026-10-10 KEEP; H180: replace S'First = 1 Pre with predicate subtype on Choice / Value_Array (lengths flexible; Index subtype alone does not force start 1)
misc/SPARK2/Ada-SPARK-Different-Ways-To-Add-Parentheses-Lite	rewrite	indexes only walk (All_Results copies Values / Ops to origin 1; the body-only Sub keeps Values'First = 1 on those copies; H140 2026-10-10)
misc/SPARK2/Ada-SPARK-Integer-Break	rewrite	indexes only walk (Sum_To / Product_To read the J-th part at P'First + J - 1; the body-only Lemma_Prefix_Frame keeps origin 1 for Best_Split's own arrays; H140 2026-10-10)
