folder,signal,verdict,stub_marked,was_training_ready
graphs/SPARK2/Ada-SPARK-Kruskal-MST-Lite,no find/union step for kruskal-mst-lite,"hidden stub: sums every edge cost; no edge selection or union-find, so no spanning tree",yes,
graphs/SPARK2/Ada-SPARK-Prims-Algorithm,no relaxation step for prims-algorithm,not a stub (key update present); suspected bug: picks the first reachable unused vertex instead of the one with minimum key; needs an own test,,
misc/Ada/Delivery-Mission-FSM,size 0 lines vs misc median 27,scanner false positive: sources are in a shared directory (counted 0 lines); not looked at further,,
misc/Ada/Locomotion-Mode-Interlock,size 0 lines vs misc median 27,scanner false positive: sources are in a shared directory (counted 0 lines); not looked at further,,
misc/SPARK2/Ada-SPARK-Cheapest-Flights,no sift / heap property step for cheapest-flights,not a stub: name pattern false positive (prime / cheapest / BST is not the named algorithm the check looks for),,
misc/SPARK2/Ada-SPARK-Cheapest-Flights-Within-K-Stops,no sift / heap property step for cheapest-flights-within-k-stops,not a stub: name pattern false positive (prime / cheapest / BST is not the named algorithm the check looks for),,yes
misc/SPARK2/Ada-SPARK-Heap-Push-Pop,no sift / heap property step for heap-push-pop,hidden stub: unsorted array with linear minimum search and a full re-sort; no heap property or sift,yes,
misc/SPARK2/Ada-SPARK-Partition-List,size 0 lines vs misc median 27,scanner false positive: sources are in a shared directory (counted 0 lines); not looked at further,,yes
misc/SPARK2/Ada-SPARK-Priority-Queue-Binary-Heap,no sift / heap property step for priority-queue-binary-heap,not a stub: real sift-up / sift-down (the scanner missed its identifiers),,
misc/SPARK2/Ada-SPARK-Reverse-Linked-List-II,size 0 lines vs misc median 27,scanner false positive: sources are in a shared directory (counted 0 lines); not looked at further,,yes
misc/SPARK2/Ada-SPARK-Rotate-List,size 0 lines vs misc median 27,scanner false positive: sources are in a shared directory (counted 0 lines); not looked at further,,yes
misc/SPARK2/Ada-SPARK-Swap-Nodes-In-Pairs,size 0 lines vs misc median 27,scanner false positive: sources are in a shared directory (counted 0 lines); not looked at further,,yes
numerical/SPARK2/Ada-SPARK-Count-Primes,no relaxation step for count-primes,not a stub: name pattern false positive (prime / cheapest / BST is not the named algorithm the check looks for),,yes
numerical/SPARK2/Ada-SPARK-Prime-Check,no relaxation step for prime-check,not a stub: name pattern false positive (prime / cheapest / BST is not the named algorithm the check looks for),,
numerical/SPARK2/Ada-SPARK-Prime-Number-Of-Set-Bits,no relaxation step for prime-number-of-set-bits,not a stub: name pattern false positive (prime / cheapest / BST is not the named algorithm the check looks for),,
numerical/SPARK2/Ada-SPARK-Prime-Number-Of-Set-Bits-In-Binary-Representation,no relaxation step for prime-number-of-set-bits-in-binary-representation,not a stub: name pattern false positive (prime / cheapest / BST is not the named algorithm the check looks for),,
searching/SPARK2/Ada-SPARK-Binary-Search-Upper-Bound,no halving step for binary-search-upper-bound,hidden stub: unrolled linear scan of six fixed positions; no halving,yes,
searching/SPARK2/Ada-SPARK-Insert-Into-A-Binary-Search-Tree,no halving step for insert-into-a-binary-search-tree,not a stub: name pattern false positive (prime / cheapest / BST is not the named algorithm the check looks for),,
searching/SPARK2/Ada-SPARK-Search-In-A-Binary-Search-Tree,no halving step for search-in-a-binary-search-tree,not a stub: name pattern false positive (prime / cheapest / BST is not the named algorithm the check looks for),,
searching/SPARK2/Ada-SPARK-Unique-Binary-Search-Trees,size 15 lines vs searching median 52; no halving step for unique-binary-search-trees,"closed (agent-CF: DP sum, proved; see codefix.csv) (was: hidden stub: returns a constant table of Catalan numbers; nothing computed)",no,
searching/SPARK2/Ada-SPARK-Unique-Binary-Search-Trees-II-Lite,size 12 lines vs searching median 52; no halving step for unique-binary-search-trees-ii-lite,hidden stub: Root_Choices (N) returns N; no trees generated,yes,
sorting/SPARK2/Ada-SPARK-Block-Sort,"body is the generic adjacent compare-exchange passes (bubble sort), not the named sort",hidden stub: body is the generic one-directional adjacent compare-exchange passes (bubble sort); the named sort is not implemented,yes,yes
sorting/SPARK2/Ada-SPARK-Heap-Sort,"no sift step for heap-sort; body is the generic adjacent compare-exchange passes (bubble sort), not the named sort",hidden stub: body is the generic one-directional adjacent compare-exchange passes (bubble sort); the named sort is not implemented,yes,yes
sorting/SPARK2/Ada-SPARK-Intro-Sort,"body is the generic adjacent compare-exchange passes (bubble sort), not the named sort",hidden stub: body is the generic one-directional adjacent compare-exchange passes (bubble sort); the named sort is not implemented,yes,yes
sorting/SPARK2/Ada-SPARK-Odd-Even-Linked-List,size 0 lines vs sorting median 51,scanner false positive: sources are in a shared directory (counted 0 lines); not looked at further,,yes
sorting/SPARK2/Ada-SPARK-Pancake-Sort,"body is the generic adjacent compare-exchange passes (bubble sort), not the named sort",hidden stub: body is the generic one-directional adjacent compare-exchange passes (bubble sort); the named sort is not implemented,yes,yes
sorting/SPARK2/Ada-SPARK-Quick-Sort,"no partition step for quick-sort; body is the generic adjacent compare-exchange passes (bubble sort), not the named sort",hidden stub: body is the generic one-directional adjacent compare-exchange passes (bubble sort); the named sort is not implemented,yes,yes
sorting/SPARK2/Ada-SPARK-Remove-Duplicates-From-Sorted-List,size 0 lines vs sorting median 51,scanner false positive: sources are in a shared directory (counted 0 lines); not looked at further,,yes
sorting/SPARK2/Ada-SPARK-Remove-Duplicates-From-Sorted-List-II,size 0 lines vs sorting median 51,scanner false positive: sources are in a shared directory (counted 0 lines); not looked at further,,yes
sorting/SPARK2/Ada-SPARK-Shaker-Sort,"body is the generic adjacent compare-exchange passes (bubble sort), not the named sort",hidden stub: body is the generic one-directional adjacent compare-exchange passes (bubble sort); the named sort is not implemented,yes,yes
sorting/SPARK2/Ada-SPARK-Sort-List-Lite,size 0 lines vs sorting median 51,scanner false positive: sources are in a shared directory (counted 0 lines); not looked at further,,yes
sorting/SPARK2/Ada-SPARK-Topological-Sort-Lite,no in-degree/visited step for topological-sort-lite,hidden stub: only validates a given order; does not compute one (README says validator),yes,
sorting/SPARK2/Ada-SPARK-Tournament-Sort,"body is the generic adjacent compare-exchange passes (bubble sort), not the named sort",hidden stub: body is the generic one-directional adjacent compare-exchange passes (bubble sort); the named sort is not implemented,yes,yes
sorting/SPARK2/Binary-Insertion-Sort,"body is the generic adjacent compare-exchange passes (bubble sort), not the named sort",hidden stub: body is the generic one-directional adjacent compare-exchange passes (bubble sort); the named sort is not implemented,yes,yes
trees/SPARK2/Ada-SPARK-Binary-Tree-Right-Side-View,size 18 lines vs trees median 62,"hidden stub: returns fixed positions 1, 3, 7, 15 of a complete tree; no traversal (absent nodes not handled)",yes,
trees/SPARK2/Ada-SPARK-Flatten-Binary-Tree-To-Linked-List-Lite,size 20 lines vs trees median 62,hidden stub: a hard-coded index permutation for one complete-tree shape; no traversal,yes,
trees/SPARK2/Ada-SPARK-Implement-Trie,no child links step for implement-trie,hidden stub: flat word list with linear lookup; no trie nodes or child links,yes,yes
misc/SPARK2/Ada-SPARK-Fixed-Point-Iteration,follow-up review (code size; missing core step: no iteration function or stopping rule),hidden stub: one hard-wired map x -> (x + Target) / 2 run for 10 steps; no general function and no convergence test,yes,no
misc/Ada/Scale-Invariant-Feature-Transform,every pipeline stage is a placeholder body (null / zero-fill); README claims full SIFT,hidden stub: Build_Scale_Space only validates dims; Detect_Extrema leaves out param unassigned; Localize is a null loop; Orientation/Descriptor zero-fill,yes,
misc/SPARK2/Ada-SPARK-Word-Break-II,"no dictionary for word-break-ii (agent A3 2026-10-09, while picking SPARK rows)","hidden stub: Segmentations (A, N) has no word list; it counts the splits of a 4-symbol word into single symbols and pairs of equal symbols (W (I) = W (I - 1) + W (I - 2) when A (I) = A (I - 1)), which is not Word Break II; left to sweep B (placeholders)",no,
misc/SPARK2/Ada-SPARK-Restore-IP-Addresses,"no address restoration for restore-ip-addresses (agent A3 2026-10-09, while picking SPARK rows)",hidden stub: Count_Valid_Segments counts the valid 1 .. 3 digit segments starting at positions 1 .. 3 of a fixed 12-digit sequence; no split into four segments is formed or counted; left to sweep B (placeholders),no,
searching/SPARK2/Ada-SPARK-Validate-Binary-Search-Tree,"toy bounds: 15 nodes, values -100 .. 100 (agent A3 2026-10-09, parent request)","not a stub: a complete BST check at toy size; the 256-step limit and stack-full guard that could skip nodes and return True were replaced by a walk proved to visit every reachable node (no step limit, stack of 15, loop variant)",no,
sorting/SPARK2/Ada-SPARK-Convert-Sorted-Array-To-BST,Build is hard-coded (fixed 7-node layout),"hidden stub: Build always fills the same 7 fixed slots from A (4) / A (2) / A (6) / ... (Sorted_Array is exactly 7 elements); no midpoint recursion, so no general balanced BST from a sorted array",yes,
misc/SPARK2/Ada-SPARK-Connected-Component-Labeling,"toy size: the grid is fixed at 2 x 2 (agent A3 2026-10-09, parent request)","hidden stub: Label works on a fixed 2 x 2 grid only (4 cells, 16 possible inputs, all checked exhaustively); held-out 41/49 = 83.7% blind (tools/vv/sweep_heldout_alt.csv) is below the bar; left to sweep B (stubs)",no,no
sorting/SPARK4/Ada-SPARK-Radix-Sort,"keys 0..255 with Base=256: one histogram pass equals counting sort, not multi-pass LSD radix",hidden stub: Max_Key=255 and Base=256 so Digit=Key; a single counting-sort pass under a radix-sort name (masking pattern); permutation proof is valid for that single pass but the folder is not radix sort,yes,
