folder,run_id,result
clustering/SPARK2/K-Means-Step,pw-20261009,rc=0 secs=1 gpr=k_means_step.gpr
compression/SPARK2/Ada-SPARK-Compress-String,pw-20261009,rc=0 secs=4 gpr=compress_string.gpr
compression/SPARK2/Ada-SPARK-Interleaving-String,pw-20261009,rc=0 secs=30 gpr=interleaving_string_project.gpr
compression/SPARK2/Ada-SPARK-LZ77,pw-20261009,rc=0 secs=1 gpr=lz77.gpr
compression/SPARK2/Ada-SPARK-Move-To-Front,pw-20261009,rc=0 secs=2 gpr=move_to_front.gpr
compression/SPARK2/Ada-SPARK-Run-Length-Encoding,pw-20261009,rc=0 secs=2 gpr=run_length_encoding.gpr
compression/SPARK2/Ada-SPARK-String-Compression,pw-20261009,rc=0 secs=1 gpr=proof.gpr
compression/SPARK2/Burrows-Wheeler-Transform,pw-20261009,rc=0 secs=1 gpr=burrows_wheeler_transform.gpr
compression/SPARK3/Huffman-Coding,pw-20261009,rc=0 secs=2 gpr=huffman_coding.gpr
concurrency/SPARK2/Ada-SPARK-Course-Schedule-II,pw-20261009,rc=0 secs=1 gpr=course_schedule_ii.gpr
concurrency/SPARK2/Ada-SPARK-Course-Schedule-II-Stub,pw-20261009,rc=0 secs=1 gpr=proof.gpr
concurrency/SPARK2/Ada-SPARK-Dekkers-Algorithm,pw-20261009,rc=0 secs=1 gpr=proof.gpr
concurrency/SPARK2/Ada-SPARK-Lamports-Bakery-Algorithm,pw-20261009,rc=0 secs=1 gpr=proof.gpr
concurrency/SPARK2/Ada-SPARK-Petersons-Algorithm,pw-20261009,rc=0 secs=1 gpr=proof.gpr
concurrency/SPARK2/Ada-SPARK-Task-Scheduler,pw-20261009,rc=0 secs=1 gpr=task_scheduler.gpr
concurrency/SPARK2/Ada-SPARK-Task-Scheduler-Stub,pw-20261009,rc=0 secs=3 gpr=proof.gpr
concurrency/SPARK2/Course-Schedule,pw-20261009,rc=0 secs=5 gpr=proof.gpr
cryptography/SPARK2/Ada-SPARK-Level-Order-Traversal-Stub,pw-20261009,rc=0 secs=2 gpr=proof.gpr
cryptography/SPARK2/Ada-SPARK-MD5,pw-20261009,rc=0 secs=1 gpr=md5.gpr
cryptography/SPARK2/Ada-SPARK-SHA-1,pw-20261009,rc=0 secs=1 gpr=sha_1.gpr
cryptography/SPARK2/Bit-Reversal,pw-20261009,rc=0 secs=1 gpr=bit_reversal.gpr
geometry/SPARK2/Ada-SPARK-Convex-Hull-Graham,pw-20261009,rc=0 secs=15 gpr=convex_hull_graham.gpr
geometry/SPARK2/Ada-SPARK-Point-In-Polygon,pw-20261009,rc=0 secs=12 gpr=point_in_polygon.gpr
geometry/SPARK2/Closest-Pair-Brute,pw-20261009,rc=crash secs=76 gpr=closest_pair_brute.gpr
graphs/SPARK2/Ada-SPARK-Bellman-Ford-Lite,pw-20261009,rc=crash secs=65 gpr=bellman_ford_lite.gpr
graphs/SPARK2/Ada-SPARK-Clone-Graph,pw-20261009,rc=0 secs=34 gpr=clone_graph.gpr
graphs/SPARK2/Ada-SPARK-Clone-Graph-Stub,pw-20261009,rc=0 secs=1 gpr=proof.gpr
graphs/SPARK2/Ada-SPARK-Dijkstra-Lite,pw-20261009,rc=0 secs=2 gpr=dijkstra_lite.gpr
graphs/SPARK2/Ada-SPARK-Find-Center-Of-Star-Graph,pw-20261009,rc=0 secs=2 gpr=find_center_of_star_graph.gpr
graphs/SPARK2/Ada-SPARK-Find-If-Path-Exists-In-Graph,pw-20261009,rc=0 secs=13 gpr=find_if_path_exists_in_graph.gpr
graphs/SPARK2/Ada-SPARK-Floyd-Warshall,pw-20261009,rc=0 secs=119 gpr=floyd_warshall.gpr
graphs/SPARK2/Ada-SPARK-Floyd-Warshall-Lite,pw-20261009,rc=0 secs=2 gpr=floyd_warshall_lite.gpr
graphs/SPARK2/Ada-SPARK-Is-Graph-Bipartite,pw-20261009,rc=crash secs=25 gpr=is_graph_bipartite.gpr
graphs/SPARK2/Ada-SPARK-Kruskal-MST-Lite,pw-20261009,rc=0 secs=6 gpr=kruskal_mst_lite.gpr
graphs/SPARK2/Ada-SPARK-Kruskals-Algorithm,pw-20261009,rc=0 secs=78 gpr=kruskals_algorithm.gpr
graphs/SPARK2/Ada-SPARK-Number-Of-Islands-DFS,pw-20261009,rc=0 secs=8 gpr=number_of_islands_dfs.gpr
graphs/SPARK2/Ada-SPARK-Prims-Algorithm,pw-20261009,rc=0 secs=5 gpr=prims_algorithm.gpr
graphs/SPARK2/Ada-SPARK-Shortest-Path-In-Binary-Matrix,pw-20261009,rc=0 secs=2 gpr=shortest_path_in_binary_matrix.gpr
graphs/SPARK2/Bellman-Ford-Algorithm,pw-20261009,rc=crash secs=59 gpr=bellman_ford_algorithm.gpr
graphs/SPARK4/A-Star,pw-20261009,rc=0 secs=54 gpr=a_star.gpr
graphs/SPARK4/Ada-SPARK-Dijkstras-Algorithm,pw-20261009,rc=0 secs=51 gpr=dijkstras_algorithm.gpr
graphs/SPARK4/Ada-SPARK-Floyds-Cycle-Finding-Algorithm,pw-20261009,rc=0 secs=18 gpr=floyds_cycle_finding_algorithm.gpr
hashing/SPARK2/Ada-SPARK-Design-HashMap,pw-20261009,rc=0 secs=1 gpr=proof.gpr
hashing/SPARK2/Ada-SPARK-Design-HashMap-Stub,pw-20261009,rc=0 secs=1 gpr=design_hashmap_stub.gpr
hashing/SPARK2/Ada-SPARK-Design-HashSet,pw-20261009,rc=0 secs=1 gpr=proof.gpr
hashing/SPARK2/Ada-SPARK-Design-HashSet-Stub,pw-20261009,rc=0 secs=1 gpr=proof.gpr
hashing/SPARK2/Ada-SPARK-FNV-Hash,pw-20261009,rc=0 secs=1 gpr=fnv_hash.gpr
hashing/SPARK2/Ada-SPARK-Pearson-Hashing,pw-20261009,rc=0 secs=7 gpr=pearson_hashing.gpr
hashing/SPARK2/Ada-SPARK-Zobrist-Hashing,pw-20261009,rc=0 secs=1 gpr=zobrist_hashing.gpr
hashing/SPARK2/Bloom-Filter,pw-20261009,rc=0 secs=2 gpr=bloom_filter.gpr
matrices/SPARK2/Ada-SPARK-Check-If-Matrix-Is-X-Matrix,pw-20261009,rc=0 secs=0 gpr=proof.gpr
matrices/SPARK2/Ada-SPARK-Gaussian-Elimination,pw-20261009,rc=0 secs=2 gpr=gaussian_elimination.gpr
matrices/SPARK2/Ada-SPARK-Lucky-Numbers-In-A-Matrix,pw-20261009,rc=0 secs=5 gpr=lucky_numbers.gpr
matrices/SPARK2/Ada-SPARK-Matrix-Cells-In-Distance-Order,pw-20261009,rc=0 secs=29 gpr=matrix_cells_in_distance_order.gpr
matrices/SPARK2/Ada-SPARK-Matrix-Chain-Multiplication,pw-20261009,rc=0 secs=1 gpr=matrix_chain_multiplication.gpr
matrices/SPARK2/Ada-SPARK-Matrix-Diagonal-Sum,pw-20261009,rc=0 secs=1 gpr=matrix_diagonal_sum.gpr
matrices/SPARK2/Ada-SPARK-Matrix-Multiply,pw-20261009,rc=0 secs=1 gpr=matrix_multiply.gpr
matrices/SPARK2/Ada-SPARK-Num-Matrix-Block-Sum,pw-20261009,rc=0 secs=1 gpr=num_matrix_block_sum.gpr
matrices/SPARK2/Ada-SPARK-Reshape-The-Matrix,pw-20261009,rc=0 secs=0 gpr=reshape_the_matrix.gpr
matrices/SPARK2/Ada-SPARK-Set-Matrix-Zeroes,pw-20261009,rc=0 secs=1 gpr=set_matrix_zeroes.gpr
matrices/SPARK2/Ada-SPARK-Spiral-Matrix,pw-20261009,rc=0 secs=0 gpr=spiral_matrix.gpr
matrices/SPARK2/Ada-SPARK-Spiral-Matrix-II,pw-20261009,rc=0 secs=1 gpr=spiral_matrix_ii.gpr
matrices/SPARK2/Ada-SPARK-The-K-Weakest-Rows-In-A-Matrix,pw-20261009,rc=0 secs=1 gpr=proof.gpr
matrices/SPARK2/Ada-SPARK-Toeplitz-Matrix,pw-20261009,rc=0 secs=1 gpr=toeplitz_matrix.gpr
matrices/SPARK2/Ada-SPARK-Transpose-Matrix,pw-20261009,rc=0 secs=2 gpr=transpose_matrix.gpr
matrices/SPARK2/Matrix-01,pw-20261009,rc=0 secs=2 gpr=matrix_01.gpr
misc/SPARK2/Ada-SPARK-3Sum-Closest,pw-20261009,rc=0 secs=1 gpr=proof.gpr
misc/SPARK2/Ada-SPARK-4Sum-II,pw-20261009,rc=crash secs=33 gpr=proof.gpr
misc/SPARK2/Ada-SPARK-Accounts-Merge-Lite,pw-20261009,rc=0 secs=1 gpr=accounts_merge_lite.gpr
misc/SPARK2/Ada-SPARK-Accounts-Merge-Stub,pw-20261009,rc=0 secs=1 gpr=proof.gpr
misc/SPARK2/Ada-SPARK-Add-Binary,pw-20261009,rc=0 secs=6 gpr=add_binary.gpr
misc/SPARK2/Ada-SPARK-Add-Digits,pw-20261009,rc=0 secs=1 gpr=proof.gpr
misc/SPARK2/Ada-SPARK-Add-Two-Numbers,pw-20261009,rc=0 secs=0 gpr=proof.gpr
misc/SPARK2/Ada-SPARK-Add-Two-Numbers-II,pw-20261009,rc=0 secs=0 gpr=proof.gpr
misc/SPARK2/Ada-SPARK-Add-Without-Plus,pw-20261009,rc=0 secs=2 gpr=proof.gpr
misc/SPARK2/Ada-SPARK-Adler32,pw-20261009,rc=0 secs=2 gpr=adler32.gpr
misc/SPARK2/Ada-SPARK-Alert-Using-Same-Key-Card-Stub,pw-20261009,rc=0 secs=1 gpr=proof.gpr
misc/SPARK2/Ada-SPARK-Alien-Dictionary-Lite,pw-20261009,rc=0 secs=2 gpr=alien_dictionary.gpr
misc/SPARK2/Ada-SPARK-Alien-Dictionary-Stub,pw-20261009,rc=0 secs=1 gpr=proof.gpr
misc/SPARK2/Ada-SPARK-All-Paths-From-Source-To-Target,pw-20261009,rc=crash secs=752 gpr=all_paths_from_source_to_target.gpr
misc/SPARK2/Ada-SPARK-Argmax,pw-20261009,rc=0 secs=1 gpr=proof.gpr
misc/SPARK2/Ada-SPARK-Arranging-Coins,pw-20261009,rc=0 secs=1 gpr=proof.gpr
misc/SPARK2/Ada-SPARK-Array-Partition-I,pw-20261009,rc=0 secs=3 gpr=array_partition_i.gpr
misc/SPARK2/Ada-SPARK-As-Far-From-Land-As-Possible,pw-20261009,rc=0 secs=3 gpr=as_far_from_land_as_possible.gpr
misc/SPARK2/Ada-SPARK-Assign-Cookies,pw-20261009,rc=0 secs=1 gpr=assign_cookies_project.gpr
misc/SPARK2/Ada-SPARK-Asteroid-Collision,pw-20261009,rc=0 secs=1 gpr=asteroid_collision.gpr
misc/SPARK2/Ada-SPARK-Authentication-Manager-Stub,pw-20261009,rc=0 secs=1 gpr=proof.gpr
misc/SPARK2/Ada-SPARK-Available-Captures-For-Rook,pw-20261009,rc=0 secs=2 gpr=available_captures_for_rook.gpr
misc/SPARK2/Ada-SPARK-Bankers-Algorithm,pw-20261009,rc=0 secs=2 gpr=proof.gpr
misc/SPARK2/Ada-SPARK-Base64-Decode,pw-20261009,rc=0 secs=1 gpr=base64_decode.gpr
misc/SPARK2/Ada-SPARK-Base64-Encode,pw-20261009,rc=0 secs=1 gpr=base64_encode.gpr
misc/SPARK2/Ada-SPARK-Baseball-Game,pw-20261009,rc=0 secs=1 gpr=proof.gpr
misc/SPARK2/Ada-SPARK-Basic-Calculator,pw-20261009,rc=0 secs=1 gpr=basic_calculator.gpr
misc/SPARK2/Ada-SPARK-Basic-Calculator-II,pw-20261009,rc=0 secs=1 gpr=proof.gpr
misc/SPARK2/Ada-SPARK-Basic-Calculator-Stub,pw-20261009,rc=0 secs=1 gpr=basic_calculator_stub.gpr
misc/SPARK2/Ada-SPARK-Beautiful-Arrangement,pw-20261009,rc=0 secs=4 gpr=proof.gpr
misc/SPARK2/Ada-SPARK-Beautiful-Array-Lite,pw-20261009,rc=0 secs=2 gpr=proof.gpr
misc/SPARK2/Ada-SPARK-Best-Time-To-Buy-And-Sell-Stock,pw-20261009,rc=0 secs=2 gpr=proof.gpr
misc/SPARK2/Ada-SPARK-Best-Time-To-Buy-And-Sell-Stock-II,pw-20261009,rc=0 secs=3 gpr=proof.gpr
misc/SPARK2/Ada-SPARK-Best-Time-To-Buy-And-Sell-Stock-With-Cooldownoldown,pw-20261009,rc=0 secs=7 gpr=proof.gpr
misc/SPARK2/Ada-SPARK-Binary-Number-With-Alternating-Bits,pw-20261009,rc=0 secs=1 gpr=binary_number_with_alternating_bits.gpr
misc/SPARK2/Ada-SPARK-Binary-To-Integer,pw-20261009,rc=0 secs=1 gpr=Binary_To_Integer.gpr
misc/SPARK2/Ada-SPARK-Binary-Watch,pw-20261009,rc=0 secs=1 gpr=binary_watch.gpr
misc/SPARK2/Ada-SPARK-Binomial-Coefficient,pw-20261009,rc=0 secs=5 gpr=proof.gpr
misc/SPARK2/Ada-SPARK-Bitset,pw-20261009,rc=0 secs=1 gpr=bitset.gpr
misc/SPARK2/Ada-SPARK-Bitwise-AND-Of-Numbers-Range,pw-20261009,rc=0 secs=1 gpr=bitwise_and_of_numbers_range.gpr
misc/SPARK2/Ada-SPARK-Bitwise-OR-Of-Numbers-Range,pw-20261009,rc=0 secs=2 gpr=Bitwise_Or_Of_Numbers_Range.gpr
misc/SPARK2/Ada-SPARK-Bitwise-ORs-Of-Subarrays-Lite,pw-20261009,rc=0 secs=1 gpr=bitwise_ors_of_subarrays_lite.gpr
misc/SPARK2/Ada-SPARK-Bitwise-XOR-Of-All-Pairings,pw-20261009,rc=0 secs=0 gpr=bitwise_xor_of_all_pairings.gpr
misc/SPARK2/Ada-SPARK-Boats-To-Save-People,pw-20261009,rc=0 secs=1 gpr=boats_to_save_people.gpr
misc/SPARK2/Ada-SPARK-Bounding-Box,pw-20261009,rc=0 secs=4 gpr=bounding_box.gpr
misc/SPARK2/Ada-SPARK-Bray-Curtis,pw-20261009,rc=0 secs=1 gpr=bray_curtis.gpr
misc/SPARK2/Ada-SPARK-Broken-Calculator,pw-20261009,rc=0 secs=2 gpr=broken_calculator.gpr
misc/SPARK2/Ada-SPARK-Browser-History-Stub,pw-20261009,rc=0 secs=1 gpr=proof.gpr
misc/SPARK2/Ada-SPARK-Buddy-Memory-Allocation,pw-20261009,rc=0 secs=1 gpr=proof.gpr
misc/SPARK2/Ada-SPARK-Bulb-Switcher,pw-20261009,rc=0 secs=1 gpr=proof.gpr
misc/SPARK2/Ada-SPARK-Bulb-Switcher-Stub,pw-20261009,rc=0 secs=1 gpr=proof.gpr
misc/SPARK2/Ada-SPARK-Bump-Arena,pw-20261009,rc=0 secs=5 gpr=proof.gpr
misc/SPARK2/Ada-SPARK-CRC32,pw-20261009,rc=0 secs=6 gpr=crc32.gpr
misc/SPARK2/Ada-SPARK-CSR-Row-Sum,pw-20261009,rc=0 secs=1 gpr=csr_row_sum.gpr
misc/SPARK2/Ada-SPARK-Can-Place-Flowers,pw-20261009,rc=0 secs=1 gpr=can_place_flowers.gpr
misc/SPARK2/Ada-SPARK-Canberra-Distance,pw-20261009,rc=0 secs=2 gpr=canberra_distance.gpr
misc/SPARK2/Ada-SPARK-Candy,pw-20261009,rc=0 secs=1 gpr=candy_project.gpr
misc/SPARK2/Ada-SPARK-Capacity-To-Ship-Packages,pw-20261009,rc=0 secs=44 gpr=proof.gpr
misc/SPARK2/Ada-SPARK-Car-Pooling,pw-20261009,rc=0 secs=3 gpr=car_pooling.gpr
misc/SPARK2/Ada-SPARK-Cheapest-Flights,pw-20261009,rc=0 secs=1 gpr=cheapest_flights.gpr
misc/SPARK2/Ada-SPARK-Cheapest-Flights-Stub,pw-20261009,rc=0 secs=1 gpr=proof.gpr
misc/SPARK2/Ada-SPARK-Cheapest-Flights-Within-K-Stops,pw-20261009,rc=0 secs=136 gpr=proof.gpr
misc/SPARK2/Ada-SPARK-Check-If-Number-Is-A-Sum-Of-Powers-Of-Three,pw-20261009,rc=0 secs=1 gpr=proof.gpr
misc/SPARK2/Ada-SPARK-Check-If-The-Sentence-Is-Pangram,pw-20261009,rc=0 secs=1 gpr=proof.gpr
misc/SPARK2/Ada-SPARK-Checksum-Ones-Complement,pw-20261009,rc=0 secs=2 gpr=checksum_ones_complement.gpr
misc/SPARK2/Ada-SPARK-Cherry-Pickup-Lite,pw-20261009,rc=0 secs=0 gpr=cherry_pickup_lite.gpr
misc/SPARK2/Ada-SPARK-Circular-Deque-Stub,pw-20261009,rc=0 secs=2 gpr=proof.gpr
misc/SPARK2/Ada-SPARK-Circular-Queue,pw-20261009,rc=0 secs=2 gpr=circular_queue.gpr
misc/SPARK2/Ada-SPARK-Clamp,pw-20261009,rc=0 secs=1 gpr=proof.gpr
misc/SPARK2/Ada-SPARK-Climbing-Stairs,pw-20261009,rc=0 secs=14 gpr=climbing_stairs.gpr
misc/SPARK2/Ada-SPARK-Clock-Page-Replacement,pw-20261009,rc=0 secs=1 gpr=proof.gpr
misc/SPARK2/Ada-SPARK-Coin-Change,pw-20261009,rc=0 secs=1 gpr=coin_change.gpr
misc/SPARK2/Ada-SPARK-Coin-Change-II,pw-20261009,rc=0 secs=6 gpr=coin_change_ii_project.gpr
misc/SPARK2/Ada-SPARK-Combination-Iterator-Stub,pw-20261009,rc=0 secs=2 gpr=proof.gpr
misc/SPARK2/Ada-SPARK-Combination-Sum,pw-20261009,rc=0 secs=28 gpr=combination_sum.gpr
misc/SPARK2/Ada-SPARK-Combination-Sum-II,pw-20261009,rc=0 secs=26 gpr=combination_sum_ii.gpr
misc/SPARK2/Ada-SPARK-Combination-Sum-III,pw-20261009,rc=0 secs=1 gpr=proof.gpr
misc/SPARK2/Ada-SPARK-Combination-Sum-IV,pw-20261009,rc=0 secs=7 gpr=proof.gpr
misc/SPARK2/Ada-SPARK-Complement-Of-Base-10,pw-20261009,rc=0 secs=1 gpr=complement_of_base_10.gpr
misc/SPARK2/Ada-SPARK-Complement-Of-Base-10-Integer,pw-20261009,rc=0 secs=2 gpr=Complement_Of_Base_10_Integer.gpr
misc/SPARK2/Ada-SPARK-Connected-Component-Labeling,pw-20261009,rc=0 secs=13 gpr=connected_component_labeling.gpr
misc/SPARK2/Ada-SPARK-Container-With-Most-Water,pw-20261009,rc=0 secs=1 gpr=proof.gpr
misc/SPARK2/Ada-SPARK-Contains-Duplicate,pw-20261009,rc=0 secs=1 gpr=contains_duplicate.gpr
misc/SPARK2/Ada-SPARK-Contains-Duplicate-II,pw-20261009,rc=0 secs=5 gpr=proof.gpr
misc/SPARK2/Ada-SPARK-Contiguous-Array,pw-20261009,rc=0 secs=1 gpr=contiguous_array.gpr
misc/SPARK2/Ada-SPARK-Continuous-Subarray-Sum,pw-20261009,rc=0 secs=1 gpr=continuous_subarray_sum.gpr
misc/SPARK2/Ada-SPARK-Convert-1D-Array-Into-2D-Array,pw-20261009,rc=0 secs=1 gpr=proof.gpr
misc/SPARK2/Ada-SPARK-Convert-A-Number-To-Hexadecimal,pw-20261009,rc=0 secs=1 gpr=Convert_A_Number_To_Hexadecimal.gpr
misc/SPARK2/Ada-SPARK-Convert-Binary-Number-In-A-Linked-List-To-Integer,pw-20261009,rc=0 secs=39 gpr=proof.gpr
misc/SPARK2/Ada-SPARK-Copy-List-With-Random-Pointer-Lite,pw-20261009,rc=0 secs=2 gpr=proof.gpr
misc/SPARK2/Ada-SPARK-Corporate-Flight-Bookings,pw-20261009,rc=0 secs=1 gpr=corporate_flight_bookings.gpr
misc/SPARK2/Ada-SPARK-Cosine-Distance,pw-20261009,rc=0 secs=4 gpr=cosine_distance.gpr
misc/SPARK2/Ada-SPARK-Cosine-Similarity,pw-20261009,rc=0 secs=1 gpr=cosine_similarity.gpr
misc/SPARK2/Ada-SPARK-Count-And-Say,pw-20261009,rc=0 secs=1 gpr=count_and_say.gpr
misc/SPARK2/Ada-SPARK-Count-And-Say-Stub,pw-20261009,rc=0 secs=5 gpr=count_and_say_stub.gpr
misc/SPARK2/Ada-SPARK-Count-Odd-Numbers-In-An-Interval,pw-20261009,rc=0 secs=1 gpr=proof.gpr
misc/SPARK2/Ada-SPARK-Count-Of-Smaller-Numbers-After-Self-Lite,pw-20261009,rc=0 secs=4 gpr=proof.gpr
misc/SPARK2/Ada-SPARK-Count-Operations-To-Obtain-Zero,pw-20261009,rc=0 secs=1 gpr=proof.gpr
misc/SPARK2/Ada-SPARK-Count-Square-Submatrices-With-All-Ones,pw-20261009,rc=0 secs=3 gpr=count_square_submatrices_with_all_ones.gpr
misc/SPARK2/Ada-SPARK-Count-Sub-Islands,pw-20261009,rc=0 secs=4 gpr=count_sub_islands.gpr
misc/SPARK2/Ada-SPARK-Count-Triplets-That-Can-Form-Two-Arrays-Of-Equal-XOR,pw-20261009,rc=0 secs=1 gpr=count_triplets_equal_xor.gpr
misc/SPARK2/Ada-SPARK-Counting-Bits,pw-20261009,rc=0 secs=1 gpr=proof.gpr
misc/SPARK2/Ada-SPARK-Covariance,pw-20261009,rc=0 secs=1 gpr=covariance.gpr
misc/SPARK2/Ada-SPARK-Crawler-Log-Folder,pw-20261009,rc=0 secs=1 gpr=proof.gpr
misc/SPARK2/Ada-SPARK-Create-Maximum-Number-Lite,pw-20261009,rc=0 secs=1 gpr=create_maximum_number_lite.gpr
misc/SPARK2/Ada-SPARK-Critical-Connections-In-A-Network-Lite,pw-20261009,rc=0 secs=1 gpr=proof.gpr
misc/SPARK2/Ada-SPARK-Daily-Temperatures,pw-20261009,rc=0 secs=2 gpr=daily_temperatures.gpr
misc/SPARK2/Ada-SPARK-Decode-Ways,pw-20261009,rc=0 secs=17 gpr=proof.gpr
misc/SPARK2/Ada-SPARK-Decode-Ways-Stub,pw-20261009,rc=0 secs=2 gpr=decode_ways_stub.gpr
misc/SPARK2/Ada-SPARK-Decode-XORed-Array,pw-20261009,rc=0 secs=0 gpr=decode_xored_array.gpr
misc/SPARK2/Ada-SPARK-Defanging-An-IP-Address,pw-20261009,rc=0 secs=1 gpr=proof.gpr
misc/SPARK2/Ada-SPARK-Degree-Of-An-Array,pw-20261009,rc=0 secs=1 gpr=degree_of_an_array.gpr
misc/SPARK2/Ada-SPARK-Delete-And-Earn,pw-20261009,rc=0 secs=15 gpr=delete_and_earn.gpr
misc/SPARK2/Ada-SPARK-Delete-And-Earn-Stub,pw-20261009,rc=0 secs=2 gpr=proof.gpr
misc/SPARK2/Ada-SPARK-Delete-Node-In-A-Linked-List,pw-20261009,rc=0 secs=4 gpr=proof.gpr
misc/SPARK2/Ada-SPARK-Delete-The-Middle-Node,pw-20261009,rc=0 secs=8 gpr=proof.gpr
misc/SPARK2/Ada-SPARK-Delta-Encoding,pw-20261009,rc=0 secs=1 gpr=delta_encoding.gpr
misc/SPARK2/Ada-SPARK-Deque-Bounded,pw-20261009,rc=0 secs=2 gpr=deque_bounded.gpr
misc/SPARK2/Ada-SPARK-Design-A-Leaderboard,pw-20261009,rc=0 secs=1 gpr=design_a_leaderboard.gpr
misc/SPARK2/Ada-SPARK-Design-A-Stack-With-Increment,pw-20261009,rc=0 secs=3 gpr=proof.gpr
misc/SPARK2/Ada-SPARK-Design-A-Stack-With-Increment-Operation,pw-20261009,rc=0 secs=2 gpr=proof.gpr
misc/SPARK2/Ada-SPARK-Design-An-Ordered-Stream,pw-20261009,rc=0 secs=2 gpr=proof.gpr
misc/SPARK2/Ada-SPARK-Design-Bitset,pw-20261009,rc=0 secs=1 gpr=design_bitset.gpr
misc/SPARK2/Ada-SPARK-Design-Browser-History,pw-20261009,rc=0 secs=2 gpr=proof.gpr
misc/SPARK2/Ada-SPARK-Design-Circular-Deque,pw-20261009,rc=0 secs=2 gpr=proof.gpr
misc/SPARK2/Ada-SPARK-Design-Circular-Queue,pw-20261009,rc=0 secs=2 gpr=proof.gpr
misc/SPARK2/Ada-SPARK-Design-Circular-Queue-Stub,pw-20261009,rc=0 secs=2 gpr=proof.gpr
misc/SPARK2/Ada-SPARK-Design-Food-Rating-System,pw-20261009,rc=0 secs=1 gpr=design_food_rating_system.gpr
misc/SPARK2/Ada-SPARK-Design-Front-Middle-Back-Queue,pw-20261009,rc=0 secs=2 gpr=design_front_middle_back_queue.gpr
misc/SPARK2/Ada-SPARK-Design-Front-Middle-Back-Queue-Stub,pw-20261009,rc=0 secs=1 gpr=proof.gpr
misc/SPARK2/Ada-SPARK-Design-Hit-Counter-Lite,pw-20261009,rc=0 secs=1 gpr=proof.gpr
misc/SPARK2/Ada-SPARK-Design-Linked-List,pw-20261009,rc=0 secs=3 gpr=proof.gpr
misc/SPARK2/Ada-SPARK-Design-Number-Container-System,pw-20261009,rc=0 secs=2 gpr=design_number_container_system.gpr
misc/SPARK2/Ada-SPARK-Design-Ordered-Stream,pw-20261009,rc=0 secs=2 gpr=proof.gpr
misc/SPARK2/Ada-SPARK-Design-Parking-System-II,pw-20261009,rc=0 secs=2 gpr=proof.gpr
misc/SPARK2/Ada-SPARK-Design-Skiplist-Lite,pw-20261009,rc=0 secs=2 gpr=proof.gpr
misc/SPARK2/Ada-SPARK-Design-Twitter-Lite,pw-20261009,rc=0 secs=2 gpr=proof.gpr
misc/SPARK2/Ada-SPARK-Design-Underground-System-Lite,pw-20261009,rc=0 secs=2 gpr=proof.gpr
misc/SPARK2/Ada-SPARK-Detect-Capital,pw-20261009,rc=0 secs=1 gpr=detect_capital.gpr
misc/SPARK2/Ada-SPARK-Diagonal-Traverse,pw-20261009,rc=0 secs=1 gpr=diagonal_traverse.gpr
misc/SPARK2/Ada-SPARK-Dice-Coefficient,pw-20261009,rc=0 secs=2 gpr=dice_coefficient.gpr
misc/SPARK2/Ada-SPARK-Difference-Array,pw-20261009,rc=0 secs=1 gpr=difference_array.gpr
misc/SPARK2/Ada-SPARK-Different-Ways-To-Add-Parentheses-Lite,pw-20261009,rc=0 secs=80 gpr=proof.gpr
misc/SPARK2/Ada-SPARK-Disjoint-Set-Forest,pw-20261009,rc=0 secs=1 gpr=disjoint_set_forest.gpr
misc/SPARK2/Ada-SPARK-Distinct-Subsequences,pw-20261009,rc=crash secs=154 gpr=distinct_subsequences.gpr
misc/SPARK2/Ada-SPARK-Divisor-Game,pw-20261009,rc=0 secs=1 gpr=divisor_game.gpr
misc/SPARK2/Ada-SPARK-Domino-And-Tromino-Tiling-Lite,pw-20261009,rc=0 secs=4 gpr=domino_and_tromino_tiling_lite.gpr
misc/SPARK2/Ada-SPARK-Dot-Product,pw-20261009,rc=0 secs=1 gpr=dot_product.gpr
misc/SPARK2/Ada-SPARK-Dungeon-Game-Lite,pw-20261009,rc=0 secs=1 gpr=dungeon_game_lite.gpr
misc/SPARK2/Ada-SPARK-Duplicate-Zeros,pw-20261009,rc=0 secs=3 gpr=duplicate_zeros.gpr
misc/SPARK2/Ada-SPARK-Dutch-National-Flag,pw-20261009,rc=0 secs=2 gpr=dutch_national_flag.gpr
misc/SPARK2/Ada-SPARK-Earliest-Deadline-First-Scheduling,pw-20261009,rc=0 secs=1 gpr=proof.gpr
misc/SPARK2/Ada-SPARK-Elevator-Algorithm,pw-20261009,rc=0 secs=1 gpr=proof.gpr
misc/SPARK2/Ada-SPARK-Eliminate-Maximum-Number-Of-Monsters,pw-20261009,rc=0 secs=1 gpr=eliminate_maximum_number_of_monsters.gpr
misc/SPARK2/Ada-SPARK-Encode-And-Decode-TinyURL-Stub,pw-20261009,rc=0 secs=0 gpr=encode_and_decode_tinyurl_stub.gpr
misc/SPARK2/Ada-SPARK-Euclidean-Distance,pw-20261009,rc=0 secs=2 gpr=euclidean_distance.gpr
misc/SPARK2/Ada-SPARK-Eval-RPN,pw-20261009,rc=0 secs=1 gpr=eval_rpn.gpr
misc/SPARK2/Ada-SPARK-Evaluate-Division-Lite,pw-20261009,rc=0 secs=1 gpr=evaluate_division_lite.gpr
misc/SPARK2/Ada-SPARK-Evaluate-Division-Stub,pw-20261009,rc=0 secs=2 gpr=proof.gpr
misc/SPARK2/Ada-SPARK-Evaluate-Reverse-Polish-Notation,pw-20261009,rc=0 secs=1 gpr=evaluate_reverse_polish_notation.gpr
misc/SPARK2/Ada-SPARK-Excel-Sheet-Column,pw-20261009,rc=0 secs=1 gpr=excel_sheet_column.gpr
misc/SPARK2/Ada-SPARK-Excel-Sheet-Column-Number,pw-20261009,rc=0 secs=1 gpr=proof.gpr
misc/SPARK2/Ada-SPARK-Excel-Sheet-Column-Title,pw-20261009,rc=0 secs=1 gpr=proof.gpr
misc/SPARK2/Ada-SPARK-Exclusive-Time-Of-Functions-Lite,pw-20261009,rc=0 secs=1 gpr=proof.gpr
misc/SPARK2/Ada-SPARK-Factorial,pw-20261009,rc=0 secs=2 gpr=proof.gpr
misc/SPARK2/Ada-SPARK-Factorial-Trailing-Zeroes,pw-20261009,rc=0 secs=1 gpr=factorial_trailing_zeroes.gpr
misc/SPARK2/Ada-SPARK-Fair-Candy-Swap,pw-20261009,rc=0 secs=12 gpr=fair_candy_swap.gpr
misc/SPARK2/Ada-SPARK-Fast-Pow,pw-20261009,rc=0 secs=5 gpr=proof.gpr
misc/SPARK2/Ada-SPARK-Fibonacci-DP,pw-20261009,rc=0 secs=1 gpr=proof.gpr
misc/SPARK2/Ada-SPARK-Fibonacci-Number,pw-20261009,rc=0 secs=2 gpr=proof.gpr
misc/SPARK2/Ada-SPARK-Final-Prices-With-A-Special-Discount,pw-20261009,rc=0 secs=1 gpr=proof.gpr
misc/SPARK2/Ada-SPARK-Find-All-Duplicates-In-An-Array,pw-20261009,rc=0 secs=3 gpr=proof.gpr
misc/SPARK2/Ada-SPARK-Find-All-Numbers-Disappeared,pw-20261009,rc=0 secs=1 gpr=find_all_numbers_disappeared.gpr
misc/SPARK2/Ada-SPARK-Find-Common-Characters,pw-20261009,rc=0 secs=1 gpr=find_common_characters.gpr
misc/SPARK2/Ada-SPARK-Find-First-And-Last-Position,pw-20261009,rc=0 secs=5 gpr=find_first_and_last_position.gpr
misc/SPARK2/Ada-SPARK-Find-K-Closest-Elements,pw-20261009,rc=0 secs=1 gpr=proof.gpr
misc/SPARK2/Ada-SPARK-Find-Median-Data-Stream-Stub,pw-20261009,rc=0 secs=9 gpr=proof.gpr
misc/SPARK2/Ada-SPARK-Find-Median-From-Data-Stream,pw-20261009,rc=0 secs=33 gpr=proof.gpr
misc/SPARK2/Ada-SPARK-Find-Peak-Element,pw-20261009,rc=0 secs=3 gpr=proof.gpr
misc/SPARK2/Ada-SPARK-Find-The-City,pw-20261009,rc=crash secs=56 gpr=find_the_city.gpr
misc/SPARK2/Ada-SPARK-Find-The-City-With-Smallest-Number-Of-Neighbors,pw-20261009,rc=0 secs=1 gpr=proof.gpr
misc/SPARK2/Ada-SPARK-Find-The-Difference,pw-20261009,rc=0 secs=0 gpr=find_the_difference.gpr
misc/SPARK2/Ada-SPARK-Find-The-Duplicate-Number,pw-20261009,rc=0 secs=3 gpr=proof.gpr
misc/SPARK2/Ada-SPARK-Find-The-Original-Array-Of-Prefix-XOR,pw-20261009,rc=0 secs=0 gpr=find_the_original_array_of_prefix_xor.gpr
misc/SPARK2/Ada-SPARK-Find-The-Smallest-Divisor,pw-20261009,rc=0 secs=14 gpr=proof.gpr
misc/SPARK2/Ada-SPARK-Find-The-Town-Judge,pw-20261009,rc=0 secs=97 gpr=find_the_town_judge.gpr
misc/SPARK2/Ada-SPARK-Find-Words-That-Can-Be-Formed,pw-20261009,rc=0 secs=1 gpr=proof.gpr
misc/SPARK2/Ada-SPARK-First-Bad-Version,pw-20261009,rc=0 secs=1 gpr=proof.gpr
misc/SPARK2/Ada-SPARK-First-Unique-Char,pw-20261009,rc=0 secs=2 gpr=first_unique_char.gpr
misc/SPARK2/Ada-SPARK-First-Unique-Character,pw-20261009,rc=0 secs=26 gpr=first_unique_character.gpr
misc/SPARK2/Ada-SPARK-Fisher-Yates-Shuffle,pw-20261009,rc=0 secs=3 gpr=fisher_yates_shuffle.gpr
misc/SPARK2/Ada-SPARK-Fixed-Point-Iteration,pw-20261009,rc=0 secs=1 gpr=fixed_point_iteration.gpr
misc/SPARK2/Ada-SPARK-Fizz-Buzz,pw-20261009,rc=0 secs=1 gpr=proof.gpr
misc/SPARK2/Ada-SPARK-Flatten-Nested-List-Stub,pw-20261009,rc=0 secs=1 gpr=proof.gpr
misc/SPARK2/Ada-SPARK-Flipping-An-Image,pw-20261009,rc=0 secs=1 gpr=flipping_an_image.gpr
misc/SPARK2/Ada-SPARK-Flood-Fill,pw-20261009,rc=0 secs=12 gpr=flood_fill.gpr
misc/SPARK2/Ada-SPARK-Four-Sum,pw-20261009,rc=0 secs=1 gpr=proof.gpr
misc/SPARK2/Ada-SPARK-Fruit-Into-Baskets,pw-20261009,rc=0 secs=89 gpr=fruit_into_baskets.gpr
misc/SPARK2/Ada-SPARK-Game-Of-Life-Step,pw-20261009,rc=0 secs=91 gpr=game_of_life_step.gpr
misc/SPARK2/Ada-SPARK-Gas-Station,pw-20261009,rc=0 secs=1 gpr=gas_station_project.gpr
misc/SPARK2/Ada-SPARK-Generate-Parentheses,pw-20261009,rc=0 secs=0 gpr=generate_parentheses.gpr
misc/SPARK2/Ada-SPARK-Get-Maximum-In-Generated-Array,pw-20261009,rc=0 secs=7 gpr=get_maximum_in_generated_array.gpr
misc/SPARK2/Ada-SPARK-Goat-Latin,pw-20261009,rc=0 secs=1 gpr=proof.gpr
misc/SPARK2/Ada-SPARK-Gray-Code,pw-20261009,rc=0 secs=1 gpr=gray_code.gpr
misc/SPARK2/Ada-SPARK-Greatest-Common-Divisor,pw-20261009,rc=0 secs=1 gpr=proof.gpr
misc/SPARK2/Ada-SPARK-Group-Anagrams,pw-20261009,rc=0 secs=56 gpr=group_anagrams.gpr
misc/SPARK2/Ada-SPARK-Group-Anagrams-Stub,pw-20261009,rc=0 secs=57 gpr=group_anagrams_stub.gpr
misc/SPARK2/Ada-SPARK-Grumpy-Bookstore-Owner,pw-20261009,rc=0 secs=11 gpr=proof.gpr
misc/SPARK2/Ada-SPARK-Guess-Number-Higher-Or-Lower,pw-20261009,rc=0 secs=2 gpr=proof.gpr
misc/SPARK2/Ada-SPARK-Hamming-Code,pw-20261009,rc=0 secs=1 gpr=hamming_code.gpr
misc/SPARK2/Ada-SPARK-Hamming-Weight,pw-20261009,rc=0 secs=1 gpr=proof.gpr
misc/SPARK2/Ada-SPARK-Hand-Of-Straights-Stub,pw-20261009,rc=0 secs=9 gpr=proof.gpr
misc/SPARK2/Ada-SPARK-Happy-Number,pw-20261009,rc=0 secs=23 gpr=proof.gpr
misc/SPARK2/Ada-SPARK-Heap-Push-Pop,pw-20261009,rc=0 secs=1 gpr=proof.gpr
misc/SPARK2/Ada-SPARK-Heaters,pw-20261009,rc=0 secs=2 gpr=proof.gpr
misc/SPARK2/Ada-SPARK-Height-Checker,pw-20261009,rc=0 secs=1 gpr=height_checker.gpr
misc/SPARK2/Ada-SPARK-Histogram-Bin,pw-20261009,rc=0 secs=1 gpr=histogram_bin.gpr
misc/SPARK2/Ada-SPARK-Hit-Counter-Stub,pw-20261009,rc=0 secs=2 gpr=proof.gpr
misc/SPARK2/Ada-SPARK-Horner-Scheme,pw-20261009,rc=0 secs=2 gpr=horner_scheme.gpr
misc/SPARK2/Ada-SPARK-House-Robber,pw-20261009,rc=0 secs=2 gpr=house_robber.gpr
misc/SPARK2/Ada-SPARK-House-Robber-II,pw-20261009,rc=0 secs=2 gpr=house_robber_ii.gpr
misc/SPARK2/Ada-SPARK-House-Robber-III-Lite,pw-20261009,rc=0 secs=210 gpr=house_robber_iii_lite.gpr
misc/SPARK2/Ada-SPARK-House-Robber-III-Stub,pw-20261009,rc=0 secs=1 gpr=proof.gpr
misc/SPARK2/Ada-SPARK-How-Many-Numbers-Are-Smaller,pw-20261009,rc=0 secs=1 gpr=how_many_numbers_are_smaller.gpr
misc/SPARK2/Ada-SPARK-IPO-Lite,pw-20261009,rc=0 secs=1 gpr=proof.gpr
misc/SPARK2/Ada-SPARK-Image-Smoother,pw-20261009,rc=0 secs=1 gpr=image_smoother.gpr
misc/SPARK2/Ada-SPARK-Implement-Queue-Using-Stacks,pw-20261009,rc=0 secs=1 gpr=proof.gpr
misc/SPARK2/Ada-SPARK-Implement-Stack-Using-Queues,pw-20261009,rc=0 secs=1 gpr=proof.gpr
misc/SPARK2/Ada-SPARK-Implement-StrStr,pw-20261009,rc=0 secs=2 gpr=implement_strstr.gpr
misc/SPARK2/Ada-SPARK-Insert-Delete-GetRandom-O1,pw-20261009,rc=0 secs=1 gpr=insert_delete_getrandom_o1.gpr
misc/SPARK2/Ada-SPARK-Insert-Interval,pw-20261009,rc=0 secs=1 gpr=insert_interval_project.gpr
misc/SPARK2/Ada-SPARK-Int-To-Roman-Stub,pw-20261009,rc=0 secs=1 gpr=int_to_roman_stub.gpr
misc/SPARK2/Ada-SPARK-Integer-Break,pw-20261009,rc=0 secs=109 gpr=integer_break.gpr
misc/SPARK2/Ada-SPARK-Integer-To-English-Stub,pw-20261009,rc=0 secs=1 gpr=proof.gpr
misc/SPARK2/Ada-SPARK-Integer-To-Roman,pw-20261009,rc=0 secs=1 gpr=proof.gpr
misc/SPARK2/Ada-SPARK-Intersection-Of-Two-Arrays,pw-20261009,rc=0 secs=1 gpr=proof.gpr
misc/SPARK2/Ada-SPARK-Intersection-Of-Two-Arrays-II,pw-20261009,rc=0 secs=1 gpr=intersection_of_two_arrays_ii.gpr
misc/SPARK2/Ada-SPARK-Intersection-Of-Two-Linked-Lists,pw-20261009,rc=0 secs=1 gpr=proof.gpr
misc/SPARK2/Ada-SPARK-Is-Palindrome,pw-20261009,rc=0 secs=1 gpr=is_palindrome.gpr
misc/SPARK2/Ada-SPARK-Is-Subsequence,pw-20261009,rc=0 secs=1 gpr=is_subsequence.gpr
misc/SPARK2/Ada-SPARK-Island-Perimeter,pw-20261009,rc=0 secs=7 gpr=island_perimeter.gpr
misc/SPARK2/Ada-SPARK-Jaccard-Index,pw-20261009,rc=0 secs=1 gpr=jaccard_index.gpr
misc/SPARK2/Ada-SPARK-Jump-Game,pw-20261009,rc=0 secs=2 gpr=jump_game_project.gpr
misc/SPARK2/Ada-SPARK-Jump-Game-II,pw-20261009,rc=0 secs=1 gpr=jump_game_ii_project.gpr
misc/SPARK2/Ada-SPARK-K-Closest-Points-Stub,pw-20261009,rc=0 secs=1 gpr=proof.gpr
misc/SPARK2/Ada-SPARK-K-Closest-Points-To-Origin,pw-20261009,rc=0 secs=1 gpr=k_closest_points.gpr
misc/SPARK2/Ada-SPARK-Kadanes-Algorithm,pw-20261009,rc=0 secs=1 gpr=kadanes_algorithm.gpr
misc/SPARK2/Ada-SPARK-Keyboard-Row,pw-20261009,rc=0 secs=1 gpr=proof.gpr
misc/SPARK2/Ada-SPARK-Keys-And-Rooms,pw-20261009,rc=crash secs=592 gpr=keys_and_rooms.gpr
misc/SPARK2/Ada-SPARK-Knapsack-01,pw-20261009,rc=0 secs=2 gpr=knapsack_01.gpr
misc/SPARK2/Ada-SPARK-Knight-Probability-In-Chessboard-Lite,pw-20261009,rc=0 secs=1 gpr=knight_probability_in_chessboard_lite.gpr
misc/SPARK2/Ada-SPARK-Koko-Eating-Bananas,pw-20261009,rc=0 secs=17 gpr=proof.gpr
misc/SPARK2/Ada-SPARK-Kth-Largest-Array,pw-20261009,rc=0 secs=1 gpr=proof.gpr
misc/SPARK2/Ada-SPARK-Kth-Largest-Element,pw-20261009,rc=0 secs=6 gpr=proof.gpr
misc/SPARK2/Ada-SPARK-Kth-Largest-Element-In-A-Stream,pw-20261009,rc=0 secs=1 gpr=proof.gpr
misc/SPARK2/Ada-SPARK-Kth-Largest-Element-In-An-Array,pw-20261009,rc=0 secs=1 gpr=proof.gpr
misc/SPARK2/Ada-SPARK-Kth-Largest-In-Stream-Stub,pw-20261009,rc=0 secs=6 gpr=proof.gpr
misc/SPARK2/Ada-SPARK-L1-Norm,pw-20261009,rc=0 secs=0 gpr=l1_norm.gpr
misc/SPARK2/Ada-SPARK-L2-Norm-Squared,pw-20261009,rc=0 secs=0 gpr=l2_norm_squared.gpr
misc/SPARK2/Ada-SPARK-LFU-Cache-Lite,pw-20261009,rc=0 secs=4 gpr=proof.gpr
misc/SPARK2/Ada-SPARK-LFU-Cache-Stub,pw-20261009,rc=0 secs=1 gpr=proof.gpr
misc/SPARK2/Ada-SPARK-LRU-Cache-Lite,pw-20261009,rc=0 secs=3 gpr=proof.gpr
misc/SPARK2/Ada-SPARK-LRU-Cache-Stub,pw-20261009,rc=0 secs=2 gpr=proof.gpr
misc/SPARK2/Ada-SPARK-Largest-Number,pw-20261009,rc=0 secs=1 gpr=largest_number.gpr
misc/SPARK2/Ada-SPARK-Largest-Rectangle-In-Histogram,pw-20261009,rc=0 secs=1 gpr=largest_rectangle_in_histogram.gpr
misc/SPARK2/Ada-SPARK-Last-Stone-Weight,pw-20261009,rc=0 secs=21 gpr=proof.gpr
misc/SPARK2/Ada-SPARK-Last-Stone-Weight-II,pw-20261009,rc=0 secs=179 gpr=last_stone_weight_ii.gpr
misc/SPARK2/Ada-SPARK-Least-Common-Multiple,pw-20261009,rc=0 secs=1 gpr=proof.gpr
misc/SPARK2/Ada-SPARK-Lemonade-Change,pw-20261009,rc=0 secs=0 gpr=lemonade_change.gpr
misc/SPARK2/Ada-SPARK-Length-Of-Last-Word,pw-20261009,rc=0 secs=1 gpr=length_of_last_word.gpr
misc/SPARK2/Ada-SPARK-Letter-Case-Permutation,pw-20261009,rc=0 secs=0 gpr=proof.gpr
misc/SPARK2/Ada-SPARK-Letter-Combinations-Of-A-Phone-Number,pw-20261009,rc=0 secs=22 gpr=letter_combinations_of_a_phone_number.gpr
misc/SPARK2/Ada-SPARK-License-Key-Formatting,pw-20261009,rc=0 secs=0 gpr=license_key_formatting.gpr
misc/SPARK2/Ada-SPARK-Line-Intersection,pw-20261009,rc=0 secs=26 gpr=line_intersection.gpr
misc/SPARK2/Ada-SPARK-Line-Reflection,pw-20261009,rc=0 secs=1 gpr=line_reflection.gpr
misc/SPARK2/Ada-SPARK-Linked-List-Cycle,pw-20261009,rc=0 secs=2 gpr=proof.gpr
misc/SPARK2/Ada-SPARK-Linked-List-Cycle-II,pw-20261009,rc=0 secs=0 gpr=proof.gpr
misc/SPARK2/Ada-SPARK-Logger-Rate-Limiter-Lite,pw-20261009,rc=0 secs=1 gpr=proof.gpr
misc/SPARK2/Ada-SPARK-Logger-Rate-Limiter-Stub,pw-20261009,rc=0 secs=1 gpr=proof.gpr
misc/SPARK2/Ada-SPARK-Longest-Increasing-Subsequence,pw-20261009,rc=0 secs=1 gpr=proof.gpr
misc/SPARK2/Ada-SPARK-Longest-Mountain-In-Array,pw-20261009,rc=0 secs=1 gpr=proof.gpr
misc/SPARK2/Ada-SPARK-Longest-Ones,pw-20261009,rc=0 secs=47 gpr=proof.gpr
misc/SPARK2/Ada-SPARK-Longest-Palindromic-Subsequence,pw-20261009,rc=0 secs=64 gpr=longest_palindromic_subsequence.gpr
misc/SPARK2/Ada-SPARK-Longest-Repeating-Character-Replacement,pw-20261009,rc=0 secs=90 gpr=longest_repeating_character_replacement.gpr
misc/SPARK2/Ada-SPARK-Longest-Word-In-Dictionary,pw-20261009,rc=0 secs=1 gpr=proof.gpr
misc/SPARK2/Ada-SPARK-Magnetic-Force-Between-Two-Balls,pw-20261009,rc=0 secs=1 gpr=proof.gpr
misc/SPARK2/Ada-SPARK-Majority-Element,pw-20261009,rc=0 secs=1 gpr=majority_element.gpr
misc/SPARK2/Ada-SPARK-Majority-Element-II,pw-20261009,rc=0 secs=41 gpr=proof.gpr
misc/SPARK2/Ada-SPARK-Manacher,pw-20261009,rc=0 secs=27 gpr=manacher.gpr
misc/SPARK2/Ada-SPARK-Manhattan-Distance,pw-20261009,rc=0 secs=0 gpr=manhattan_distance.gpr
misc/SPARK2/Ada-SPARK-Map-Sum-Pairs,pw-20261009,rc=0 secs=1 gpr=proof.gpr
misc/SPARK2/Ada-SPARK-Mark-And-Sweep,pw-20261009,rc=0 secs=3 gpr=proof.gpr
misc/SPARK2/Ada-SPARK-Matchsticks-To-Square-Lite,pw-20261009,rc=0 secs=7 gpr=proof.gpr
misc/SPARK2/Ada-SPARK-Max-Area-Of-Island,pw-20261009,rc=0 secs=2 gpr=max_area_of_island.gpr
misc/SPARK2/Ada-SPARK-Max-Consecutive-Ones,pw-20261009,rc=0 secs=2 gpr=proof.gpr
misc/SPARK2/Ada-SPARK-Max-Consecutive-Ones-II,pw-20261009,rc=0 secs=4 gpr=proof.gpr
misc/SPARK2/Ada-SPARK-Max-Consecutive-Ones-III,pw-20261009,rc=0 secs=120 gpr=max_consecutive_ones_iii.gpr
misc/SPARK2/Ada-SPARK-Max-Heap,pw-20261009,rc=0 secs=1 gpr=max_heap.gpr
misc/SPARK2/Ada-SPARK-Max-Path-Sum-Stub,pw-20261009,rc=0 secs=1 gpr=proof.gpr
misc/SPARK2/Ada-SPARK-Max-Points-On-A-Line-Lite,pw-20261009,rc=0 secs=1 gpr=max_points_on_a_line_lite.gpr
misc/SPARK2/Ada-SPARK-Max-Product-Subarray,pw-20261009,rc=0 secs=2 gpr=proof.gpr
misc/SPARK2/Ada-SPARK-Max-Stack,pw-20261009,rc=0 secs=1 gpr=proof.gpr
misc/SPARK2/Ada-SPARK-Max-Stack-Stub,pw-20261009,rc=0 secs=1 gpr=proof.gpr
misc/SPARK2/Ada-SPARK-Maximal-Rectangle,pw-20261009,rc=0 secs=96 gpr=maximal_rectangle.gpr
misc/SPARK2/Ada-SPARK-Maximal-Square,pw-20261009,rc=0 secs=2 gpr=maximal_square.gpr
misc/SPARK2/Ada-SPARK-Maximum-Candies-Allocated-To-K-Children,pw-20261009,rc=0 secs=1 gpr=proof.gpr
misc/SPARK2/Ada-SPARK-Maximum-Ice-Cream-Bars,pw-20261009,rc=0 secs=1 gpr=proof.gpr
misc/SPARK2/Ada-SPARK-Maximum-Points-You-Can-Obtain-From-Cards,pw-20261009,rc=0 secs=15 gpr=proof.gpr
misc/SPARK2/Ada-SPARK-Maximum-Product-Of-Word-Lengths,pw-20261009,rc=0 secs=1 gpr=maximum_product_of_word_lengths.gpr
misc/SPARK2/Ada-SPARK-Maximum-Product-Subarray,pw-20261009,rc=0 secs=4 gpr=maximum_product_subarray_project.gpr
misc/SPARK2/Ada-SPARK-Maximum-Subarray,pw-20261009,rc=0 secs=1 gpr=maximum_subarray_project.gpr
misc/SPARK2/Ada-SPARK-Maximum-Subarray-Circular,pw-20261009,rc=0 secs=7 gpr=proof.gpr
misc/SPARK2/Ada-SPARK-Maximum-Twin-Sum-Of-A-Linked-List,pw-20261009,rc=0 secs=4 gpr=proof.gpr
misc/SPARK2/Ada-SPARK-Maximum-Units-On-A-Truck,pw-20261009,rc=0 secs=1 gpr=maximum_units_on_a_truck.gpr
misc/SPARK2/Ada-SPARK-Maximum-XOR-Of-Two-Numbers,pw-20261009,rc=0 secs=1 gpr=maximum_xor_of_two_numbers.gpr
misc/SPARK2/Ada-SPARK-Mean-Variance,pw-20261009,rc=0 secs=2 gpr=proof.gpr
misc/SPARK2/Ada-SPARK-Median-Filtering,pw-20261009,rc=0 secs=5 gpr=median_filtering.gpr
misc/SPARK2/Ada-SPARK-Median-Of-Three,pw-20261009,rc=0 secs=1 gpr=proof.gpr
misc/SPARK2/Ada-SPARK-Meeting-Rooms,pw-20261009,rc=0 secs=1 gpr=meeting_rooms.gpr
misc/SPARK2/Ada-SPARK-Meeting-Rooms-II,pw-20261009,rc=0 secs=1 gpr=meeting_rooms_ii.gpr
misc/SPARK2/Ada-SPARK-Merge-In-Between-Linked-Lists,pw-20261009,rc=0 secs=1 gpr=proof.gpr
misc/SPARK2/Ada-SPARK-Merge-Intervals,pw-20261009,rc=0 secs=1 gpr=merge_intervals_project.gpr
misc/SPARK2/Ada-SPARK-Middle-Of-The-Linked-List,pw-20261009,rc=0 secs=1 gpr=proof.gpr
misc/SPARK2/Ada-SPARK-Min-Cost-Climbing-Stairs,pw-20261009,rc=0 secs=1 gpr=proof.gpr
misc/SPARK2/Ada-SPARK-Min-Cost-Connect-Cities-Stub,pw-20261009,rc=0 secs=5 gpr=proof.gpr
misc/SPARK2/Ada-SPARK-Min-Cost-To-Connect-All-Points,pw-20261009,rc=0 secs=2 gpr=proof.gpr
misc/SPARK2/Ada-SPARK-Min-Heap,pw-20261009,rc=0 secs=1 gpr=min_heap.gpr
misc/SPARK2/Ada-SPARK-Min-Max-Normalize,pw-20261009,rc=0 secs=2 gpr=proof.gpr
misc/SPARK2/Ada-SPARK-Min-Stack,pw-20261009,rc=0 secs=1 gpr=proof.gpr
misc/SPARK2/Ada-SPARK-Minimum-ASCII-Delete-Sum,pw-20261009,rc=crash secs=354 gpr=minimum_ascii_delete_sum.gpr
misc/SPARK2/Ada-SPARK-Minimum-Bit-Flips-To-Convert-Number,pw-20261009,rc=0 secs=1 gpr=minimum_bit_flips_to_convert.gpr
misc/SPARK2/Ada-SPARK-Minimum-Cost-To-Move-Chips,pw-20261009,rc=0 secs=1 gpr=proof.gpr
misc/SPARK2/Ada-SPARK-Minimum-Deletions-To-Make-Character-Frequencies-Unique,pw-20261009,rc=0 secs=1 gpr=minimum_deletions_to_make_character_frequencies_unique.gpr
misc/SPARK2/Ada-SPARK-Minimum-Number-Of-Arrows,pw-20261009,rc=0 secs=1 gpr=minimum_number_of_arrows.gpr
misc/SPARK2/Ada-SPARK-Minimum-Number-Of-Days-To-Make-M-Bouquets,pw-20261009,rc=0 secs=42 gpr=proof.gpr
misc/SPARK2/Ada-SPARK-Minimum-Number-Of-Moves-To-Seat,pw-20261009,rc=0 secs=1 gpr=proof.gpr
misc/SPARK2/Ada-SPARK-Minimum-Operations-To-Make-The-Array-Increasing,pw-20261009,rc=0 secs=1 gpr=proof.gpr
misc/SPARK2/Ada-SPARK-Minimum-Path-Sum,pw-20261009,rc=0 secs=2 gpr=minimum_path_sum.gpr
misc/SPARK2/Ada-SPARK-Minimum-Sum-Of-Four-Digit-Number,pw-20261009,rc=0 secs=1 gpr=proof.gpr
misc/SPARK2/Ada-SPARK-Missing-Number,pw-20261009,rc=0 secs=1 gpr=missing_number.gpr
misc/SPARK2/Ada-SPARK-Missing-Ranges-Stub,pw-20261009,rc=0 secs=1 gpr=proof.gpr
misc/SPARK2/Ada-SPARK-Monotonic-Stack,pw-20261009,rc=0 secs=0 gpr=monotonic_stack.gpr
misc/SPARK2/Ada-SPARK-Most-Common-Word,pw-20261009,rc=0 secs=1 gpr=proof.gpr
misc/SPARK2/Ada-SPARK-Move-Zeroes,pw-20261009,rc=0 secs=1 gpr=move_zeroes.gpr
misc/SPARK2/Ada-SPARK-Moving-Average,pw-20261009,rc=0 secs=1 gpr=proof.gpr
misc/SPARK2/Ada-SPARK-Moving-Average-From-Data-Stream,pw-20261009,rc=0 secs=1 gpr=proof.gpr
misc/SPARK2/Ada-SPARK-My-Calendar-Stub,pw-20261009,rc=0 secs=1 gpr=proof.gpr
misc/SPARK2/Ada-SPARK-My-Linked-List-Stub,pw-20261009,rc=0 secs=1 gpr=proof.gpr
misc/SPARK2/Ada-SPARK-N-Queens-Lite,pw-20261009,rc=0 secs=1 gpr=proof.gpr
misc/SPARK2/Ada-SPARK-N-Repeated-Element-In-Size-2N-Array,pw-20261009,rc=0 secs=1 gpr=n_repeated_element_in_size_2n_array.gpr
misc/SPARK2/Ada-SPARK-N-th-Tribonacci,pw-20261009,rc=0 secs=1 gpr=proof.gpr
misc/SPARK2/Ada-SPARK-Nearest-Exit-From-Entrance-In-Maze,pw-20261009,rc=0 secs=2 gpr=nearest_exit_from_entrance_in_maze.gpr
misc/SPARK2/Ada-SPARK-Neighboring-Bitwise-XOR,pw-20261009,rc=0 secs=0 gpr=neighboring_bitwise_xor.gpr
misc/SPARK2/Ada-SPARK-Nested-Iterator-Stub,pw-20261009,rc=0 secs=1 gpr=proof.gpr
misc/SPARK2/Ada-SPARK-Network-Delay-Time,pw-20261009,rc=0 secs=1 gpr=proof.gpr
misc/SPARK2/Ada-SPARK-Network-Delay-Time-Stub,pw-20261009,rc=0 secs=1 gpr=proof.gpr
misc/SPARK2/Ada-SPARK-New-21-Game-Lite,pw-20261009,rc=0 secs=0 gpr=new_21_game_lite.gpr
misc/SPARK2/Ada-SPARK-Next-Greater-Element-I,pw-20261009,rc=0 secs=1 gpr=next_greater_element_i.gpr
misc/SPARK2/Ada-SPARK-Next-Greater-Element-II,pw-20261009,rc=0 secs=1 gpr=next_greater_element_ii.gpr
misc/SPARK2/Ada-SPARK-Next-Greater-Node-In-Linked-List,pw-20261009,rc=0 secs=1 gpr=next_greater_node_in_linked_list.gpr
misc/SPARK2/Ada-SPARK-Next-Permutation-Stub,pw-20261009,rc=0 secs=1 gpr=next_permutation_stub.gpr
misc/SPARK2/Ada-SPARK-Nim-Game,pw-20261009,rc=0 secs=1 gpr=proof.gpr
misc/SPARK2/Ada-SPARK-Non-Decreasing-Array,pw-20261009,rc=0 secs=1 gpr=non_decreasing_array.gpr
misc/SPARK2/Ada-SPARK-Non-Overlapping-Intervals,pw-20261009,rc=0 secs=1 gpr=non_overlapping_intervals_project.gpr
misc/SPARK2/Ada-SPARK-Nth-Digit,pw-20261009,rc=0 secs=1 gpr=proof.gpr
misc/SPARK2/Ada-SPARK-Nth-Digit-Stub,pw-20261009,rc=0 secs=2 gpr=nth_digit_stub.gpr
misc/SPARK2/Ada-SPARK-Nth-Ugly-Number,pw-20261009,rc=0 secs=1 gpr=proof.gpr
misc/SPARK2/Ada-SPARK-Number-Complement,pw-20261009,rc=0 secs=1 gpr=number_complement.gpr
misc/SPARK2/Ada-SPARK-Number-Of-1-Bits,pw-20261009,rc=0 secs=1 gpr=proof.gpr
misc/SPARK2/Ada-SPARK-Number-Of-1-Bits-In-Range,pw-20261009,rc=0 secs=0 gpr=Number_Of_1_Bits_In_Range.gpr
misc/SPARK2/Ada-SPARK-Number-Of-Connected-Components,pw-20261009,rc=0 secs=1 gpr=connected_components.gpr
misc/SPARK2/Ada-SPARK-Number-Of-Good-Pairs,pw-20261009,rc=0 secs=1 gpr=number_of_good_pairs.gpr
misc/SPARK2/Ada-SPARK-Number-Of-Islands,pw-20261009,rc=0 secs=2 gpr=number_of_islands.gpr
misc/SPARK2/Ada-SPARK-Number-Of-Provinces,pw-20261009,rc=0 secs=1 gpr=number_of_provinces.gpr
misc/SPARK2/Ada-SPARK-Number-Of-Recent-Calls,pw-20261009,rc=0 secs=1 gpr=proof.gpr
misc/SPARK2/Ada-SPARK-Number-Of-Steps-To-Reduce-A-Number,pw-20261009,rc=0 secs=1 gpr=proof.gpr
misc/SPARK2/Ada-SPARK-Number-Of-Steps-To-Reduce-A-Number-In-Binary-Representation,pw-20261009,rc=0 secs=1 gpr=number_of_steps_to_reduce.gpr
misc/SPARK2/Ada-SPARK-One-Hot,pw-20261009,rc=0 secs=0 gpr=proof.gpr
misc/SPARK2/Ada-SPARK-Ones-And-Zeroes,pw-20261009,rc=0 secs=1 gpr=ones_and_zeroes.gpr
misc/SPARK2/Ada-SPARK-Online-Stock-Span,pw-20261009,rc=0 secs=1 gpr=online_stock_span.gpr
misc/SPARK2/Ada-SPARK-Online-Stock-Span-Stub,pw-20261009,rc=0 secs=2 gpr=proof.gpr
misc/SPARK2/Ada-SPARK-Open-The-Lock,pw-20261009,rc=0 secs=2 gpr=open_the_lock.gpr
misc/SPARK2/Ada-SPARK-Ordered-Stream-Stub,pw-20261009,rc=0 secs=1 gpr=proof.gpr
misc/SPARK2/Ada-SPARK-Out-Of-Boundary-Paths-Lite,pw-20261009,rc=0 secs=1 gpr=out_of_boundary_paths_lite.gpr
misc/SPARK2/Ada-SPARK-Overlap-Coefficient,pw-20261009,rc=0 secs=1 gpr=overlap_coefficient.gpr
misc/SPARK2/Ada-SPARK-PN-Counter,pw-20261009,rc=0 secs=2 gpr=pn_counter.gpr
misc/SPARK2/Ada-SPARK-Pacific-Atlantic-Water-Flow,pw-20261009,rc=0 secs=0 gpr=pacific_atlantic_water_flow.gpr
misc/SPARK2/Ada-SPARK-Pacific-Atlantic-Water-Stub,pw-20261009,rc=0 secs=1 gpr=proof.gpr
misc/SPARK2/Ada-SPARK-Paint-Fence-Lite,pw-20261009,rc=0 secs=13 gpr=paint_fence_lite.gpr
misc/SPARK2/Ada-SPARK-Paint-House-Lite,pw-20261009,rc=0 secs=1 gpr=paint_house_lite.gpr
misc/SPARK2/Ada-SPARK-Paint-House-Stub,pw-20261009,rc=0 secs=3 gpr=proof.gpr
misc/SPARK2/Ada-SPARK-Palindrome-Linked-List,pw-20261009,rc=0 secs=3 gpr=proof.gpr
misc/SPARK2/Ada-SPARK-Palindrome-Number,pw-20261009,rc=0 secs=1 gpr=proof.gpr
misc/SPARK2/Ada-SPARK-Palindrome-Pairs-Lite,pw-20261009,rc=0 secs=6 gpr=proof.gpr
misc/SPARK2/Ada-SPARK-Palindrome-Partitioning,pw-20261009,rc=0 secs=2 gpr=palindrome_partitioning_project.gpr
misc/SPARK2/Ada-SPARK-Palindrome-Partitioning-II,pw-20261009,rc=crash secs=104 gpr=palindrome_partitioning_ii.gpr
misc/SPARK2/Ada-SPARK-Parity-Bits,pw-20261009,rc=0 secs=1 gpr=parity_bits.gpr
misc/SPARK2/Ada-SPARK-Parking-System-Stub,pw-20261009,rc=0 secs=1 gpr=proof.gpr
misc/SPARK2/Ada-SPARK-Partition-Around-Pivot,pw-20261009,rc=0 secs=1 gpr=partition_around_pivot.gpr
misc/SPARK2/Ada-SPARK-Partition-Equal-Subset-Sum,pw-20261009,rc=0 secs=1 gpr=partition_equal_subset_sum.gpr
misc/SPARK2/Ada-SPARK-Partition-Labels,pw-20261009,rc=0 secs=1 gpr=partition_labels.gpr
misc/SPARK2/Ada-SPARK-Partition-List,pw-20261009,rc=0 secs=14 gpr=ada_spark_partition_list.gpr
misc/SPARK2/Ada-SPARK-Pascal-Triangle,pw-20261009,rc=0 secs=11 gpr=proof.gpr
misc/SPARK2/Ada-SPARK-Pascal-Triangle-II,pw-20261009,rc=0 secs=1 gpr=proof.gpr
misc/SPARK2/Ada-SPARK-Path-Sum,pw-20261009,rc=0 secs=53 gpr=proof.gpr
misc/SPARK2/Ada-SPARK-Path-Sum-III-Lite,pw-20261009,rc=0 secs=1 gpr=path_sum_iii_lite.gpr
misc/SPARK2/Ada-SPARK-Path-With-Minimum-Effort,pw-20261009,rc=0 secs=9 gpr=proof.gpr
misc/SPARK2/Ada-SPARK-Peak-Index-In-Mountain-Array,pw-20261009,rc=0 secs=17 gpr=proof.gpr
misc/SPARK2/Ada-SPARK-Pearson-Correlation,pw-20261009,rc=0 secs=11 gpr=pearson_correlation.gpr
misc/SPARK2/Ada-SPARK-Peeking-Iterator-Stub,pw-20261009,rc=0 secs=1 gpr=proof.gpr
misc/SPARK2/Ada-SPARK-Permutations,pw-20261009,rc=0 secs=9 gpr=permutations.gpr
misc/SPARK2/Ada-SPARK-Permutations-II,pw-20261009,rc=0 secs=27 gpr=permutations_ii.gpr
misc/SPARK2/Ada-SPARK-Plus-One,pw-20261009,rc=0 secs=1 gpr=plus_one.gpr
misc/SPARK2/Ada-SPARK-Population-Count,pw-20261009,rc=0 secs=1 gpr=population_count.gpr
misc/SPARK2/Ada-SPARK-Pow-X-N,pw-20261009,rc=0 secs=58 gpr=pow_x_n.gpr
misc/SPARK2/Ada-SPARK-Pow-X-N-Stub,pw-20261009,rc=0 secs=21 gpr=pow_x_n_stub.gpr
misc/SPARK2/Ada-SPARK-Power-Of-Four,pw-20261009,rc=0 secs=1 gpr=power_of_four.gpr
misc/SPARK2/Ada-SPARK-Power-Of-Three,pw-20261009,rc=0 secs=1 gpr=proof.gpr
misc/SPARK2/Ada-SPARK-Power-Of-Two,pw-20261009,rc=0 secs=1 gpr=proof.gpr
misc/SPARK2/Ada-SPARK-Powx-N,pw-20261009,rc=0 secs=1 gpr=proof.gpr
misc/SPARK2/Ada-SPARK-Prefix-Sums,pw-20261009,rc=0 secs=1 gpr=prefix_sums.gpr
misc/SPARK2/Ada-SPARK-Prim-MST-Lite,pw-20261009,rc=0 secs=1 gpr=prim_mst_lite.gpr
misc/SPARK2/Ada-SPARK-Priority-Queue-Binary-Heap,pw-20261009,rc=0 secs=2 gpr=priority_queue_binary_heap.gpr
misc/SPARK2/Ada-SPARK-Product-Except-Self,pw-20261009,rc=0 secs=0 gpr=product_except_self.gpr
misc/SPARK2/Ada-SPARK-Product-Of-Array-Except-Self,pw-20261009,rc=0 secs=13 gpr=proof.gpr
misc/SPARK2/Ada-SPARK-Product-Of-Numbers-Stub,pw-20261009,rc=0 secs=2 gpr=proof.gpr
misc/SPARK2/Ada-SPARK-Projection-Area-Of-3D-Shapes,pw-20261009,rc=0 secs=1 gpr=proof.gpr
misc/SPARK2/Ada-SPARK-Queue-Reconstruction-By-Height,pw-20261009,rc=0 secs=1 gpr=queue_reconstruction_by_height.gpr
misc/SPARK2/Ada-SPARK-Queue-Using-Stacks,pw-20261009,rc=0 secs=1 gpr=proof.gpr
misc/SPARK2/Ada-SPARK-Random-Pick-With-Weight-Lite,pw-20261009,rc=0 secs=1 gpr=proof.gpr
misc/SPARK2/Ada-SPARK-Randomized-Collection,pw-20261009,rc=0 secs=1 gpr=proof.gpr
misc/SPARK2/Ada-SPARK-Randomized-Set,pw-20261009,rc=0 secs=1 gpr=randomized_set.gpr
misc/SPARK2/Ada-SPARK-Range-Addition,pw-20261009,rc=0 secs=1 gpr=range_addition.gpr
misc/SPARK2/Ada-SPARK-Range-Module-Stub,pw-20261009,rc=0 secs=1 gpr=proof.gpr
misc/SPARK2/Ada-SPARK-Range-Sum-Query,pw-20261009,rc=0 secs=1 gpr=range_sum_query.gpr
misc/SPARK2/Ada-SPARK-Range-Sum-Query-2D-Immutable,pw-20261009,rc=0 secs=1 gpr=range_sum_query_2d_immutable.gpr
misc/SPARK2/Ada-SPARK-Range-Sum-Query-Immutable,pw-20261009,rc=0 secs=1 gpr=range_sum_query_immutable.gpr
misc/SPARK2/Ada-SPARK-Ransom-Note,pw-20261009,rc=0 secs=6 gpr=ransom_note.gpr
misc/SPARK2/Ada-SPARK-Rate-Monotonic-Scheduling,pw-20261009,rc=0 secs=1 gpr=proof.gpr
misc/SPARK2/Ada-SPARK-Ravenscar-Job-Pool,pw-20261009,rc=0 secs=5 gpr=proof.gpr
misc/SPARK2/Ada-SPARK-Reach-A-Number,pw-20261009,rc=0 secs=1 gpr=proof.gpr
misc/SPARK2/Ada-SPARK-Recent-Counter,pw-20261009,rc=0 secs=1 gpr=proof.gpr
misc/SPARK2/Ada-SPARK-Rectangle-Area,pw-20261009,rc=0 secs=1 gpr=rectangle_area.gpr
misc/SPARK2/Ada-SPARK-Rectangle-Overlap,pw-20261009,rc=0 secs=1 gpr=rectangle_overlap.gpr
misc/SPARK2/Ada-SPARK-Reduce-Array-Size-To-The-Half,pw-20261009,rc=0 secs=1 gpr=proof.gpr
misc/SPARK2/Ada-SPARK-Redundant-Connection,pw-20261009,rc=0 secs=2 gpr=proof.gpr
misc/SPARK2/Ada-SPARK-Redundant-Connection-II,pw-20261009,rc=crash secs=54 gpr=redundant_connection_ii.gpr
misc/SPARK2/Ada-SPARK-Redundant-Connection-II-Lite,pw-20261009,rc=0 secs=88 gpr=proof.gpr
misc/SPARK2/Ada-SPARK-Reference-Counting,pw-20261009,rc=0 secs=1 gpr=proof.gpr
misc/SPARK2/Ada-SPARK-Regular-Expression-Matching-Lite,pw-20261009,rc=crash secs=185 gpr=regular_expression_matching_lite.gpr
misc/SPARK2/Ada-SPARK-Remove-All-Adjacent-Duplicates,pw-20261009,rc=0 secs=1 gpr=proof.gpr
misc/SPARK2/Ada-SPARK-Remove-All-Adjacent-Duplicates-II,pw-20261009,rc=0 secs=1 gpr=proof.gpr
misc/SPARK2/Ada-SPARK-Remove-Duplicate-Letters,pw-20261009,rc=0 secs=1 gpr=remove_duplicate_letters.gpr
misc/SPARK2/Ada-SPARK-Remove-Element,pw-20261009,rc=0 secs=1 gpr=proof.gpr
misc/SPARK2/Ada-SPARK-Remove-K-Digits,pw-20261009,rc=0 secs=1 gpr=remove_k_digits.gpr
misc/SPARK2/Ada-SPARK-Remove-Linked-List-Elements,pw-20261009,rc=0 secs=115 gpr=proof.gpr
misc/SPARK2/Ada-SPARK-Remove-Nth-Node-From-End,pw-20261009,rc=0 secs=2 gpr=proof.gpr
misc/SPARK2/Ada-SPARK-Reorder-List,pw-20261009,rc=0 secs=7 gpr=proof.gpr
misc/SPARK2/Ada-SPARK-Replace-Elements-With-Greatest-On-Right,pw-20261009,rc=0 secs=1 gpr=replace_elements_with_greatest_on_right.gpr
misc/SPARK2/Ada-SPARK-Replace-Words,pw-20261009,rc=0 secs=1 gpr=proof.gpr
misc/SPARK2/Ada-SPARK-Reservoir-Sampling,pw-20261009,rc=0 secs=1 gpr=reservoir_sampling.gpr
misc/SPARK2/Ada-SPARK-Restore-IP-Addresses,pw-20261009,rc=0 secs=2 gpr=proof.gpr
misc/SPARK2/Ada-SPARK-Reverse-Bits,pw-20261009,rc=0 secs=1 gpr=proof.gpr
misc/SPARK2/Ada-SPARK-Reverse-Integer,pw-20261009,rc=0 secs=1 gpr=proof.gpr
misc/SPARK2/Ada-SPARK-Reverse-Linked-List,pw-20261009,rc=0 secs=6 gpr=proof.gpr
misc/SPARK2/Ada-SPARK-Reverse-Linked-List-II,pw-20261009,rc=0 secs=1 gpr=ada_spark_reverse_linked_list_ii.gpr
misc/SPARK2/Ada-SPARK-Reverse-Only-Letters,pw-20261009,rc=0 secs=1 gpr=proof.gpr
misc/SPARK2/Ada-SPARK-Reverse-Pairs-Lite,pw-20261009,rc=0 secs=1 gpr=proof.gpr
misc/SPARK2/Ada-SPARK-Reverse-Vowels,pw-20261009,rc=0 secs=1 gpr=proof.gpr
misc/SPARK2/Ada-SPARK-Reverse-Words,pw-20261009,rc=0 secs=0 gpr=reverse_words.gpr
misc/SPARK2/Ada-SPARK-Ring-Buffer,pw-20261009,rc=0 secs=1 gpr=ring_buffer.gpr
misc/SPARK2/Ada-SPARK-Robot-Return-To-Origin,pw-20261009,rc=0 secs=1 gpr=proof.gpr
misc/SPARK2/Ada-SPARK-Roman-To-Int,pw-20261009,rc=0 secs=3 gpr=roman_to_int.gpr
misc/SPARK2/Ada-SPARK-Roman-To-Integer,pw-20261009,rc=0 secs=0 gpr=proof.gpr
misc/SPARK2/Ada-SPARK-Rotate-Array,pw-20261009,rc=0 secs=0 gpr=rotate_array.gpr
misc/SPARK2/Ada-SPARK-Rotate-Image,pw-20261009,rc=0 secs=0 gpr=rotate_image.gpr
misc/SPARK2/Ada-SPARK-Rotate-List,pw-20261009,rc=0 secs=6 gpr=ada_spark_rotate_list.gpr
misc/SPARK2/Ada-SPARK-Rotting-Oranges,pw-20261009,rc=0 secs=2 gpr=rotting_oranges.gpr
misc/SPARK2/Ada-SPARK-Round-Robin-Scheduling,pw-20261009,rc=0 secs=1 gpr=proof.gpr
misc/SPARK2/Ada-SPARK-Seat-Manager-Stub,pw-20261009,rc=0 secs=1 gpr=proof.gpr
misc/SPARK2/Ada-SPARK-Seat-Reservation-Manager,pw-20261009,rc=0 secs=1 gpr=proof.gpr
misc/SPARK2/Ada-SPARK-Self-Dividing-Numbers,pw-20261009,rc=0 secs=1 gpr=proof.gpr
misc/SPARK2/Ada-SPARK-Sequence-Reconstruction-Lite,pw-20261009,rc=0 secs=1 gpr=sequence_reconstruction.gpr
misc/SPARK2/Ada-SPARK-Shift-2D-Grid,pw-20261009,rc=0 secs=0 gpr=shift_2d_grid.gpr
misc/SPARK2/Ada-SPARK-Shortest-Bridge,pw-20261009,rc=0 secs=2 gpr=shortest_bridge.gpr
misc/SPARK2/Ada-SPARK-Shortest-Common-Supersequence-Lite,pw-20261009,rc=crash secs=220 gpr=shortest_common_supersequence_lite.gpr
misc/SPARK2/Ada-SPARK-Shortest-Completing-Word,pw-20261009,rc=0 secs=1 gpr=proof.gpr
misc/SPARK2/Ada-SPARK-Shortest-Job-Next,pw-20261009,rc=0 secs=1 gpr=proof.gpr
misc/SPARK2/Ada-SPARK-Shortest-Remaining-Time,pw-20261009,rc=0 secs=1 gpr=proof.gpr
misc/SPARK2/Ada-SPARK-Shortest-Word-Distance,pw-20261009,rc=0 secs=1 gpr=proof.gpr
misc/SPARK2/Ada-SPARK-Sigmoid,pw-20261009,rc=0 secs=1 gpr=sigmoid.gpr
misc/SPARK2/Ada-SPARK-Simplify-Path-Stub,pw-20261009,rc=0 secs=2 gpr=simplify_path_stub.gpr
misc/SPARK2/Ada-SPARK-Single-Number,pw-20261009,rc=0 secs=1 gpr=single_number.gpr
misc/SPARK2/Ada-SPARK-Single-Number-II,pw-20261009,rc=0 secs=1 gpr=single_number_ii.gpr
misc/SPARK2/Ada-SPARK-Single-Number-III,pw-20261009,rc=0 secs=1 gpr=single_number_iii.gpr
misc/SPARK2/Ada-SPARK-Sliding-Window-Max,pw-20261009,rc=0 secs=0 gpr=sliding_window_max.gpr
misc/SPARK2/Ada-SPARK-Sliding-Window-Maximum,pw-20261009,rc=0 secs=0 gpr=sliding_window_maximum.gpr
misc/SPARK2/Ada-SPARK-Sliding-Window-Median,pw-20261009,rc=0 secs=0 gpr=proof.gpr
misc/SPARK2/Ada-SPARK-Smallest-Integer-Divisible-By-K,pw-20261009,rc=0 secs=1 gpr=proof.gpr
misc/SPARK2/Ada-SPARK-Snapshot-Array-Stub,pw-20261009,rc=0 secs=1 gpr=proof.gpr
misc/SPARK2/Ada-SPARK-Softmin,pw-20261009,rc=0 secs=1 gpr=proof.gpr
misc/SPARK2/Ada-SPARK-Soup-Servings-Lite,pw-20261009,rc=0 secs=0 gpr=soup_servings_lite.gpr
misc/SPARK2/Ada-SPARK-Spearman-Rank-Stub,pw-20261009,rc=0 secs=1 gpr=spearman_rank_stub.gpr
misc/SPARK2/Ada-SPARK-Special-Array-With-X-Elements,pw-20261009,rc=0 secs=1 gpr=proof.gpr
misc/SPARK2/Ada-SPARK-Split-Array-Largest-Sum,pw-20261009,rc=0 secs=53 gpr=proof.gpr
misc/SPARK2/Ada-SPARK-Sqrt-Integer,pw-20261009,rc=0 secs=3 gpr=sqrt_integer.gpr
misc/SPARK2/Ada-SPARK-Sqrt-X,pw-20261009,rc=0 secs=4 gpr=sqrt_x.gpr
misc/SPARK2/Ada-SPARK-Sqrtx,pw-20261009,rc=0 secs=2 gpr=proof.gpr
misc/SPARK2/Ada-SPARK-Stack-Bounded,pw-20261009,rc=0 secs=1 gpr=stack_bounded.gpr
misc/SPARK2/Ada-SPARK-Stack-Using-Queues-Stub,pw-20261009,rc=0 secs=1 gpr=proof.gpr
misc/SPARK2/Ada-SPARK-Standard-Score,pw-20261009,rc=0 secs=1 gpr=standard_score.gpr
misc/SPARK2/Ada-SPARK-Stock-Spanner-Stub,pw-20261009,rc=0 secs=1 gpr=proof.gpr
misc/SPARK2/Ada-SPARK-Stream-Of-Characters-Lite,pw-20261009,rc=0 secs=1 gpr=proof.gpr
misc/SPARK2/Ada-SPARK-Strstr-Naive,pw-20261009,rc=0 secs=1 gpr=strstr_naive.gpr
misc/SPARK2/Ada-SPARK-Student-Attendance-Record-I,pw-20261009,rc=0 secs=1 gpr=student_attendance_record_i.gpr
misc/SPARK2/Ada-SPARK-Subarray-Sum-Equals-K,pw-20261009,rc=0 secs=3 gpr=subarray_sum_equals_k.gpr
misc/SPARK2/Ada-SPARK-Subarrays-With-K-Different-Integers,pw-20261009,rc=0 secs=51 gpr=proof.gpr
misc/SPARK2/Ada-SPARK-Subsets,pw-20261009,rc=0 secs=21 gpr=subsets.gpr
misc/SPARK2/Ada-SPARK-Subsets-Bitmask,pw-20261009,rc=0 secs=0 gpr=subsets_bitmask.gpr
misc/SPARK2/Ada-SPARK-Subsets-II,pw-20261009,rc=0 secs=29 gpr=subsets_ii.gpr
misc/SPARK2/Ada-SPARK-Subtract-Product-Sum-Digits,pw-20261009,rc=0 secs=2 gpr=proof.gpr
misc/SPARK2/Ada-SPARK-Subtract-The-Product-And-Sum,pw-20261009,rc=0 secs=1 gpr=proof.gpr
misc/SPARK2/Ada-SPARK-Sudoku-Solver-Lite,pw-20261009,rc=0 secs=3 gpr=proof.gpr
misc/SPARK2/Ada-SPARK-Sum-Of-Left-Leaves,pw-20261009,rc=0 secs=1 gpr=proof.gpr
misc/SPARK2/Ada-SPARK-Sum-Of-Subarray-Minimums,pw-20261009,rc=0 secs=1 gpr=sum_of_subarray_minimums.gpr
misc/SPARK2/Ada-SPARK-Sum-Of-Two-Integers,pw-20261009,rc=0 secs=1 gpr=sum_of_two_integers.gpr
misc/SPARK2/Ada-SPARK-Sum-Root-To-Leaf-Numbers,pw-20261009,rc=0 secs=0 gpr=proof.gpr
misc/SPARK2/Ada-SPARK-Summary-Ranges,pw-20261009,rc=0 secs=1 gpr=summary_ranges.gpr
misc/SPARK2/Ada-SPARK-Super-Ugly-Number,pw-20261009,rc=0 secs=0 gpr=proof.gpr
misc/SPARK2/Ada-SPARK-Super-Ugly-Number-Stub,pw-20261009,rc=0 secs=0 gpr=proof.gpr
misc/SPARK2/Ada-SPARK-Surface-Area-Of-3D-Shapes,pw-20261009,rc=0 secs=1 gpr=proof.gpr
misc/SPARK2/Ada-SPARK-Surrounded-Regions,pw-20261009,rc=0 secs=1 gpr=surrounded_regions.gpr
misc/SPARK2/Ada-SPARK-Swap-Nodes-In-Pairs,pw-20261009,rc=0 secs=2 gpr=ada_spark_swap_nodes_in_pairs.gpr
misc/SPARK2/Ada-SPARK-Swapping-Nodes-In-A-Linked-List,pw-20261009,rc=0 secs=1 gpr=proof.gpr
misc/SPARK2/Ada-SPARK-Swim-In-Rising-Water,pw-20261009,rc=0 secs=1 gpr=proof.gpr
misc/SPARK2/Ada-SPARK-Swim-In-Rising-Water-Stub,pw-20261009,rc=0 secs=0 gpr=proof.gpr
misc/SPARK2/Ada-SPARK-Tanimoto,pw-20261009,rc=0 secs=3 gpr=tanimoto.gpr
misc/SPARK2/Ada-SPARK-Target-Sum,pw-20261009,rc=0 secs=4 gpr=target_sum_project.gpr
misc/SPARK2/Ada-SPARK-Target-Sum-Stub,pw-20261009,rc=0 secs=0 gpr=target_sum_stub.gpr
misc/SPARK2/Ada-SPARK-The-Skyline-Problem-Lite,pw-20261009,rc=0 secs=1 gpr=proof.gpr
misc/SPARK2/Ada-SPARK-Third-Maximum-Number,pw-20261009,rc=0 secs=1 gpr=third_maximum_number.gpr
misc/SPARK2/Ada-SPARK-Three-Divisors,pw-20261009,rc=0 secs=1 gpr=proof.gpr
misc/SPARK2/Ada-SPARK-Three-Sum,pw-20261009,rc=0 secs=1 gpr=proof.gpr
misc/SPARK2/Ada-SPARK-Three-Sum-Closest-Stub,pw-20261009,rc=0 secs=1 gpr=three_sum_closest_stub.gpr
misc/SPARK2/Ada-SPARK-Tic-Tac-Toe-Stub,pw-20261009,rc=0 secs=1 gpr=proof.gpr
misc/SPARK2/Ada-SPARK-Time-Based-Key-Value-Store,pw-20261009,rc=0 secs=1 gpr=time_based_key_value_store.gpr
misc/SPARK2/Ada-SPARK-Time-Map-Stub,pw-20261009,rc=0 secs=1 gpr=proof.gpr
misc/SPARK2/Ada-SPARK-Title-To-Number,pw-20261009,rc=0 secs=1 gpr=title_to_number.gpr
misc/SPARK2/Ada-SPARK-To-Lower-Case,pw-20261009,rc=0 secs=1 gpr=proof.gpr
misc/SPARK2/Ada-SPARK-Top-K-Frequent-Elements,pw-20261009,rc=0 secs=10 gpr=proof.gpr
misc/SPARK2/Ada-SPARK-Top-K-Frequent-Stub,pw-20261009,rc=0 secs=2 gpr=proof.gpr
misc/SPARK2/Ada-SPARK-Top-K-Frequent-Words,pw-20261009,rc=0 secs=1 gpr=top_k_frequent_words.gpr
misc/SPARK2/Ada-SPARK-Top-Nodes-Algorithm,pw-20261009,rc=0 secs=1 gpr=proof.gpr
misc/SPARK2/Ada-SPARK-Trapezoidal-Rule,pw-20261009,rc=0 secs=1 gpr=trapezoidal_rule.gpr
misc/SPARK2/Ada-SPARK-Trapping-Rain-Water,pw-20261009,rc=0 secs=1 gpr=proof.gpr
misc/SPARK2/Ada-SPARK-Trapping-Rain-Water-II-Lite,pw-20261009,rc=0 secs=1 gpr=proof.gpr
misc/SPARK2/Ada-SPARK-Triangle,pw-20261009,rc=0 secs=0 gpr=triangle.gpr
misc/SPARK2/Ada-SPARK-Triangle-Min-Path,pw-20261009,rc=0 secs=1 gpr=triangle_min_path.gpr
misc/SPARK2/Ada-SPARK-Tribonacci,pw-20261009,rc=0 secs=1 gpr=proof.gpr
misc/SPARK2/Ada-SPARK-Tribonacci-Number,pw-20261009,rc=0 secs=1 gpr=proof.gpr
misc/SPARK2/Ada-SPARK-Tweet-Counts-Stub,pw-20261009,rc=0 secs=1 gpr=proof.gpr
misc/SPARK2/Ada-SPARK-Two-City-Scheduling,pw-20261009,rc=0 secs=1 gpr=proof.gpr
misc/SPARK2/Ada-SPARK-Two-Pointers-Sum,pw-20261009,rc=0 secs=1 gpr=two_pointers_sum.gpr
misc/SPARK2/Ada-SPARK-Two-Sum,pw-20261009,rc=0 secs=1 gpr=two_sum.gpr
misc/SPARK2/Ada-SPARK-UTF-8-Validation,pw-20261009,rc=0 secs=1 gpr=utf_8_validation.gpr
misc/SPARK2/Ada-SPARK-Ugly-Number,pw-20261009,rc=0 secs=1 gpr=proof.gpr
misc/SPARK2/Ada-SPARK-Ugly-Number-II,pw-20261009,rc=0 secs=254 gpr=proof.gpr
misc/SPARK2/Ada-SPARK-Uncommon-Words-From-Two-Sentences,pw-20261009,rc=0 secs=1 gpr=uncommon_words_from_two_sentences.gpr
misc/SPARK2/Ada-SPARK-Underground-System-Stub,pw-20261009,rc=0 secs=1 gpr=proof.gpr
misc/SPARK2/Ada-SPARK-Union-Find,pw-20261009,rc=0 secs=1 gpr=union_find.gpr
misc/SPARK2/Ada-SPARK-Unique-Email-Addresses,pw-20261009,rc=0 secs=1 gpr=proof.gpr
misc/SPARK2/Ada-SPARK-Unique-Morse-Code-Words,pw-20261009,rc=0 secs=1 gpr=unique_morse_code_words.gpr
misc/SPARK2/Ada-SPARK-Unique-Paths,pw-20261009,rc=0 secs=1 gpr=unique_paths.gpr
misc/SPARK2/Ada-SPARK-Unique-Paths-II,pw-20261009,rc=0 secs=82 gpr=proof.gpr
misc/SPARK2/Ada-SPARK-Valid-Anagram,pw-20261009,rc=0 secs=2 gpr=valid_anagram.gpr
misc/SPARK2/Ada-SPARK-Valid-IP-Address-Stub,pw-20261009,rc=0 secs=1 gpr=valid_ip_address_stub.gpr
misc/SPARK2/Ada-SPARK-Valid-Number-Stub,pw-20261009,rc=0 secs=1 gpr=proof.gpr
misc/SPARK2/Ada-SPARK-Valid-Palindrome,pw-20261009,rc=0 secs=1 gpr=valid_palindrome.gpr
misc/SPARK2/Ada-SPARK-Valid-Palindrome-II,pw-20261009,rc=0 secs=1 gpr=valid_palindrome_ii.gpr
misc/SPARK2/Ada-SPARK-Valid-Parentheses,pw-20261009,rc=0 secs=3 gpr=valid_parentheses.gpr
misc/SPARK2/Ada-SPARK-Valid-Square,pw-20261009,rc=0 secs=1 gpr=valid_square.gpr
misc/SPARK2/Ada-SPARK-Valid-Sudoku-Stub,pw-20261009,rc=0 secs=4 gpr=valid_sudoku_stub.gpr
misc/SPARK2/Ada-SPARK-Valid-Word-Abbreviation,pw-20261009,rc=0 secs=1 gpr=valid_word_abbreviation.gpr
misc/SPARK2/Ada-SPARK-Validate-Stack-Sequences,pw-20261009,rc=0 secs=3 gpr=proof.gpr
misc/SPARK2/Ada-SPARK-Vector-2D-Stub,pw-20261009,rc=0 secs=1 gpr=proof.gpr
misc/SPARK2/Ada-SPARK-Vector-Dot-Cross,pw-20261009,rc=0 secs=0 gpr=vector_dot_cross.gpr
misc/SPARK2/Ada-SPARK-Water-Bottles,pw-20261009,rc=0 secs=1 gpr=proof.gpr
misc/SPARK2/Ada-SPARK-Wiggle-Subsequence,pw-20261009,rc=0 secs=1 gpr=wiggle_subsequence.gpr
misc/SPARK2/Ada-SPARK-Wildcard-Matching-Lite,pw-20261009,rc=crash secs=121 gpr=wildcard_matching_lite.gpr
misc/SPARK2/Ada-SPARK-Word-Break,pw-20261009,rc=0 secs=1 gpr=word_break.gpr
misc/SPARK2/Ada-SPARK-Word-Break-II,pw-20261009,rc=0 secs=2 gpr=word_break_ii_project.gpr
misc/SPARK2/Ada-SPARK-Word-Break-Stub,pw-20261009,rc=0 secs=0 gpr=word_break_stub.gpr
misc/SPARK2/Ada-SPARK-Word-Ladder-II-Lite,pw-20261009,rc=0 secs=2 gpr=word_ladder_ii_lite.gpr
misc/SPARK2/Ada-SPARK-Word-Ladder-Lite,pw-20261009,rc=0 secs=2 gpr=word_ladder_lite.gpr
misc/SPARK2/Ada-SPARK-Word-Ladder-Stub,pw-20261009,rc=0 secs=1 gpr=proof.gpr
misc/SPARK2/Ada-SPARK-Word-Pattern,pw-20261009,rc=0 secs=1 gpr=word_pattern.gpr
misc/SPARK2/Ada-SPARK-XOR-Of-Numbers-Range,pw-20261009,rc=0 secs=1 gpr=Xor_Of_Numbers_Range.gpr
misc/SPARK2/Ada-SPARK-XOR-Operation-In-An-Array,pw-20261009,rc=0 secs=1 gpr=xor_operation_in_an_array.gpr
misc/SPARK2/Ada-SPARK-Zigzag-Iterator-Stub,pw-20261009,rc=0 secs=1 gpr=proof.gpr
misc/SPARK2/Pattern-132,pw-20261009,rc=0 secs=1 gpr=pattern_132.gpr
misc/SPARK2/tests,pw-20261009,rc=no gpr secs=0 gpr=
misc/SPARK4/Acorn-Generator,pw-20261009,rc=0 secs=14 gpr=acorn_generator.gpr
misc/SPARK4/Ada-SPARK-Accumulator,pw-20261009,rc=0 secs=2 gpr=accumulator.gpr
misc/SPARK4/Ada-SPARK-Blum-Blum-Shub,pw-20261009,rc=0 secs=48 gpr=blum_blum_shub.gpr
misc/SPARK4/Ada-SPARK-Heaps-Algorithm,pw-20261009,rc=0 secs=12 gpr=heaps_algorithm.gpr
misc/SPARK4/Ada-SPARK-K-Way-Merge,pw-20261009,rc=0 secs=55 gpr=k_way_merge.gpr
misc/SPARK4/Ada-SPARK-Lagged-Fibonacci-Generator,pw-20261009,rc=0 secs=26 gpr=lagged_fibonacci_generator.gpr
misc/SPARK4/Ada-SPARK-Lemke-Howson,pw-20261009,rc=0 secs=234 gpr=lemke_howson.gpr
misc/SPARK4/Ada-SPARK-Package-Merge-Algorithm,pw-20261009,rc=0 secs=95 gpr=package_merge.gpr
misc/SPARK4/Ada-SPARK-Selection-Algorithm,pw-20261009,rc=0 secs=46 gpr=selection_algorithm.gpr
misc/SPARK4/Ada-SPARK-Shortest-Seek-First,pw-20261009,rc=1 secs=0 gpr=test_runner.gpr
misc/SPARK4/demo,pw-20261009,rc=1 secs=0 gpr=sstf_demo.gpr
misc/SPARK4/obj,pw-20261009,rc=no gpr secs=0 gpr=
misc/SPARK4/tests,pw-20261009,rc=no gpr secs=0 gpr=
ml/SPARK2/Ada-SPARK-ReLU,pw-20261009,rc=0 secs=1 gpr=relu.gpr
ml/SPARK2/Ada-SPARK-Softmax,pw-20261009,rc=0 secs=2 gpr=softmax.gpr
ml/SPARK2/Linear-Regression,pw-20261009,rc=0 secs=1 gpr=linear_regression.gpr
numerical/SPARK2/Ada-SPARK-Bisection-Method,pw-20261009,rc=0 secs=2 gpr=bisection_method.gpr
numerical/SPARK2/Ada-SPARK-Chebyshev-Distance,pw-20261009,rc=0 secs=1 gpr=chebyshev_distance.gpr
numerical/SPARK2/Ada-SPARK-Cooley-Tukey-FFT,pw-20261009,rc=0 secs=18 gpr=cooley_tukey_fft.gpr
numerical/SPARK2/Ada-SPARK-Count-Primes,pw-20261009,rc=0 secs=1 gpr=count_primes.gpr
numerical/SPARK2/Ada-SPARK-Count-Primes-Stub,pw-20261009,rc=0 secs=11 gpr=proof.gpr
numerical/SPARK2/Ada-SPARK-Extended-Euclidean,pw-20261009,rc=0 secs=1 gpr=proof.gpr
numerical/SPARK2/Ada-SPARK-Lagrange-Interpolation,pw-20261009,rc=0 secs=1 gpr=lagrange_interpolation.gpr
numerical/SPARK2/Ada-SPARK-Maximum-Performance-Of-A-Team-Lite,pw-20261009,rc=0 secs=1 gpr=proof.gpr
numerical/SPARK2/Ada-SPARK-Minimum-Limit-Of-Balls-In-A-Bag,pw-20261009,rc=0 secs=4 gpr=proof.gpr
numerical/SPARK2/Ada-SPARK-Modular-Exponentiation,pw-20261009,rc=0 secs=1 gpr=proof.gpr
numerical/SPARK2/Ada-SPARK-Newton-Raphson,pw-20261009,rc=0 secs=35 gpr=newton_raphson.gpr
numerical/SPARK2/Ada-SPARK-Perfect-Number,pw-20261009,rc=0 secs=1 gpr=proof.gpr
numerical/SPARK2/Ada-SPARK-Perfect-Squares,pw-20261009,rc=0 secs=1 gpr=perfect_squares.gpr
numerical/SPARK2/Ada-SPARK-Prime-Check,pw-20261009,rc=0 secs=1 gpr=proof.gpr
numerical/SPARK2/Ada-SPARK-Prime-Number-Of-Set-Bits,pw-20261009,rc=0 secs=1 gpr=prime_number_of_set_bits.gpr
numerical/SPARK2/Ada-SPARK-Prime-Number-Of-Set-Bits-In-Binary-Representation,pw-20261009,rc=0 secs=1 gpr=Prime_Number_Of_Set_Bits_In_Binary_Representation.gpr
numerical/SPARK2/Ada-SPARK-Secant-Method,pw-20261009,rc=0 secs=1 gpr=secant_method.gpr
numerical/SPARK2/Ada-SPARK-Sieve-Of-Eratosthenes,pw-20261009,rc=0 secs=11 gpr=sieve_of_eratosthenes.gpr
numerical/SPARK2/Ada-SPARK-Simpson-Rule,pw-20261009,rc=0 secs=1 gpr=simpson_rule.gpr
numerical/SPARK2/Ada-SPARK-Successful-Pairs-Of-Spells-And-Potions,pw-20261009,rc=0 secs=1 gpr=proof.gpr
numerical/SPARK2/Ada-SPARK-Valid-Perfect-Square,pw-20261009,rc=0 secs=1 gpr=valid_perfect_square.gpr
numerical/SPARK2/Ada-SPARK-Walls-And-Gates,pw-20261009,rc=0 secs=2 gpr=walls_and_gates.gpr
numerical/SPARK2/Babylonian-Sqrt,pw-20261009,rc=0 secs=10 gpr=babylonian_sqrt.gpr
numerical/SPARK4/Ada-SPARK-Brents-Algorithm,pw-20261009,rc=0 secs=16 gpr=brents_algorithm.gpr
numerical/SPARK4/Ada-SPARK-Euclidean-Algorithm,pw-20261009,rc=0 secs=11 gpr=euclidean_algorithm.gpr
numerical/SPARK4/Ada-SPARK-Extended-Euclidean-Algorithm,pw-20261009,rc=0 secs=6 gpr=extended_euclidean_algorithm.gpr
numerical/SPARK4/Ada-SPARK-Linear-Congruential-Generator,pw-20261009,rc=0 secs=52 gpr=linear_congruential_generator.gpr
numerical/SPARK4/Ada-SPARK-Mersenne-Twister,pw-20261009,rc=0 secs=6 gpr=mersenne_twister.gpr
numerical/SPARK4/Ada-SPARK-Modular-Arithmetic,pw-20261009,rc=0 secs=315 gpr=modular_arithmetic.gpr
numerical/SPARK4/Binary-Gcd,pw-20261009,rc=0 secs=10 gpr=binary_gcd.gpr
parsing/SPARK2/Ada-SPARK-Sparse-Set,pw-20261009,rc=0 secs=2 gpr=sparse_set.gpr
parsing/SPARK2/Ada-SPARK-Sparse-Vector-Dot-Stub,pw-20261009,rc=0 secs=1 gpr=proof.gpr
parsing/SPARK2/Sparse-Dot,pw-20261009,rc=0 secs=0 gpr=sparse_dot.gpr
searching/SPARK2/Ada-SPARK-Binary-Search-Lower-Bound,pw-20261009,rc=0 secs=4 gpr=binary_search_lower_bound.gpr
searching/SPARK2/Ada-SPARK-Binary-Search-Upper-Bound,pw-20261009,rc=0 secs=4 gpr=binary_search_upper_bound.gpr
searching/SPARK2/Ada-SPARK-Design-Add-And-Search-Words,pw-20261009,rc=0 secs=2 gpr=proof.gpr
searching/SPARK2/Ada-SPARK-Exponential-Search,pw-20261009,rc=0 secs=3 gpr=exponential_search.gpr
searching/SPARK2/Ada-SPARK-Increasing-Order-Search-Tree,pw-20261009,rc=crash secs=66 gpr=proof.gpr
searching/SPARK2/Ada-SPARK-Insert-Into-A-Binary-Search-Tree,pw-20261009,rc=0 secs=55 gpr=proof.gpr
searching/SPARK2/Ada-SPARK-Naive-String-Search,pw-20261009,rc=0 secs=2 gpr=naive_string_search.gpr
searching/SPARK2/Ada-SPARK-Search-2D-Matrix,pw-20261009,rc=0 secs=57 gpr=search_2d_matrix.gpr
searching/SPARK2/Ada-SPARK-Search-A-2D-Matrix,pw-20261009,rc=0 secs=11 gpr=search_a_2d_matrix.gpr
searching/SPARK2/Ada-SPARK-Search-A-2D-Matrix-II,pw-20261009,rc=0 secs=6 gpr=search_a_2d_matrix_ii.gpr
searching/SPARK2/Ada-SPARK-Search-In-A-Binary-Search-Tree,pw-20261009,rc=0 secs=3 gpr=proof.gpr
searching/SPARK2/Ada-SPARK-Search-Insert-Position,pw-20261009,rc=0 secs=4 gpr=search_insert_position.gpr
searching/SPARK2/Ada-SPARK-Trigram-Search,pw-20261009,rc=0 secs=1 gpr=trigram_search.gpr
searching/SPARK2/Ada-SPARK-Trim-A-Binary-Search-Tree,pw-20261009,rc=0 secs=1 gpr=proof.gpr
searching/SPARK2/Ada-SPARK-Unique-Binary-Search-Trees,pw-20261009,rc=0 secs=0 gpr=unique_binary_search_trees.gpr
searching/SPARK2/Ada-SPARK-Unique-Binary-Search-Trees-II-Lite,pw-20261009,rc=0 secs=0 gpr=unique_binary_search_trees_ii_lite.gpr
searching/SPARK2/Ada-SPARK-Validate-Binary-Search-Tree,pw-20261009,rc=0 secs=4 gpr=proof.gpr
searching/SPARK2/Ada-SPARK-Word-Search,pw-20261009,rc=0 secs=2 gpr=word_search.gpr
searching/SPARK2/Ada-SPARK-Word-Search-II-Lite,pw-20261009,rc=0 secs=1 gpr=proof.gpr
searching/SPARK2/Bst-Insert-Search,pw-20261009,rc=0 secs=6 gpr=proof.gpr
searching/SPARK4/Ada-SPARK-Binary-Search,pw-20261009,rc=0 secs=6 gpr=binary_search.gpr
searching/SPARK4/Ada-SPARK-Fibonacci-Search,pw-20261009,rc=0 secs=5 gpr=fibonacci_search.gpr
searching/SPARK4/Ada-SPARK-Interpolation-Search,pw-20261009,rc=0 secs=4 gpr=interpolation_search.gpr
searching/SPARK4/Ada-SPARK-Introselect,pw-20261009,rc=0 secs=66 gpr=introselect.gpr
searching/SPARK4/Ada-SPARK-Jump-Search,pw-20261009,rc=0 secs=6 gpr=jump_search.gpr
searching/SPARK4/Ada-SPARK-Linear-Search,pw-20261009,rc=0 secs=2 gpr=linear_search.gpr
searching/SPARK4/Ada-SPARK-Quickselect,pw-20261009,rc=0 secs=40 gpr=quickselect.gpr
searching/SPARK4/Ada-SPARK-Ternary-Search,pw-20261009,rc=0 secs=7 gpr=ternary_search.gpr
searching/SPARK4/Ada-SPARK-Uniform-Cost-Search,pw-20261009,rc=0 secs=41 gpr=uniform_cost_search.gpr
searching/SPARK4/Best-First-Search,pw-20261009,rc=0 secs=24 gpr=best_first_search.gpr
sorting/SPARK2/Ada-SPARK-Bitonic-Sort,pw-20261009,rc=0 secs=37 gpr=proof.gpr
sorting/SPARK2/Ada-SPARK-Block-Sort,pw-20261009,rc=0 secs=35 gpr=proof.gpr
sorting/SPARK2/Ada-SPARK-Circle-Sort,pw-20261009,rc=0 secs=35 gpr=proof.gpr
sorting/SPARK2/Ada-SPARK-Cocktail-Sort,pw-20261009,rc=0 secs=34 gpr=proof.gpr
sorting/SPARK2/Ada-SPARK-Convert-Sorted-Array-To-BST,pw-20261009,rc=0 secs=0 gpr=proof.gpr
sorting/SPARK2/Ada-SPARK-Count-Negative-Numbers-In-A-Sorted-Matrix,pw-20261009,rc=0 secs=1 gpr=proof.gpr
sorting/SPARK2/Ada-SPARK-Count-Sorted-Vowel-Strings,pw-20261009,rc=0 secs=5 gpr=count_sorted_vowel_strings.gpr
sorting/SPARK2/Ada-SPARK-Exchange-Sort,pw-20261009,rc=0 secs=36 gpr=proof.gpr
sorting/SPARK2/Ada-SPARK-Find-Median-Sorted-Arrays-Lite,pw-20261009,rc=0 secs=2 gpr=median_sorted_arrays_lite.gpr
sorting/SPARK2/Ada-SPARK-Find-Minimum-In-Rotated-Sorted-Array,pw-20261009,rc=0 secs=5 gpr=find_minimum_in_rotated_sorted_array.gpr
sorting/SPARK2/Ada-SPARK-Find-Minimum-In-Rotated-Sorted-Array-II,pw-20261009,rc=0 secs=4 gpr=proof.gpr
sorting/SPARK2/Ada-SPARK-Flash-Sort,pw-20261009,rc=0 secs=37 gpr=proof.gpr
sorting/SPARK2/Ada-SPARK-Heap-Sort,pw-20261009,rc=0 secs=35 gpr=proof.gpr
sorting/SPARK2/Ada-SPARK-Intro-Sort,pw-20261009,rc=0 secs=34 gpr=proof.gpr
sorting/SPARK2/Ada-SPARK-Kth-Smallest-Element-In-A-Sorted-Matrix,pw-20261009,rc=0 secs=35 gpr=kth_smallest_matrix.gpr
sorting/SPARK2/Ada-SPARK-Median-Of-Two-Sorted-Arrays-Lite,pw-20261009,rc=0 secs=50 gpr=proof.gpr
sorting/SPARK2/Ada-SPARK-Merge-K-Sorted-Lists-Stub,pw-20261009,rc=0 secs=20 gpr=proof.gpr
sorting/SPARK2/Ada-SPARK-Merge-Sorted-Array,pw-20261009,rc=0 secs=1 gpr=proof.gpr
sorting/SPARK2/Ada-SPARK-Merge-Sorted-Arrays,pw-20261009,rc=0 secs=3 gpr=merge_sorted_arrays.gpr
sorting/SPARK2/Ada-SPARK-Merge-Two-Sorted-Lists,pw-20261009,rc=0 secs=2 gpr=proof.gpr
sorting/SPARK2/Ada-SPARK-Odd-Even-Linked-List,pw-20261009,rc=0 secs=10 gpr=odd_even_linked_list.gpr
sorting/SPARK2/Ada-SPARK-Odd-Even-Merge-Sort,pw-20261009,rc=0 secs=36 gpr=proof.gpr
sorting/SPARK2/Ada-SPARK-Pancake-Sort,pw-20261009,rc=0 secs=36 gpr=proof.gpr
sorting/SPARK2/Ada-SPARK-Patience-Sort,pw-20261009,rc=0 secs=38 gpr=proof.gpr
sorting/SPARK2/Ada-SPARK-Quick-Sort,pw-20261009,rc=0 secs=36 gpr=proof.gpr
sorting/SPARK2/Ada-SPARK-Relative-Sort-Array,pw-20261009,rc=0 secs=1 gpr=relative_sort_array.gpr
sorting/SPARK2/Ada-SPARK-Remove-Duplicates-From-Sorted-Array,pw-20261009,rc=0 secs=1 gpr=proof.gpr
sorting/SPARK2/Ada-SPARK-Remove-Duplicates-From-Sorted-Array-II,pw-20261009,rc=0 secs=1 gpr=proof.gpr
sorting/SPARK2/Ada-SPARK-Remove-Duplicates-From-Sorted-List,pw-20261009,rc=0 secs=7 gpr=ada_spark_remove_duplicates_from_sorted_list.gpr
sorting/SPARK2/Ada-SPARK-Remove-Duplicates-From-Sorted-List-II,pw-20261009,rc=0 secs=4 gpr=ada_spark_remove_duplicates_from_sorted_list_ii.gpr
sorting/SPARK2/Ada-SPARK-Remove-Duplicates-Sorted,pw-20261009,rc=0 secs=1 gpr=remove_duplicates_sorted.gpr
sorting/SPARK2/Ada-SPARK-Search-In-Rotated-Sorted-Array,pw-20261009,rc=0 secs=23 gpr=search_in_rotated_sorted_array.gpr
sorting/SPARK2/Ada-SPARK-Search-In-Rotated-Sorted-Array-II,pw-20261009,rc=0 secs=84 gpr=search_in_rotated_sorted_array_ii.gpr
sorting/SPARK2/Ada-SPARK-Shaker-Sort,pw-20261009,rc=0 secs=35 gpr=proof.gpr
sorting/SPARK2/Ada-SPARK-Shortest-Unsorted-Continuous-Subarray,pw-20261009,rc=0 secs=1 gpr=shortest_unsorted_continuous_subarray.gpr
sorting/SPARK2/Ada-SPARK-Smooth-Sort,pw-20261009,rc=0 secs=37 gpr=proof.gpr
sorting/SPARK2/Ada-SPARK-Sort-An-Array,pw-20261009,rc=0 secs=1 gpr=proof.gpr
sorting/SPARK2/Ada-SPARK-Sort-Array-By-Parity,pw-20261009,rc=0 secs=1 gpr=sort_array_by_parity.gpr
sorting/SPARK2/Ada-SPARK-Sort-Array-By-Parity-II,pw-20261009,rc=0 secs=4 gpr=sort_array_by_parity_ii.gpr
sorting/SPARK2/Ada-SPARK-Sort-Characters-By-Frequency,pw-20261009,rc=0 secs=5 gpr=proof.gpr
sorting/SPARK2/Ada-SPARK-Sort-Colors,pw-20261009,rc=0 secs=1 gpr=proof.gpr
sorting/SPARK2/Ada-SPARK-Sort-Integers-By-The-Number-Of-1-Bits,pw-20261009,rc=0 secs=0 gpr=Sort_Integers_By_The_Number_Of_1_Bits.gpr
sorting/SPARK2/Ada-SPARK-Sort-List-Lite,pw-20261009,rc=crash secs=63 gpr=ada_spark_sort_list_lite.gpr
sorting/SPARK2/Ada-SPARK-Sorted-Array-To-BST,pw-20261009,rc=0 secs=3 gpr=proof.gpr
sorting/SPARK2/Ada-SPARK-Squares-Of-A-Sorted-Array,pw-20261009,rc=0 secs=2 gpr=squares_of_a_sorted_array.gpr
sorting/SPARK2/Ada-SPARK-Tim-Sort,pw-20261009,rc=0 secs=35 gpr=proof.gpr
sorting/SPARK2/Ada-SPARK-Tim-Sort-Stub,pw-20261009,rc=0 secs=4 gpr=proof.gpr
sorting/SPARK2/Ada-SPARK-Topological-Sort-Lite,pw-20261009,rc=0 secs=54 gpr=topological_sort_lite.gpr
sorting/SPARK2/Ada-SPARK-Tournament-Sort,pw-20261009,rc=0 secs=40 gpr=proof.gpr
sorting/SPARK2/Ada-SPARK-Two-Sum-II-Input-Array-Is-Sorted,pw-20261009,rc=0 secs=1 gpr=proof.gpr
sorting/SPARK2/Ada-SPARK-Wiggle-Sort,pw-20261009,rc=0 secs=5 gpr=proof.gpr
sorting/SPARK2/Binary-Insertion-Sort,pw-20261009,rc=0 secs=11 gpr=proof.gpr
sorting/SPARK2/tests,pw-20261009,rc=no gpr secs=0 gpr=
sorting/SPARK4/Ada-SPARK-Bitonic-Sorter,pw-20261009,rc=0 secs=18 gpr=bitonic_sorter.gpr
sorting/SPARK4/Ada-SPARK-Bogosort,pw-20261009,rc=0 secs=22 gpr=bogosort.gpr
sorting/SPARK4/Ada-SPARK-Bubble-Sort,pw-20261009,rc=0 secs=14 gpr=bubble_sort.gpr
sorting/SPARK4/Ada-SPARK-Bucket-Sort,pw-20261009,rc=0 secs=16 gpr=bucket_sort.gpr
sorting/SPARK4/Ada-SPARK-Burstsort,pw-20261009,rc=0 secs=244 gpr=burstsort.gpr
sorting/SPARK4/Ada-SPARK-Cocktail-Shaker-Sort,pw-20261009,rc=0 secs=22 gpr=cocktail_shaker_sort.gpr
sorting/SPARK4/Ada-SPARK-Comb-Sort,pw-20261009,rc=0 secs=13 gpr=comb_sort.gpr
sorting/SPARK4/Ada-SPARK-Counting-Sort,pw-20261009,rc=0 secs=88 gpr=counting_sort.gpr
sorting/SPARK4/Ada-SPARK-Cycle-Sort,pw-20261009,rc=0 secs=154 gpr=cycle_sort.gpr
sorting/SPARK4/Ada-SPARK-Flashsort,pw-20261009,rc=0 secs=420 gpr=flashsort.gpr
sorting/SPARK4/Ada-SPARK-Gnome-Sort,pw-20261009,rc=0 secs=9 gpr=gnome_sort.gpr
sorting/SPARK4/Ada-SPARK-Heapsort,pw-20261009,rc=0 secs=42 gpr=heapsort.gpr
sorting/SPARK4/Ada-SPARK-Insertion-Sort,pw-20261009,rc=0 secs=8 gpr=insertion_sort.gpr
sorting/SPARK4/Ada-SPARK-Introsort,pw-20261009,rc=0 secs=81 gpr=introsort.gpr
sorting/SPARK4/Ada-SPARK-Library-Sort,pw-20261009,rc=0 secs=71 gpr=library_sort.gpr
sorting/SPARK4/Ada-SPARK-Merge-Sort,pw-20261009,rc=0 secs=47 gpr=merge_sort.gpr
sorting/SPARK4/Ada-SPARK-Odd-Even-Sort,pw-20261009,rc=0 secs=206 gpr=odd_even_sort.gpr
sorting/SPARK4/Ada-SPARK-Pancake-Sorting,pw-20261009,rc=0 secs=41 gpr=pancake_sorting.gpr
sorting/SPARK4/Ada-SPARK-Patience-Sorting,pw-20261009,rc=0 secs=110 gpr=patience_sorting.gpr
sorting/SPARK4/Ada-SPARK-Pigeonhole-Sort,pw-20261009,rc=0 secs=87 gpr=pigeonhole_sort.gpr
sorting/SPARK4/Ada-SPARK-Postman-Sort,pw-20261009,rc=0 secs=238 gpr=postman_sort.gpr
sorting/SPARK4/Ada-SPARK-Quantum-Sort,pw-20261009,rc=0 secs=30 gpr=quantum_sort.gpr
sorting/SPARK4/Ada-SPARK-Quicksort,pw-20261009,rc=0 secs=25 gpr=quicksort.gpr
sorting/SPARK4/Ada-SPARK-Radix-Sort,pw-20261009,rc=0 secs=75 gpr=radix_sort.gpr
sorting/SPARK4/Ada-SPARK-Samplesort,pw-20261009,rc=0 secs=17 gpr=samplesort.gpr
sorting/SPARK4/Ada-SPARK-Selection-Sort,pw-20261009,rc=0 secs=18 gpr=selection_sort.gpr
sorting/SPARK4/Ada-SPARK-Shell-Sort,pw-20261009,rc=0 secs=9 gpr=shell_sort.gpr
sorting/SPARK4/Ada-SPARK-Slowsort,pw-20261009,rc=0 secs=15 gpr=slowsort.gpr
sorting/SPARK4/Ada-SPARK-Smoothsort,pw-20261009,rc=0 secs=13 gpr=smoothsort.gpr
sorting/SPARK4/Ada-SPARK-Sort-Merge-Join,pw-20261009,rc=cap secs=1800 gpr=sort_merge_join.gpr
sorting/SPARK4/Ada-SPARK-Sorted-List,pw-20261009,rc=0 secs=17 gpr=sorted_list.gpr
sorting/SPARK4/Ada-SPARK-Spaghetti-Sort,pw-20261009,rc=0 secs=27 gpr=spaghetti_sort.gpr
sorting/SPARK4/Ada-SPARK-Stooge-Sort,pw-20261009,rc=0 secs=172 gpr=stooge_sort.gpr
sorting/SPARK4/Ada-SPARK-Strand-Sort,pw-20261009,rc=0 secs=35 gpr=strand_sort.gpr
sorting/SPARK4/Ada-SPARK-Timsort,pw-20261009,rc=0 secs=41 gpr=timsort.gpr
sorting/SPARK4/Ada-SPARK-Topological-Sort,pw-20261009,rc=0 secs=6 gpr=topological_sorting.gpr
sorting/SPARK4/Ada-SPARK-Tree-Sort,pw-20261009,rc=0 secs=68 gpr=tree_sort.gpr
sorting/SPARK4/Bead-Sort,pw-20261009,rc=0 secs=16 gpr=bead_sort.gpr
strings/SPARK2/Ada-SPARK-Bounded-String-Builder,pw-20261009,rc=0 secs=8 gpr=proof.gpr
strings/SPARK2/Ada-SPARK-Boyer-Moore,pw-20261009,rc=0 secs=3 gpr=boyer_moore.gpr
strings/SPARK2/Ada-SPARK-Check-If-Two-String-Arrays-Are-Equivalent,pw-20261009,rc=0 secs=1 gpr=proof.gpr
strings/SPARK2/Ada-SPARK-Count-The-Number-Of-Consistent-Strings,pw-20261009,rc=0 secs=1 gpr=count_the_number_of_consistent_strings.gpr
strings/SPARK2/Ada-SPARK-Damerau-Levenshtein-Distance,pw-20261009,rc=0 secs=61 gpr=damerau_levenshtein_distance.gpr
strings/SPARK2/Ada-SPARK-Decode-String,pw-20261009,rc=0 secs=1 gpr=decode_string.gpr
strings/SPARK2/Ada-SPARK-Decode-String-Stub,pw-20261009,rc=0 secs=0 gpr=decode_string_stub.gpr
strings/SPARK2/Ada-SPARK-Delete-Operation-For-Two-Strings,pw-20261009,rc=crash secs=212 gpr=delete_operation_for_two_strings.gpr
strings/SPARK2/Ada-SPARK-Edit-Distance,pw-20261009,rc=0 secs=23 gpr=edit_distance.gpr
strings/SPARK2/Ada-SPARK-Encode-And-Decode-Strings-Lite,pw-20261009,rc=0 secs=0 gpr=encode_and_decode_strings_lite.gpr
strings/SPARK2/Ada-SPARK-Find-All-Anagrams-In-A-String,pw-20261009,rc=0 secs=1 gpr=find_all_anagrams_in_a_string.gpr
strings/SPARK2/Ada-SPARK-First-Unique-Character-In-A-String,pw-20261009,rc=0 secs=1 gpr=first_unique_character_in_a_string.gpr
strings/SPARK2/Ada-SPARK-Hamming-Distance,pw-20261009,rc=0 secs=1 gpr=hamming_distance.gpr
strings/SPARK2/Ada-SPARK-Isomorphic-Strings,pw-20261009,rc=0 secs=1 gpr=isomorphic_strings.gpr
strings/SPARK2/Ada-SPARK-Knuth-Morris-Pratt,pw-20261009,rc=0 secs=3 gpr=kmp.gpr
strings/SPARK2/Ada-SPARK-Longest-Common-Prefix,pw-20261009,rc=0 secs=1 gpr=longest_common_prefix.gpr
strings/SPARK2/Ada-SPARK-Longest-Common-Subsequence,pw-20261009,rc=0 secs=2 gpr=lcs.gpr
strings/SPARK2/Ada-SPARK-Make-The-String-Great,pw-20261009,rc=0 secs=3 gpr=proof.gpr
strings/SPARK2/Ada-SPARK-Multiply-Strings-Lite,pw-20261009,rc=0 secs=0 gpr=multiply_strings_lite.gpr
strings/SPARK2/Ada-SPARK-Multiply-Strings-Stub,pw-20261009,rc=0 secs=6 gpr=proof.gpr
strings/SPARK2/Ada-SPARK-Number-Of-Lines-To-Write-String,pw-20261009,rc=0 secs=1 gpr=proof.gpr
strings/SPARK2/Ada-SPARK-One-Edit-Distance,pw-20261009,rc=0 secs=1 gpr=proof.gpr
strings/SPARK2/Ada-SPARK-Permutation-In-String,pw-20261009,rc=0 secs=1 gpr=permutation_in_string.gpr
strings/SPARK2/Ada-SPARK-Rabin-Karp,pw-20261009,rc=0 secs=1 gpr=rabin_karp.gpr
strings/SPARK2/Ada-SPARK-Remove-All-Adjacent-Duplicates-In-String,pw-20261009,rc=0 secs=6 gpr=proof.gpr
strings/SPARK2/Ada-SPARK-Reorganize-String,pw-20261009,rc=0 secs=15 gpr=proof.gpr
strings/SPARK2/Ada-SPARK-Reorganize-String-Stub,pw-20261009,rc=0 secs=5 gpr=proof.gpr
strings/SPARK2/Ada-SPARK-Repeated-String-Match,pw-20261009,rc=0 secs=2 gpr=proof.gpr
strings/SPARK2/Ada-SPARK-Reverse-String,pw-20261009,rc=0 secs=0 gpr=reverse_string.gpr
strings/SPARK2/Ada-SPARK-Reverse-String-II,pw-20261009,rc=0 secs=1 gpr=proof.gpr
strings/SPARK2/Ada-SPARK-Reverse-Vowels-Of-A-String,pw-20261009,rc=0 secs=1 gpr=reverse_vowels_of_a_string.gpr
strings/SPARK2/Ada-SPARK-Reverse-Words-In-A-String,pw-20261009,rc=0 secs=0 gpr=reverse_words_in_a_string.gpr
strings/SPARK2/Ada-SPARK-Reverse-Words-In-A-String-III,pw-20261009,rc=0 secs=1 gpr=proof.gpr
strings/SPARK2/Ada-SPARK-Rotate-String,pw-20261009,rc=0 secs=1 gpr=proof.gpr
strings/SPARK2/Ada-SPARK-String-To-Integer-Atoi,pw-20261009,rc=0 secs=1 gpr=string_to_integer_atoi.gpr
strings/SPARK2/Ada-SPARK-String-To-Integer-Atoi-Stub,pw-20261009,rc=0 secs=1 gpr=string_to_integer_atoi_stub.gpr
strings/SPARK2/Ada-SPARK-Sum-Of-Digits-Of-String-After-Convert,pw-20261009,rc=0 secs=1 gpr=proof.gpr
strings/SPARK2/Ada-SPARK-Total-Hamming-Distance,pw-20261009,rc=0 secs=1 gpr=total_hamming_distance.gpr
strings/SPARK2/Ada-SPARK-Z-Algorithm,pw-20261009,rc=0 secs=5 gpr=z_algorithm.gpr
strings/SPARK2/Add-Strings,pw-20261009,rc=0 secs=0 gpr=proof.gpr
strings/SPARK3/Levenshtein-Distance,pw-20261009,rc=0 secs=3 gpr=levenshtein_distance.gpr
trees/SPARK2/Ada-SPARK-BST-Iterator-Stub,pw-20261009,rc=0 secs=1 gpr=proof.gpr
trees/SPARK2/Ada-SPARK-Balanced-Binary-Tree,pw-20261009,rc=0 secs=33 gpr=proof.gpr
trees/SPARK2/Ada-SPARK-Binary-Tree-Inorder,pw-20261009,rc=0 secs=1 gpr=proof.gpr
trees/SPARK2/Ada-SPARK-Binary-Tree-Level-Order,pw-20261009,rc=0 secs=1 gpr=proof.gpr
trees/SPARK2/Ada-SPARK-Binary-Tree-Max-Depth,pw-20261009,rc=0 secs=1 gpr=proof.gpr
trees/SPARK2/Ada-SPARK-Binary-Tree-Min-Depth,pw-20261009,rc=0 secs=2 gpr=proof.gpr
trees/SPARK2/Ada-SPARK-Binary-Tree-Paths,pw-20261009,rc=0 secs=1 gpr=proof.gpr
trees/SPARK2/Ada-SPARK-Binary-Tree-Postorder,pw-20261009,rc=0 secs=1 gpr=proof.gpr
trees/SPARK2/Ada-SPARK-Binary-Tree-Preorder,pw-20261009,rc=0 secs=1 gpr=proof.gpr
trees/SPARK2/Ada-SPARK-Binary-Tree-Right-Side-View,pw-20261009,rc=0 secs=0 gpr=proof.gpr
trees/SPARK2/Ada-SPARK-Construct-Binary-Tree-From-Inorder-And-Postorder-Lite,pw-20261009,rc=0 secs=1 gpr=proof.gpr
trees/SPARK2/Ada-SPARK-Construct-Binary-Tree-From-Preorder-And-Inorder-Lite,pw-20261009,rc=0 secs=1 gpr=proof.gpr
trees/SPARK2/Ada-SPARK-Convert-BST-To-Greater-Tree,pw-20261009,rc=0 secs=2 gpr=proof.gpr
trees/SPARK2/Ada-SPARK-Count-Binary-Substrings,pw-20261009,rc=0 secs=1 gpr=proof.gpr
trees/SPARK2/Ada-SPARK-Count-Complete-Tree-Nodes,pw-20261009,rc=0 secs=1 gpr=proof.gpr
trees/SPARK2/Ada-SPARK-Delete-Node-BST-Stub,pw-20261009,rc=0 secs=1 gpr=proof.gpr
trees/SPARK2/Ada-SPARK-Delete-Node-In-A-BST-Lite,pw-20261009,rc=0 secs=4 gpr=proof.gpr
trees/SPARK2/Ada-SPARK-Diameter-Of-Binary-Tree,pw-20261009,rc=0 secs=2 gpr=proof.gpr
trees/SPARK2/Ada-SPARK-Find-Mode-In-BST,pw-20261009,rc=0 secs=1 gpr=proof.gpr
trees/SPARK2/Ada-SPARK-Flatten-Binary-Tree-To-Linked-List-Lite,pw-20261009,rc=0 secs=0 gpr=proof.gpr
trees/SPARK2/Ada-SPARK-Get-Equal-Substrings-Within-Budget,pw-20261009,rc=0 secs=95 gpr=proof.gpr
trees/SPARK2/Ada-SPARK-Implement-Trie,pw-20261009,rc=0 secs=1 gpr=proof.gpr
trees/SPARK2/Ada-SPARK-Insert-Into-BST,pw-20261009,rc=0 secs=5 gpr=proof.gpr
trees/SPARK2/Ada-SPARK-Invert-Binary-Tree,pw-20261009,rc=0 secs=1 gpr=proof.gpr
trees/SPARK2/Ada-SPARK-Kth-Smallest-BST-Stub,pw-20261009,rc=0 secs=1 gpr=proof.gpr
trees/SPARK2/Ada-SPARK-Leaf-Similar-Trees,pw-20261009,rc=0 secs=1 gpr=proof.gpr
trees/SPARK2/Ada-SPARK-Longest-Common-Substring,pw-20261009,rc=0 secs=17 gpr=longest_common_substring.gpr
trees/SPARK2/Ada-SPARK-Longest-Palindromic-Substring,pw-20261009,rc=0 secs=1 gpr=longest_palindromic_substring.gpr
trees/SPARK2/Ada-SPARK-Longest-Substring-Without-Repeat,pw-20261009,rc=0 secs=6 gpr=longest_substring_without_repeat.gpr
trees/SPARK2/Ada-SPARK-Longest-Substring-Without-Repeating,pw-20261009,rc=0 secs=143 gpr=longest_substring_without_repeating.gpr
trees/SPARK2/Ada-SPARK-Lowest-Common-Ancestor-BST,pw-20261009,rc=0 secs=1 gpr=proof.gpr
trees/SPARK2/Ada-SPARK-Lowest-Common-Ancestor-Of-BST,pw-20261009,rc=0 secs=1 gpr=proof.gpr
trees/SPARK2/Ada-SPARK-Maximum-Binary-Tree,pw-20261009,rc=0 secs=1 gpr=proof.gpr
trees/SPARK2/Ada-SPARK-Maximum-Depth-Of-Binary-Tree,pw-20261009,rc=0 secs=1 gpr=proof.gpr
trees/SPARK2/Ada-SPARK-Maximum-Depth-Of-N-Ary-Tree,pw-20261009,rc=0 secs=1 gpr=proof.gpr
trees/SPARK2/Ada-SPARK-Merge-Two-Binary-Trees,pw-20261009,rc=0 secs=25 gpr=proof.gpr
trees/SPARK2/Ada-SPARK-Minimum-Depth-Of-Binary-Tree,pw-20261009,rc=0 secs=2 gpr=proof.gpr
trees/SPARK2/Ada-SPARK-Minimum-Height-Trees,pw-20261009,rc=0 secs=1 gpr=minimum_height_trees.gpr
trees/SPARK2/Ada-SPARK-Minimum-Window-Substring,pw-20261009,rc=0 secs=7 gpr=minimum_window_substring.gpr
trees/SPARK2/Ada-SPARK-N-Ary-Tree-Level-Order-Traversal,pw-20261009,rc=0 secs=71 gpr=proof.gpr
trees/SPARK2/Ada-SPARK-N-Ary-Tree-Postorder-Traversal,pw-20261009,rc=0 secs=115 gpr=proof.gpr
trees/SPARK2/Ada-SPARK-N-Ary-Tree-Preorder-Traversal,pw-20261009,rc=0 secs=80 gpr=proof.gpr
trees/SPARK2/Ada-SPARK-Number-Of-Substrings-Containing-All-Three-Characters,pw-20261009,rc=0 secs=36 gpr=proof.gpr
trees/SPARK2/Ada-SPARK-Range-Sum-BST,pw-20261009,rc=0 secs=1 gpr=proof.gpr
trees/SPARK2/Ada-SPARK-Range-Sum-Of-BST,pw-20261009,rc=0 secs=1 gpr=proof.gpr
trees/SPARK2/Ada-SPARK-Red-Black-Tree,pw-20261009,rc=0 secs=1 gpr=red_black_tree.gpr
trees/SPARK2/Ada-SPARK-Repeated-Substring-Pattern,pw-20261009,rc=0 secs=1 gpr=repeated_substring_pattern.gpr
trees/SPARK2/Ada-SPARK-Same-Tree,pw-20261009,rc=0 secs=1 gpr=proof.gpr
trees/SPARK2/Ada-SPARK-Subtree-Of-Another-Tree,pw-20261009,rc=0 secs=85 gpr=proof.gpr
trees/SPARK2/Ada-SPARK-Symmetric-Tree,pw-20261009,rc=0 secs=1 gpr=proof.gpr
trees/SPARK2/Ada-SPARK-Trim-BST-Stub,pw-20261009,rc=0 secs=1 gpr=proof.gpr
trees/SPARK2/Ada-SPARK-Two-Sum-BST-Stub,pw-20261009,rc=0 secs=3 gpr=proof.gpr
trees/SPARK2/Ada-SPARK-Unique-BSTs-Stub,pw-20261009,rc=0 secs=1 gpr=proof.gpr
trees/SPARK2/Ada-SPARK-Unique-Paths-With-Obstacles,pw-20261009,rc=0 secs=1 gpr=unique_paths_with_obstacles.gpr
trees/SPARK2/Ada-SPARK-Univalued-Binary-Tree,pw-20261009,rc=0 secs=1 gpr=proof.gpr
trees/SPARK2/Ada-SPARK-Validate-BST-Stub,pw-20261009,rc=0 secs=1 gpr=proof.gpr
trees/SPARK2/Average-Of-Levels-In-Binary-Tree,pw-20261009,rc=0 secs=1 gpr=proof.gpr
