folder,file,line,col,warning,source_line,occurrence,status,first_seen,last_seen,fix_commit,note
concurrency/SPARK2/Course-Schedule,course_schedule.adb,52,10,unreachable code,Lemma_Count_Full (S);,1,fixed,pw-20261009,pw-20261009,07e2e49c,not raised by pw-20261009-recheck on the fix commit or later
concurrency/SPARK2/Course-Schedule,course_schedule.adb,76,26,unreachable code,for R in Course loop,1,fixed,pw-20261009,pw-20261009,07e2e49c,not raised by pw-20261009-recheck on the fix commit or later
concurrency/SPARK2/Course-Schedule,course_schedule.adb,77,13,unreachable code,pragma Loop_Invariant,1,fixed,pw-20261009,pw-20261009,07e2e49c,not raised by pw-20261009-recheck on the fix commit or later
concurrency/SPARK2/Course-Schedule,course_schedule.adb,80,39,unreachable branch,(for all C in Course => (if S (C) then Rank (C) /= R));,1,fixed,pw-20261009,pw-20261009,07e2e49c,not raised by pw-20261009-recheck on the fix commit or later
concurrency/SPARK2/Course-Schedule,course_schedule.adb,80,54,unreachable branch,(for all C in Course => (if S (C) then Rank (C) /= R));,2,fixed,pw-20261009,pw-20261009,07e2e49c,not raised by pw-20261009-recheck on the fix commit or later
concurrency/SPARK2/Course-Schedule,course_schedule.adb,82,10,unreachable code,pragma Assert (for all C in Course => not S (C));,1,fixed,pw-20261009,pw-20261009,07e2e49c,not raised by pw-20261009-recheck on the fix commit or later
concurrency/SPARK2/Course-Schedule,course_schedule.adb,82,48,unreachable branch,pragma Assert (for all C in Course => not S (C));,1,fixed,pw-20261009,pw-20261009,07e2e49c,not raised by pw-20261009-recheck on the fix commit or later
graphs/SPARK4/A-Star,a_star.adb,137,13,unreachable code,Length := 0;,1,fixed,pw-20261009,pw-20261009,3cb640eb,not raised by pw-20261009-recheck on the fix commit or later
graphs/SPARK4/Ada-SPARK-Dijkstras-Algorithm,dijkstras_algorithm.adb,119,13,unreachable code,Length := 0;,1,fixed,pw-20261009,pw-20261009,3cb640eb,not raised by pw-20261009-recheck on the fix commit or later
misc/SPARK2/Ada-SPARK-Decode-Ways,decode_ways.ads,20,25,unreachable branch,when others => 0),1,fixed,pw-20261009,pw-20261009,780d47ac,not raised by pw-20261009-recheck on the fix commit or later
misc/SPARK2/Ada-SPARK-Different-Ways-To-Add-Parentheses-Lite,different_ways_parentheses.adb,473,13,unreachable code,null;,1,fixed,pw-20261009,pw-20261009,7e6e52cb,not raised by pw-20261009-recheck on the fix commit or later
misc/SPARK2/Ada-SPARK-Different-Ways-To-Add-Parentheses-Lite,different_ways_parentheses.ads,123,24,unreachable branch,when others => 0);,1,fixed,pw-20261009,pw-20261009,7e6e52cb,not raised by pw-20261009-recheck on the fix commit or later
misc/SPARK2/Ada-SPARK-LRU-Cache-Lite,lru_cache_lite.adb,61,10,unreachable code,"V := 0;   --  excluded by Pre => Contains (C, K)",1,fixed,pw-20261009,pw-20261009,7ea4c100,not raised by pw-20261009-recheck on the fix commit or later
misc/SPARK2/Ada-SPARK-LRU-Cache-Lite,lru_cache_lite.adb,68,58,unreachable branch,return (if P in 1 .. C.Size then C.Values (P) else 0);   --  else excluded by Pre,1,fixed,pw-20261009,pw-20261009,7ea4c100,not raised by pw-20261009-recheck on the fix commit or later
misc/SPARK2/Ada-SPARK-Majority-Element,majority_element.adb,13,27,unreachable code,if Balance = 0 then Candidate := Input (4); Balance := 1;,1,fixed,pw-20261009,pw-20261009,5b5c9064,not raised by pw-20261009-recheck on the fix commit or later
misc/SPARK2/Ada-SPARK-Majority-Element,majority_element.adb,19,27,unreachable code,if Balance = 0 then Candidate := Input (6); Balance := 1;,1,fixed,pw-20261009,pw-20261009,5b5c9064,not raised by pw-20261009-recheck on the fix commit or later
misc/SPARK2/Ada-SPARK-Max-Consecutive-Ones-III,max_consecutive_ones_iii.adb,118,10,unreachable code,return 2;,1,fixed,pw-20261009,pw-20261009,56bfc9d2,not raised by pw-20261009-recheck on the fix commit or later
misc/SPARK2/Ada-SPARK-Max-Consecutive-Ones-III,max_consecutive_ones_iii.adb,121,10,unreachable code,return 2;,2,fixed,pw-20261009,pw-20261009,56bfc9d2,not raised by pw-20261009-recheck on the fix commit or later
misc/SPARK2/Ada-SPARK-Max-Consecutive-Ones-III,max_consecutive_ones_iii.adb,124,10,unreachable code,return 2;,3,fixed,pw-20261009,pw-20261009,56bfc9d2,not raised by pw-20261009-recheck on the fix commit or later
misc/SPARK2/Ada-SPARK-Max-Consecutive-Ones-III,max_consecutive_ones_iii.adb,127,10,unreachable code,return 2;,4,fixed,pw-20261009,pw-20261009,56bfc9d2,not raised by pw-20261009-recheck on the fix commit or later
misc/SPARK2/Ada-SPARK-Max-Consecutive-Ones-III,max_consecutive_ones_iii.adb,130,10,unreachable code,return 2;,5,fixed,pw-20261009,pw-20261009,56bfc9d2,not raised by pw-20261009-recheck on the fix commit or later
misc/SPARK2/Ada-SPARK-Max-Consecutive-Ones-III,max_consecutive_ones_iii.adb,133,10,unreachable code,return 2;,6,fixed,pw-20261009,pw-20261009,56bfc9d2,not raised by pw-20261009-recheck on the fix commit or later
misc/SPARK2/Ada-SPARK-Max-Consecutive-Ones-III,max_consecutive_ones_iii.adb,136,10,unreachable code,return 1;,1,fixed,pw-20261009,pw-20261009,56bfc9d2,not raised by pw-20261009-recheck on the fix commit or later
misc/SPARK2/Ada-SPARK-Max-Consecutive-Ones-III,max_consecutive_ones_iii.adb,139,10,unreachable code,return 1;,2,fixed,pw-20261009,pw-20261009,56bfc9d2,not raised by pw-20261009-recheck on the fix commit or later
misc/SPARK2/Ada-SPARK-Max-Consecutive-Ones-III,max_consecutive_ones_iii.adb,142,10,unreachable code,return 1;,3,fixed,pw-20261009,pw-20261009,56bfc9d2,not raised by pw-20261009-recheck on the fix commit or later
misc/SPARK2/Ada-SPARK-Max-Consecutive-Ones-III,max_consecutive_ones_iii.adb,145,10,unreachable code,return 1;,4,fixed,pw-20261009,pw-20261009,56bfc9d2,not raised by pw-20261009-recheck on the fix commit or later
misc/SPARK2/Ada-SPARK-Max-Consecutive-Ones-III,max_consecutive_ones_iii.adb,148,10,unreachable code,return 1;,5,fixed,pw-20261009,pw-20261009,56bfc9d2,not raised by pw-20261009-recheck on the fix commit or later
misc/SPARK2/Ada-SPARK-Max-Consecutive-Ones-III,max_consecutive_ones_iii.adb,151,10,unreachable code,return 1;,6,fixed,pw-20261009,pw-20261009,56bfc9d2,not raised by pw-20261009-recheck on the fix commit or later
misc/SPARK2/Ada-SPARK-Max-Consecutive-Ones-III,max_consecutive_ones_iii.adb,154,10,unreachable code,return 1;,7,fixed,pw-20261009,pw-20261009,56bfc9d2,not raised by pw-20261009-recheck on the fix commit or later
misc/SPARK2/Ada-SPARK-Max-Consecutive-Ones-III,max_consecutive_ones_iii.adb,157,10,unreachable code,return 1;,8,fixed,pw-20261009,pw-20261009,56bfc9d2,not raised by pw-20261009-recheck on the fix commit or later
misc/SPARK2/Ada-SPARK-Min-Stack,min_stack.adb,22,20,unreachable code,when 4 => null;,1,fixed,pw-20261009,pw-20261009,a8ad5fb2,not raised by pw-20261009-recheck on the fix commit or later
misc/SPARK2/Ada-SPARK-Min-Stack,min_stack.adb,31,20,unreachable code,when 0 => null;,1,fixed,pw-20261009,pw-20261009,a8ad5fb2,not raised by pw-20261009-recheck on the fix commit or later
misc/SPARK2/Ada-SPARK-Min-Stack,min_stack.adb,43,20,unreachable code,when 0 => return 0;,1,fixed,pw-20261009,pw-20261009,a8ad5fb2,not raised by pw-20261009-recheck on the fix commit or later
misc/SPARK2/Ada-SPARK-Paint-Fence-Lite,paint_fence_lite.adb,26,27,unreachable code,pragma Assert (D * MM >= MM);,1,fixed,pw-20261009,pw-20261009,82cf16e7,not raised by pw-20261009-recheck on the fix commit or later
misc/SPARK2/Ada-SPARK-Paint-Fence-Lite,paint_fence_lite.adb,28,27,unreachable code,pragma Assert (D * MM <= -MM);,1,fixed,pw-20261009,pw-20261009,82cf16e7,not raised by pw-20261009-recheck on the fix commit or later
misc/SPARK2/Ada-SPARK-Queue-Using-Stacks,queue_using_stacks.adb,17,20,unreachable code,when 4 => null;,1,fixed,pw-20261009,pw-20261009,fb8296a3,not raised by pw-20261009-recheck on the fix commit or later
misc/SPARK2/Ada-SPARK-Queue-Using-Stacks,queue_using_stacks.adb,26,20,unreachable code,when 0 => null;,1,fixed,pw-20261009,pw-20261009,fb8296a3,not raised by pw-20261009-recheck on the fix commit or later
misc/SPARK2/Ada-SPARK-Sqrt-Integer,sqrt_integer.adb,43,10,unreachable code,pragma Assert (R * R >= R * (Wide (Root'Last) + 1));,1,fixed,pw-20261009,pw-20261009,49d5c1e0,not raised by pw-20261009-recheck on the fix commit or later
misc/SPARK2/Ada-SPARK-Ugly-Number-II,ugly_number_ii.adb,149,07,unreachable code,return L'First;,1,fixed,pw-20261009,pw-20261009,2794e231,not raised by pw-20261009-recheck on the fix commit or later
misc/SPARK4/Acorn-Generator,acorn_generator.adb,112,13,unreachable code,Buf (0) := 1;,1,fixed,pw-20261009,pw-20261009,49378741,not raised by pw-20261009-recheck on the fix commit or later
misc/SPARK4/Ada-SPARK-Blum-Blum-Shub,blum_blum_shub.adb,40,07,unreachable code,return True;,1,fixed,pw-20261009,pw-20261009,6c82f5c2,not raised by pw-20261009-recheck on the fix commit or later
misc/SPARK4/Ada-SPARK-Heaps-Algorithm,heaps_algorithm.adb,37,10,unreachable code,return False;,1,fixed,pw-20261009,pw-20261009,27eee24e,not raised by pw-20261009-recheck on the fix commit or later
misc/SPARK4/Ada-SPARK-Heaps-Algorithm,heaps_algorithm.ads,78,25,unreachable branch,when others => 1),1,fixed,pw-20261009,pw-20261009,27eee24e,not raised by pw-20261009-recheck on the fix commit or later
misc/SPARK4/Ada-SPARK-Heaps-Algorithm,heaps_algorithm.ads,94,29,unreachable branch,when others => True);,1,fixed,pw-20261009,pw-20261009,27eee24e,not raised by pw-20261009-recheck on the fix commit or later
misc/SPARK4/Ada-SPARK-Package-Merge-Algorithm,package_merge.adb,219,10,unreachable code,Next_L.Count := 1;,1,fixed,pw-20261009,pw-20261009,442b048a,not raised by pw-20261009-recheck on the fix commit or later
misc/SPARK4/Ada-SPARK-Selection-Algorithm,selection_algorithm.adb,133,40,unreachable branch,pragma Assert (Mid /= Lo or else Mid /= Hi);,1,fixed,pw-20261009,pw-20261009,87e1dfd6,not raised by pw-20261009-recheck on the fix commit or later
misc/SPARK4/Ada-SPARK-Selection-Algorithm,selection_algorithm.adb,507,07,unreachable code,pragma Assert (Lo = Hi);,1,fixed,pw-20261009,pw-20261009,87e1dfd6,not raised by pw-20261009-recheck on the fix commit or later
numerical/SPARK2/Ada-SPARK-Minimum-Limit-Of-Balls-In-A-Bag,minimum_limit_of_balls_in_a_bag.adb,20,07,unreachable code,return Limit'Last;,1,fixed,pw-20261009,pw-20261009,4effbd9d,not raised by pw-20261009-recheck on the fix commit or later
numerical/SPARK2/Ada-SPARK-Newton-Raphson,newton_raphson.adb,13,13,unreachable code,X := 1;           --  iteration clamp only; the correction loops below make the result exact,1,fixed,pw-20261009,pw-20261009,84fa514f,not raised by pw-20261009-recheck on the fix commit or later
numerical/SPARK2/Ada-SPARK-Newton-Raphson,newton_raphson.adb,15,13,unreachable code,X := 10_000;,1,fixed,pw-20261009,pw-20261009,84fa514f,not raised by pw-20261009-recheck on the fix commit or later
numerical/SPARK4/Ada-SPARK-Modular-Arithmetic,modular_arithmetic-crt.adb,102,13,unreachable code,pragma Assert (U * W1 >= W2 * W1);,1,open,pw-20261009,pw-20261009-recheck,,"still raised by pw-20261009-recheck; folder has agent-A3 PENDING proof-kill claim, not touched"
numerical/SPARK4/Ada-SPARK-Modular-Arithmetic,modular_arithmetic-montgomery.adb,36,10,unreachable code,pragma Assert (Cq * G = ((Cq / 2) * G + G / 2) * 2 + 1);,1,open,pw-20261009,pw-20261009-recheck,,"still raised by pw-20261009-recheck; folder has agent-A3 PENDING proof-kill claim, not touched"
numerical/SPARK4/Ada-SPARK-Modular-Arithmetic,modular_arithmetic-montgomery.adb,53,11,unreachable code,"L.Div_Mod (G, 2);",1,open,pw-20261009,pw-20261009-recheck,,"still raised by pw-20261009-recheck; folder has agent-A3 PENDING proof-kill claim, not touched"
searching/SPARK4/Ada-SPARK-Interpolation-Search,interpolation_search.adb,48,10,unreachable code,return Lo;,1,fixed,pw-20261009,pw-20261009,09162f7c,not raised by pw-20261009-recheck on the fix commit or later
searching/SPARK4/Ada-SPARK-Interpolation-Search,interpolation_search.adb,50,10,unreachable code,return Hi;,1,fixed,pw-20261009,pw-20261009,09162f7c,not raised by pw-20261009-recheck on the fix commit or later
searching/SPARK4/Ada-SPARK-Interpolation-Search,interpolation_search.adb,94,16,unreachable code,return 0;,1,fixed,pw-20261009,pw-20261009,09162f7c,not raised by pw-20261009-recheck on the fix commit or later
searching/SPARK4/Ada-SPARK-Introselect,introselect.adb,163,40,unreachable branch,pragma Assert (Mid /= Lo or else Mid /= Hi);,1,fixed,pw-20261009,pw-20261009,87e1dfd6,not raised by pw-20261009-recheck on the fix commit or later
searching/SPARK4/Ada-SPARK-Introselect,introselect.adb,719,07,unreachable code,pragma Assert (Lo = Hi);,1,fixed,pw-20261009,pw-20261009,87e1dfd6,not raised by pw-20261009-recheck on the fix commit or later
searching/SPARK4/Ada-SPARK-Quickselect,quickselect.adb,132,40,unreachable branch,pragma Assert (Mid /= Lo or else Mid /= Hi);,1,fixed,pw-20261009,pw-20261009,87e1dfd6,not raised by pw-20261009-recheck on the fix commit or later
searching/SPARK4/Ada-SPARK-Quickselect,quickselect.adb,506,07,unreachable code,pragma Assert (Lo = Hi);,1,fixed,pw-20261009,pw-20261009,87e1dfd6,not raised by pw-20261009-recheck on the fix commit or later
searching/SPARK4/Ada-SPARK-Uniform-Cost-Search,uniform_cost_search.adb,119,13,unreachable code,Length := 0;,1,fixed,pw-20261009,pw-20261009,c0e2b304,not raised by pw-20261009-recheck on the fix commit or later
searching/SPARK4/Best-First-Search,best_first_search.adb,93,13,unreachable code,Length := 0;,1,fixed,pw-20261009,pw-20261009,c0e2b304,not raised by pw-20261009-recheck on the fix commit or later
sorting/SPARK2/Ada-SPARK-Count-Sorted-Vowel-Strings,count_sorted_vowel_strings.adb,51,13,unreachable code,null;,1,fixed,pw-20261009,pw-20261009,dfcedaec,not raised by pw-20261009-recheck on the fix commit or later
sorting/SPARK4/Ada-SPARK-Cycle-Sort,cycle_sort.adb,372,16,unreachable code,"Lemmas.Lemma_Run (A, CS, Start, A'Last, Item);",1,fixed,pw-20261009,pw-20261009,7fa14c8c,not raised by pw-20261009-recheck on the fix commit or later
sorting/SPARK4/Ada-SPARK-Merge-Sort,merge_sort.adb,369,33,unreachable branch,or else Hi = N);,1,fixed,pw-20261009,pw-20261009,aa918480,"not in the recheck run; the fix commit was proved cold at L4 and Silver with the project proof warnings on, none raised"
sorting/SPARK4/Ada-SPARK-Postman-Sort,postman_sort.adb,173,10,unreachable code,"Lemma_Div_Mono (Y, X, P);",1,fixed,pw-20261009,pw-20261009,4e084555,not raised by pw-20261009-recheck on the fix commit or later
sorting/SPARK4/Ada-SPARK-Timsort,timsort.adb,592,33,unreachable branch,or else Hi = N);,1,fixed,pw-20261009,pw-20261009,91b2d937,"not in the recheck run; the fix commit was proved cold at L4 and Silver with the project proof warnings on, none raised"
strings/SPARK2/Ada-SPARK-Number-Of-Lines-To-Write-String,write_string_lines.adb,28,16,unreachable code,Current := 0;,1,fixed,pw-20261009,pw-20261009,dd3d4629,not raised by pw-20261009-recheck on the fix commit or later
strings/SPARK2/Ada-SPARK-One-Edit-Distance,one_edit_distance.adb,34,13,unreachable code,Edits := 2;,1,fixed,pw-20261009,pw-20261009,200567b4,not raised by pw-20261009-recheck on the fix commit or later
trees/SPARK2/Ada-SPARK-Count-Complete-Tree-Nodes,count_complete_tree_nodes.adb,17,30,unreachable code,elsif T.Used (16) then return 16;,1,fixed,pw-20261009,pw-20261009,61eaedf2,not raised by pw-20261009-recheck on the fix commit or later
trees/SPARK2/Ada-SPARK-Minimum-Window-Substring,minimum_window_substring.adb,47,10,unreachable code,return 1;,1,fixed,pw-20261009,pw-20261009,cbd6d4ce,not raised by pw-20261009-recheck on the fix commit or later
trees/SPARK2/Ada-SPARK-Minimum-Window-Substring,minimum_window_substring.adb,50,10,unreachable code,return 1;,2,fixed,pw-20261009,pw-20261009,cbd6d4ce,not raised by pw-20261009-recheck on the fix commit or later
trees/SPARK2/Ada-SPARK-Minimum-Window-Substring,minimum_window_substring.adb,53,10,unreachable code,return 1;,3,fixed,pw-20261009,pw-20261009,cbd6d4ce,not raised by pw-20261009-recheck on the fix commit or later
trees/SPARK2/Ada-SPARK-Minimum-Window-Substring,minimum_window_substring.adb,56,10,unreachable code,return 1;,4,fixed,pw-20261009,pw-20261009,cbd6d4ce,not raised by pw-20261009-recheck on the fix commit or later
trees/SPARK2/Ada-SPARK-Minimum-Window-Substring,minimum_window_substring.adb,59,10,unreachable code,return 1;,5,fixed,pw-20261009,pw-20261009,cbd6d4ce,not raised by pw-20261009-recheck on the fix commit or later
trees/SPARK2/Ada-SPARK-Minimum-Window-Substring,minimum_window_substring.adb,62,10,unreachable code,return 1;,6,fixed,pw-20261009,pw-20261009,cbd6d4ce,not raised by pw-20261009-recheck on the fix commit or later
trees/SPARK2/Ada-SPARK-Minimum-Window-Substring,minimum_window_substring.adb,65,10,unreachable code,return 1;,7,fixed,pw-20261009,pw-20261009,cbd6d4ce,not raised by pw-20261009-recheck on the fix commit or later
trees/SPARK2/Ada-SPARK-Minimum-Window-Substring,minimum_window_substring.adb,68,10,unreachable code,return 1;,8,fixed,pw-20261009,pw-20261009,cbd6d4ce,not raised by pw-20261009-recheck on the fix commit or later
trees/SPARK2/Ada-SPARK-Minimum-Window-Substring,minimum_window_substring.adb,71,10,unreachable code,return 2;,1,fixed,pw-20261009,pw-20261009,cbd6d4ce,not raised by pw-20261009-recheck on the fix commit or later
trees/SPARK2/Ada-SPARK-Minimum-Window-Substring,minimum_window_substring.adb,74,10,unreachable code,return 2;,2,fixed,pw-20261009,pw-20261009,cbd6d4ce,not raised by pw-20261009-recheck on the fix commit or later
trees/SPARK2/Ada-SPARK-Minimum-Window-Substring,minimum_window_substring.adb,77,10,unreachable code,return 2;,3,fixed,pw-20261009,pw-20261009,cbd6d4ce,not raised by pw-20261009-recheck on the fix commit or later
trees/SPARK2/Ada-SPARK-Minimum-Window-Substring,minimum_window_substring.adb,80,10,unreachable code,return 2;,4,fixed,pw-20261009,pw-20261009,cbd6d4ce,not raised by pw-20261009-recheck on the fix commit or later
trees/SPARK2/Ada-SPARK-Minimum-Window-Substring,minimum_window_substring.adb,83,10,unreachable code,return 2;,5,fixed,pw-20261009,pw-20261009,cbd6d4ce,not raised by pw-20261009-recheck on the fix commit or later
trees/SPARK2/Ada-SPARK-Minimum-Window-Substring,minimum_window_substring.adb,86,10,unreachable code,return 2;,6,fixed,pw-20261009,pw-20261009,cbd6d4ce,not raised by pw-20261009-recheck on the fix commit or later
trees/SPARK2/Ada-SPARK-Minimum-Window-Substring,minimum_window_substring.adb,89,10,unreachable code,return 2;,7,fixed,pw-20261009,pw-20261009,cbd6d4ce,not raised by pw-20261009-recheck on the fix commit or later
