"folder","seed","family","op","file","lines","before","after","result"
"misc/SPARK2/Ada-SPARK-Different-Ways-To-Add-Parentheses-Lite","992160674","std","= -> /=","different_ways_parentheses.adb","252","and then (if L = 1 then Ways (L) = 1)","and then (if L = 1 then Ways (L) /= 1)","killed"
"misc/SPARK2/Ada-SPARK-Different-Ways-To-Add-Parentheses-Lite","992160674","alt","constant 1 -> 2","different_ways_parentheses.adb","594","and then Ops'First = 1 and then Ops'Length = Values'Length - 1","and then Ops'First = 1 and then Ops'Length = Values'Length - 2","killed"
"misc/SPARK2/Ada-SPARK-Different-Ways-To-Add-Parentheses-Lite","992160674","ho",">= -> > + * -> +","different_ways_parentheses.adb","541+625","and then Bound (P) >= 99 and then Bound (L - P) >= 99 || Term  : constant Big_Integer := To_Big_Integer (LL) * To_Big_Integer (LR) with Ghost;","and then Bound (P) > 99 and then Bound (L - P) >= 99 || Term  : constant Big_Integer := To_Big_Integer (LL) + To_Big_Integer (LR) with Ghost;","killed"
"misc/SPARK2/Ada-SPARK-Different-Ways-To-Add-Parentheses-Lite","992160674","B","replace variable L -> Cur","different_ways_parentheses.adb","612","Lemma_Ways_Step (L);","Lemma_Ways_Step (Cur);","stillborn"
"misc/SPARK2/Ada-SPARK-Different-Ways-To-Add-Parentheses-Lite","992160674","C","actual off-by-one -1","different_ways_parentheses.adb","639","Cur (P) := Apply (Ops (I + S - 1), Left (A), Right (B), S, L);","Cur (P) := Apply (Ops (I + S - 1), Left (A), Right (B), S - 1, L);","killed"
"misc/SPARK2/Ada-SPARK-Different-Ways-To-Add-Parentheses-Lite","992160674","B","replace variable L -> S","different_ways_parentheses.adb","558","Lemma_Bound_Mul (P, L);","Lemma_Bound_Mul (P, S);","stillborn"
"misc/SPARK2/Ada-SPARK-Different-Ways-To-Add-Parentheses-Lite","992160674","B","replace variable LR -> K","different_ways_parentheses.adb","634","for B in 1 .. LR loop","for B in 1 .. K loop","stillborn"
"misc/SPARK2/Ada-SPARK-Different-Ways-To-Add-Parentheses-Lite","992160674","B","replace variable L -> Values","different_ways_parentheses.adb","597","Subprogram_Variant => (Decreases => L);","Subprogram_Variant => (Decreases => Values);","stillborn"
"misc/SPARK2/Ada-SPARK-Different-Ways-To-Add-Parentheses-Lite","992160674","B","replace variable S -> Term","different_ways_parentheses.adb","639","Cur (P) := Apply (Ops (I + S - 1), Left (A), Right (B), S, L);","Cur (P) := Apply (Ops (I + Term - 1), Left (A), Right (B), S, L);","stillborn"
"misc/SPARK2/Ada-SPARK-Different-Ways-To-Add-Parentheses-Lite","992160674","B","replace variable N -> Ops","different_ways_parentheses.adb","654","Lemma_Count (N);","Lemma_Count (Ops);","stillborn"
"misc/SPARK2/Ada-SPARK-Different-Ways-To-Add-Parentheses-Lite","992160674","B","replace variable M -> W","different_ways_parentheses.adb","485","for K in 1 .. M - 1 loop","for K in 1 .. W - 1 loop","stillborn"
"misc/SPARK2/Ada-SPARK-Different-Ways-To-Add-Parentheses-Lite","992160674","B","replace variable L -> Left","different_ways_parentheses.adb","551","and then A in -Bound (P) .. Bound (P) and then B in -Bound (L - P) .. Bound (L - P),","and then A in -Bound (P) .. Bound (P) and then B in -Bound (L - P) .. Bound (Left - P),","stillborn"
"misc/SPARK2/Ada-SPARK-Different-Ways-To-Add-Parentheses-Lite","992160674","B","replace variable L -> Count","different_ways_parentheses.adb","252","and then (if L = 1 then Ways (L) = 1)","and then (if L = 1 then Ways (Count) = 1)","stillborn"
"misc/SPARK2/Ada-SPARK-Different-Ways-To-Add-Parentheses-Lite","992160674","B","replace variable P -> Values","different_ways_parentheses.adb","551","and then A in -Bound (P) .. Bound (P) and then B in -Bound (L - P) .. Bound (L - P),","and then A in -Bound (P) .. Bound (Values) and then B in -Bound (L - P) .. Bound (L - P),","stillborn"
"misc/SPARK2/Ada-SPARK-Different-Ways-To-Add-Parentheses-Lite","992160674","B","replace variable L -> Y","different_ways_parentheses.adb","541","and then Bound (P) >= 99 and then Bound (L - P) >= 99","and then Bound (P) >= 99 and then Bound (Y - P) >= 99","stillborn"
"misc/SPARK2/Ada-SPARK-Different-Ways-To-Add-Parentheses-Lite","992160674","B","replace variable S -> Term","different_ways_parentheses.adb","619","Lemma_Count (L - S);","Lemma_Count (L - Term);","stillborn"
"misc/SPARK2/Ada-SPARK-Different-Ways-To-Add-Parentheses-Lite","992160674","B","replace variable P -> I","different_ways_parentheses.adb","541","and then Bound (P) >= 99 and then Bound (L - P) >= 99","and then Bound (I) >= 99 and then Bound (L - P) >= 99","stillborn"
"misc/SPARK2/Ada-SPARK-Different-Ways-To-Add-Parentheses-Lite","992160674","B","replace variable L -> Right","different_ways_parentheses.adb","551","and then A in -Bound (P) .. Bound (P) and then B in -Bound (L - P) .. Bound (L - P),","and then A in -Bound (P) .. Bound (P) and then B in -Bound (L - P) .. Bound (Right - P),","stillborn"
"misc/SPARK2/Ada-SPARK-Different-Ways-To-Add-Parentheses-Lite","992160674","B","replace variable B -> V1","different_ways_parentheses.adb","551","and then A in -Bound (P) .. Bound (P) and then B in -Bound (L - P) .. Bound (L - P),","and then A in -Bound (P) .. Bound (P) and then V1 in -Bound (L - P) .. Bound (L - P),","stillborn"
"misc/SPARK2/Ada-SPARK-Different-Ways-To-Add-Parentheses-Lite","992160674","B","replace variable P -> Op","different_ways_parentheses.adb","551","and then A in -Bound (P) .. Bound (P) and then B in -Bound (L - P) .. Bound (L - P),","and then A in -Bound (P) .. Bound (Op) and then B in -Bound (L - P) .. Bound (L - P),","stillborn"
"misc/SPARK2/Ada-SPARK-Different-Ways-To-Add-Parentheses-Lite","992160674","B","replace variable N -> B","different_ways_parentheses.adb","655","return Value_List (All_Of (1 .. Count (N)));","return Value_List (All_Of (1 .. Count (B)));","stillborn"
"misc/SPARK2/Ada-SPARK-Different-Ways-To-Add-Parentheses-Lite","992160674","B","replace variable L -> O1","different_ways_parentheses.adb","612","Lemma_Ways_Step (L);","Lemma_Ways_Step (O1);","stillborn"
"misc/SPARK2/Ada-SPARK-Different-Ways-To-Add-Parentheses-Lite","992160674","B","replace variable L -> S","different_ways_parentheses.adb","551","and then A in -Bound (P) .. Bound (P) and then B in -Bound (L - P) .. Bound (L - P),","and then A in -Bound (P) .. Bound (P) and then B in -Bound (S - P) .. Bound (L - P),","stillborn"
"misc/SPARK2/Ada-SPARK-Different-Ways-To-Add-Parentheses-Lite","992160674","B","replace variable Cur -> Right","different_ways_parentheses.adb","609","Cur (1) := Long_Long_Integer (Values (I));","Right (1) := Long_Long_Integer (Values (I));","stillborn"
"misc/SPARK2/Ada-SPARK-Different-Ways-To-Add-Parentheses-Lite","992160674","B","replace variable L -> LR","different_ways_parentheses.adb","613","Lemma_Count (L);","Lemma_Count (LR);","stillborn"
"misc/SPARK2/Ada-SPARK-Different-Ways-To-Add-Parentheses-Lite","992160674","B","replace variable S -> X","different_ways_parentheses.adb","516","Lemma_Partial_Le (N, S + 1);","Lemma_Partial_Le (N, X + 1);","stillborn"
"misc/SPARK2/Ada-SPARK-Different-Ways-To-Add-Parentheses-Lite","992160674","B","replace variable L -> Count","different_ways_parentheses.adb","558","Lemma_Bound_Mul (P, L);","Lemma_Bound_Mul (P, Count);","stillborn"
"misc/SPARK2/Ada-SPARK-Different-Ways-To-Add-Parentheses-Lite","992160674","B","replace variable P -> Ops","different_ways_parentheses.adb","551","and then A in -Bound (P) .. Bound (P) and then B in -Bound (L - P) .. Bound (L - P),","and then A in -Bound (P) .. Bound (P) and then B in -Bound (L - P) .. Bound (L - Ops),","stillborn"
"misc/SPARK2/Ada-SPARK-Different-Ways-To-Add-Parentheses-Lite","992160674","B","replace variable Operands -> A","different_ways_parentheses.adb","501","return To_Integer (W (Operands));","return To_Integer (W (A));","stillborn"
"misc/SPARK2/Ada-SPARK-Different-Ways-To-Add-Parentheses-Lite","992160674","B","replace variable M -> Count","different_ways_parentheses.adb","485","for K in 1 .. M - 1 loop","for K in 1 .. Count - 1 loop","stillborn"
"misc/SPARK2/Ada-SPARK-Different-Ways-To-Add-Parentheses-Lite","992160674","B","replace variable M -> LR","different_ways_parentheses.adb","496","Lemma_Ways_Step (M);","Lemma_Ways_Step (LR);","stillborn"
"misc/SPARK2/Ada-SPARK-Different-Ways-To-Add-Parentheses-Lite","992160674","B","replace variable S -> J","different_ways_parentheses.adb","511","Subprogram_Variant => (Decreases => N - S);","Subprogram_Variant => (Decreases => N - J);","stillborn"
"misc/SPARK2/Ada-SPARK-Different-Ways-To-Add-Parentheses-Lite","992160674","B","replace variable S -> XX","different_ways_parentheses.adb","619","Lemma_Count (L - S);","Lemma_Count (L - XX);","stillborn"
"misc/SPARK2/Ada-SPARK-Different-Ways-To-Add-Parentheses-Lite","992160674","B","replace variable L -> Term","different_ways_parentheses.adb","253","and then (if L <= Max_Expression then Ways (L) <= To_Big_Integer (Max_Results));","and then (if L <= Max_Expression then Ways (Term) <= To_Big_Integer (Max_Results));","stillborn"
"misc/SPARK2/Ada-SPARK-Different-Ways-To-Add-Parentheses-Lite","992160674","B","replace variable LL -> N","different_ways_parentheses.adb","632","Lemma_Mul_Mono (To_Big_Integer (A), To_Big_Integer (LL),","Lemma_Mul_Mono (To_Big_Integer (A), To_Big_Integer (N),","stillborn"
"misc/SPARK2/Ada-SPARK-Different-Ways-To-Add-Parentheses-Lite","992160674","B","replace variable N -> Left","different_ways_parentheses.adb","511","Subprogram_Variant => (Decreases => N - S);","Subprogram_Variant => (Decreases => Left - S);","stillborn"
"misc/SPARK2/Ada-SPARK-Different-Ways-To-Add-Parentheses-Lite","992160674","B","replace variable L -> Left","different_ways_parentheses.adb","251","and then (if L >= 2 then Ways (L) = Partial (L, L - 1))","and then (if L >= 2 then Ways (L) = Partial (Left, L - 1))","stillborn"
"misc/SPARK2/Ada-SPARK-Different-Ways-To-Add-Parentheses-Lite","992160674","B","replace variable Operands -> W","different_ways_parentheses.adb","500","Lemma_Ways_Step (Operands);","Lemma_Ways_Step (W);","stillborn"
"misc/SPARK2/Ada-SPARK-Different-Ways-To-Add-Parentheses-Lite","992160674","B","replace variable P -> O1","different_ways_parentheses.adb","541","and then Bound (P) >= 99 and then Bound (L - P) >= 99","and then Bound (O1) >= 99 and then Bound (L - P) >= 99","stillborn"
"misc/SPARK2/Ada-SPARK-Different-Ways-To-Add-Parentheses-Lite","992160674","B","replace variable M -> Acc","different_ways_parentheses.adb","644","return [for M in 1 .. Max_Results => Cur (M)];","return [for M in 1 .. Max_Results => Cur (Acc)];","stillborn"
"misc/SPARK2/Ada-SPARK-Different-Ways-To-Add-Parentheses-Lite","992160674","B","replace variable L -> Left","different_ways_parentheses.adb","251","and then (if L >= 2 then Ways (L) = Partial (L, L - 1))","and then (if Left >= 2 then Ways (L) = Partial (L, L - 1))","stillborn"
"misc/SPARK2/Ada-SPARK-Different-Ways-To-Add-Parentheses-Lite","992160674","B","replace variable L -> Right","different_ways_parentheses.adb","551","and then A in -Bound (P) .. Bound (P) and then B in -Bound (L - P) .. Bound (L - P),","and then A in -Bound (P) .. Bound (P) and then B in -Bound (Right - P) .. Bound (L - P),","stillborn"
"misc/SPARK2/Ada-SPARK-Different-Ways-To-Add-Parentheses-Lite","992160674","B","replace variable L -> P","different_ways_parentheses.adb","639","Cur (P) := Apply (Ops (I + S - 1), Left (A), Right (B), S, L);","Cur (P) := Apply (Ops (I + S - 1), Left (A), Right (B), S, P);","killed"
"misc/SPARK2/Ada-SPARK-Different-Ways-To-Add-Parentheses-Lite","992160674","std","and then -> or else","different_ways_parentheses.adb","551","and then A in -Bound (P) .. Bound (P) and then B in -Bound (L - P) .. Bound (L - P),","and then A in -Bound (P) .. Bound (P) or else B in -Bound (L - P) .. Bound (L - P),","stillborn"
"misc/SPARK2/Ada-SPARK-Different-Ways-To-Add-Parentheses-Lite","992160674","alt","constant 1 -> 2","different_ways_parentheses.adb","638","P := P + 1;","P := P + 2;","killed"
"misc/SPARK2/Ada-SPARK-Different-Ways-To-Add-Parentheses-Lite","992160674","ho","<= -> < + - 1 -> - 0","different_ways_parentheses.adb","595+615","and then L <= Values'Length and then I <= Values'Length - L + 1, || for S in 1 .. L - 1 loop","and then L <= Values'Length and then I < Values'Length - L + 1, || for S in 1 .. L - 0 loop","killed"
"misc/SPARK2/Ada-SPARK-Different-Ways-To-Add-Parentheses-Lite","992160674","B","replace variable P -> All_Of","different_ways_parentheses.adb","558","Lemma_Bound_Mul (P, L);","Lemma_Bound_Mul (All_Of, L);","stillborn"
"misc/SPARK2/Ada-SPARK-Different-Ways-To-Add-Parentheses-Lite","992160674","C","actual off-by-one -1","different_ways_parentheses.adb","609","Cur (1) := Long_Long_Integer (Values (I));","Cur (1 - 1) := Long_Long_Integer (Values (I));","stillborn"
"misc/SPARK2/Ada-SPARK-Different-Ways-To-Add-Parentheses-Lite","992160674","std","- -> +","different_ways_parentheses.adb","619","Lemma_Count (L - S);","Lemma_Count (L + S);","killed"
"misc/SPARK2/Ada-SPARK-Different-Ways-To-Add-Parentheses-Lite","992160674","B","replace variable N -> Acc","different_ways_parentheses.adb","516","Lemma_Partial_Le (N, S + 1);","Lemma_Partial_Le (Acc, S + 1);","stillborn"
"misc/SPARK2/Ada-SPARK-Different-Ways-To-Add-Parentheses-Lite","992160674","C","actual off-by-one -1","different_ways_parentheses.adb","633","To_Big_Integer (LR), To_Big_Integer (LR));","To_Big_Integer (LR - 1), To_Big_Integer (LR));","survived"
"misc/SPARK2/Ada-SPARK-Different-Ways-To-Add-Parentheses-Lite","992160674","B","replace variable S -> All_Of","different_ways_parentheses.adb","639","Cur (P) := Apply (Ops (I + S - 1), Left (A), Right (B), S, L);","Cur (P) := Apply (Ops (I + S - 1), Left (A), Right (B), All_Of, L);","stillborn"
"misc/SPARK2/Ada-SPARK-Different-Ways-To-Add-Parentheses-Lite","992160674","B","replace variable L -> O1","different_ways_parentheses.adb","253","and then (if L <= Max_Expression then Ways (L) <= To_Big_Integer (Max_Results));","and then (if O1 <= Max_Expression then Ways (L) <= To_Big_Integer (Max_Results));","stillborn"
"misc/SPARK2/Ada-SPARK-Different-Ways-To-Add-Parentheses-Lite","992160674","B","replace variable P -> Operands","different_ways_parentheses.adb","541","and then Bound (P) >= 99 and then Bound (L - P) >= 99","and then Bound (Operands) >= 99 and then Bound (L - P) >= 99","stillborn"
"misc/SPARK2/Ada-SPARK-Different-Ways-To-Add-Parentheses-Lite","992160674","B","replace variable L -> LR","different_ways_parentheses.adb","595","and then L <= Values'Length and then I <= Values'Length - L + 1,","and then L <= Values'Length and then I <= Values'Length - LR + 1,","stillborn"
"misc/SPARK2/Ada-SPARK-Different-Ways-To-Add-Parentheses-Lite","992160674","B","replace variable P -> Values","different_ways_parentheses.adb","541","and then Bound (P) >= 99 and then Bound (L - P) >= 99","and then Bound (P) >= 99 and then Bound (L - Values) >= 99","stillborn"
"misc/SPARK2/Ada-SPARK-Different-Ways-To-Add-Parentheses-Lite","992160674","B","replace variable M -> W","different_ways_parentheses.adb","610","return [for M in 1 .. Max_Results => Cur (M)];","return [for M in 1 .. Max_Results => Cur (W)];","stillborn"
"misc/SPARK2/Ada-SPARK-Different-Ways-To-Add-Parentheses-Lite","992160674","B","replace variable M -> S","different_ways_parentheses.adb","485","for K in 1 .. M - 1 loop","for K in 1 .. S - 1 loop","stillborn"
"misc/SPARK2/Ada-SPARK-Different-Ways-To-Add-Parentheses-Lite","992160674","B","replace variable M -> Count","different_ways_parentheses.adb","610","return [for M in 1 .. Max_Results => Cur (M)];","return [for M in 1 .. Max_Results => Cur (Count)];","stillborn"
"misc/SPARK2/Ada-SPARK-Different-Ways-To-Add-Parentheses-Lite","992160674","B","loop direction forward -> reverse","different_ways_parentheses.adb","634","for B in 1 .. LR loop","for B in reverse 1 .. LR loop","killed"
"misc/SPARK2/Ada-SPARK-Different-Ways-To-Add-Parentheses-Lite","992160674","std","* -> +","different_ways_parentheses.adb","569","return A * B;","return A + B;","killed"
"misc/SPARK2/Ada-SPARK-Different-Ways-To-Add-Parentheses-Lite","992160674","alt","constant 1 -> 2","different_ways_parentheses.adb","485","for K in 1 .. M - 1 loop","for K in 1 .. M - 2 loop","killed"
"misc/SPARK2/Ada-SPARK-Different-Ways-To-Add-Parentheses-Lite","992160674","ho",">= -> > + + -> -","different_ways_parentheses.adb","541+639","and then Bound (P) >= 99 and then Bound (L - P) >= 99 || Cur (P) := Apply (Ops (I + S - 1), Left (A), Right (B), S, L);","and then Bound (P) > 99 and then Bound (L - P) >= 99 || Cur (P) := Apply (Ops (I - S - 1), Left (A), Right (B), S, L);","killed"
"misc/SPARK2/Ada-SPARK-Different-Ways-To-Add-Parentheses-Lite","992160674","B","replace variable L -> S","different_ways_parentheses.adb","551","and then A in -Bound (P) .. Bound (P) and then B in -Bound (L - P) .. Bound (L - P),","and then A in -Bound (P) .. Bound (P) and then B in -Bound (L - P) .. Bound (S - P),","stillborn"
"misc/SPARK2/Ada-SPARK-Different-Ways-To-Add-Parentheses-Lite","992160674","C","actual off-by-one -1","different_ways_parentheses.adb","612","Lemma_Ways_Step (L);","Lemma_Ways_Step (L - 1);","survived"
"misc/SPARK2/Ada-SPARK-Different-Ways-To-Add-Parentheses-Lite","992160674","B","replace variable Op -> Operands","different_ways_parentheses.adb","562","case Op is","case Operands is","stillborn"
"misc/SPARK2/Ada-SPARK-Different-Ways-To-Add-Parentheses-Lite","992160674","B","replace variable LL -> M","different_ways_parentheses.adb","632","Lemma_Mul_Mono (To_Big_Integer (A), To_Big_Integer (LL),","Lemma_Mul_Mono (To_Big_Integer (A), To_Big_Integer (M),","stillborn"
"misc/SPARK2/Ada-SPARK-Different-Ways-To-Add-Parentheses-Lite","992160674","B","replace variable Ops -> Op","different_ways_parentheses.adb","639","Cur (P) := Apply (Ops (I + S - 1), Left (A), Right (B), S, L);","Cur (P) := Apply (Op (I + S - 1), Left (A), Right (B), S, L);","stillborn"
"misc/SPARK2/Ada-SPARK-Different-Ways-To-Add-Parentheses-Lite","992160674","B","replace variable M -> K","different_ways_parentheses.adb","644","return [for M in 1 .. Max_Results => Cur (M)];","return [for M in 1 .. Max_Results => Cur (K)];","stillborn"
"misc/SPARK2/Ada-SPARK-Different-Ways-To-Add-Parentheses-Lite","992160674","B","replace variable P -> Y","different_ways_parentheses.adb","638","P := P + 1;","P := Y + 1;","stillborn"
"misc/SPARK2/Ada-SPARK-Different-Ways-To-Add-Parentheses-Lite","992160674","B","replace variable J -> N","different_ways_parentheses.adb","11","case J is","case N is","stillborn"
"misc/SPARK2/Ada-SPARK-Different-Ways-To-Add-Parentheses-Lite","992160674","B","replace variable Operands -> Values","different_ways_parentheses.adb","500","Lemma_Ways_Step (Operands);","Lemma_Ways_Step (Values);","stillborn"
"misc/SPARK2/Ada-SPARK-Different-Ways-To-Add-Parentheses-Lite","992160674","B","replace variable A -> All_Of","different_ways_parentheses.adb","564","return A + B;","return All_Of + B;","stillborn"
"misc/SPARK2/Ada-SPARK-Different-Ways-To-Add-Parentheses-Lite","992160674","B","replace variable L -> A","different_ways_parentheses.adb","252","and then (if L = 1 then Ways (L) = 1)","and then (if A = 1 then Ways (L) = 1)","stillborn"
"misc/SPARK2/Ada-SPARK-Different-Ways-To-Add-Parentheses-Lite","992160674","B","replace variable I -> Y","different_ways_parentheses.adb","609","Cur (1) := Long_Long_Integer (Values (I));","Cur (1) := Long_Long_Integer (Values (Y));","stillborn"
"misc/SPARK2/Ada-SPARK-Different-Ways-To-Add-Parentheses-Lite","992160674","B","replace variable N -> YY","different_ways_parentheses.adb","516","Lemma_Partial_Le (N, S + 1);","Lemma_Partial_Le (YY, S + 1);","stillborn"
"misc/SPARK2/Ada-SPARK-Different-Ways-To-Add-Parentheses-Lite","992160674","B","replace variable L -> Left","different_ways_parentheses.adb","542","and then Bound (L) <= 913_517_247_483_640_899;","and then Bound (Left) <= 913_517_247_483_640_899;","stillborn"
"misc/SPARK2/Ada-SPARK-Different-Ways-To-Add-Parentheses-Lite","992160674","B","replace variable LL -> J","different_ways_parentheses.adb","632","Lemma_Mul_Mono (To_Big_Integer (A), To_Big_Integer (LL),","Lemma_Mul_Mono (To_Big_Integer (A), To_Big_Integer (J),","stillborn"
"misc/SPARK2/Ada-SPARK-Different-Ways-To-Add-Parentheses-Lite","992160674","B","replace variable L -> O1","different_ways_parentheses.adb","541","and then Bound (P) >= 99 and then Bound (L - P) >= 99","and then Bound (P) >= 99 and then Bound (O1 - P) >= 99","stillborn"
"misc/SPARK2/Ada-SPARK-Different-Ways-To-Add-Parentheses-Lite","992160674","B","replace variable LR -> Ops","different_ways_parentheses.adb","633","To_Big_Integer (LR), To_Big_Integer (LR));","To_Big_Integer (Ops), To_Big_Integer (LR));","stillborn"
"misc/SPARK2/Ada-SPARK-Different-Ways-To-Add-Parentheses-Lite","992160674","B","replace variable Acc -> YY","different_ways_parentheses.adb","493","Acc := Acc + Term;","Acc := YY + Term;","stillborn"
"misc/SPARK2/Ada-SPARK-Different-Ways-To-Add-Parentheses-Lite","992160674","B","replace variable L -> Values","different_ways_parentheses.adb","542","and then Bound (L) <= 913_517_247_483_640_899;","and then Bound (Values) <= 913_517_247_483_640_899;","stillborn"
"misc/SPARK2/Ada-SPARK-Different-Ways-To-Add-Parentheses-Lite","992160674","B","replace variable A -> Ops","different_ways_parentheses.adb","551","and then A in -Bound (P) .. Bound (P) and then B in -Bound (L - P) .. Bound (L - P),","and then Ops in -Bound (P) .. Bound (P) and then B in -Bound (L - P) .. Bound (L - P),","stillborn"
"misc/SPARK2/Ada-SPARK-Different-Ways-To-Add-Parentheses-Lite","992160674","B","replace variable P -> Values","different_ways_parentheses.adb","638","P := P + 1;","Values := P + 1;","stillborn"
"misc/SPARK2/Ada-SPARK-Different-Ways-To-Add-Parentheses-Lite","992160674","B","replace variable L -> W","different_ways_parentheses.adb","639","Cur (P) := Apply (Ops (I + S - 1), Left (A), Right (B), S, L);","Cur (P) := Apply (Ops (I + S - 1), Left (A), Right (B), S, W);","stillborn"
"misc/SPARK2/Ada-SPARK-Different-Ways-To-Add-Parentheses-Lite","992160674","B","replace variable L -> Term","different_ways_parentheses.adb","541","and then Bound (P) >= 99 and then Bound (L - P) >= 99","and then Bound (P) >= 99 and then Bound (Term - P) >= 99","stillborn"
"misc/SPARK2/Ada-SPARK-Different-Ways-To-Add-Parentheses-Lite","992160674","B","replace variable M -> J","different_ways_parentheses.adb","644","return [for M in 1 .. Max_Results => Cur (M)];","return [for M in 1 .. Max_Results => Cur (J)];","stillborn"
"misc/SPARK2/Ada-SPARK-Different-Ways-To-Add-Parentheses-Lite","992160674","B","replace variable L -> N","different_ways_parentheses.adb","251","and then (if L >= 2 then Ways (L) = Partial (L, L - 1))","and then (if L >= 2 then Ways (N) = Partial (L, L - 1))","stillborn"
"misc/SPARK2/Ada-SPARK-Different-Ways-To-Add-Parentheses-Lite","992160674","B","replace variable W -> A","different_ways_parentheses.adb","497","W (M) := Acc;","A (M) := Acc;","stillborn"
"misc/SPARK2/Ada-SPARK-Different-Ways-To-Add-Parentheses-Lite","992160674","B","replace variable All_Of -> Cur","different_ways_parentheses.adb","655","return Value_List (All_Of (1 .. Count (N)));","return Value_List (Cur (1 .. Count (N)));","stillborn"
"misc/SPARK2/Ada-SPARK-Different-Ways-To-Add-Parentheses-Lite","992160674","B","replace variable L -> J","different_ways_parentheses.adb","595","and then L <= Values'Length and then I <= Values'Length - L + 1,","and then L <= Values'Length and then I <= Values'Length - J + 1,","stillborn"
"misc/SPARK2/Ada-SPARK-Different-Ways-To-Add-Parentheses-Lite","992160674","B","replace variable S -> P","different_ways_parentheses.adb","516","Lemma_Partial_Le (N, S + 1);","Lemma_Partial_Le (N, P + 1);","stillborn"
"misc/SPARK2/Ada-SPARK-Different-Ways-To-Add-Parentheses-Lite","992160674","B","replace variable M -> P","different_ways_parentheses.adb","485","for K in 1 .. M - 1 loop","for K in 1 .. P - 1 loop","stillborn"
"misc/SPARK2/Ada-SPARK-Different-Ways-To-Add-Parentheses-Lite","992160674","B","replace variable Cur -> N","different_ways_parentheses.adb","639","Cur (P) := Apply (Ops (I + S - 1), Left (A), Right (B), S, L);","N (P) := Apply (Ops (I + S - 1), Left (A), Right (B), S, L);","stillborn"
"misc/SPARK2/Ada-SPARK-Different-Ways-To-Add-Parentheses-Lite","992160674","B","replace variable A -> Left","different_ways_parentheses.adb","569","return A * B;","return Left * B;","stillborn"
"misc/SPARK2/Ada-SPARK-Different-Ways-To-Add-Parentheses-Lite","992160674","B","replace variable Count -> O1","different_ways_parentheses.adb","655","return Value_List (All_Of (1 .. Count (N)));","return Value_List (All_Of (1 .. O1 (N)));","stillborn"
"misc/SPARK2/Ada-SPARK-Different-Ways-To-Add-Parentheses-Lite","992160674","B","replace variable M -> V","different_ways_parentheses.adb","496","Lemma_Ways_Step (M);","Lemma_Ways_Step (V);","stillborn"
"misc/SPARK2/Ada-SPARK-Different-Ways-To-Add-Parentheses-Lite","992160674","B","replace variable L -> Op","different_ways_parentheses.adb","252","and then (if L = 1 then Ways (L) = 1)","and then (if L = 1 then Ways (Op) = 1)","stillborn"
"misc/SPARK2/Ada-SPARK-Different-Ways-To-Add-Parentheses-Lite","992160674","B","replace variable P -> Acc","different_ways_parentheses.adb","551","and then A in -Bound (P) .. Bound (P) and then B in -Bound (L - P) .. Bound (L - P),","and then A in -Bound (P) .. Bound (P) and then B in -Bound (L - P) .. Bound (L - Acc),","stillborn"
"misc/SPARK2/Ada-SPARK-Different-Ways-To-Add-Parentheses-Lite","992160674","B","replace variable LL -> W","different_ways_parentheses.adb","632","Lemma_Mul_Mono (To_Big_Integer (A), To_Big_Integer (LL),","Lemma_Mul_Mono (To_Big_Integer (A), To_Big_Integer (W),","stillborn"
"misc/SPARK2/Ada-SPARK-Different-Ways-To-Add-Parentheses-Lite","992160674","B","replace variable A -> W","different_ways_parentheses.adb","564","return A + B;","return W + B;","stillborn"
"misc/SPARK2/Ada-SPARK-Different-Ways-To-Add-Parentheses-Lite","992160674","B","replace variable L -> All_Of","different_ways_parentheses.adb","558","Lemma_Bound_Mul (P, L);","Lemma_Bound_Mul (P, All_Of);","stillborn"
"misc/SPARK2/Ada-SPARK-Different-Ways-To-Add-Parentheses-Lite","992160674","B","replace variable L -> S","different_ways_parentheses.adb","619","Lemma_Count (L - S);","Lemma_Count (S - S);","killed"
"misc/SPARK2/Ada-SPARK-Different-Ways-To-Add-Parentheses-Lite","992160674","std","+ -> -","different_ways_parentheses.adb","564","return A + B;","return A - B;","killed"
"misc/SPARK2/Ada-SPARK-Different-Ways-To-Add-Parentheses-Lite","992160674","alt","constant 1 -> 0","different_ways_parentheses.adb","485","for K in 1 .. M - 1 loop","for K in 0 .. M - 1 loop","killed"
"misc/SPARK2/Ada-SPARK-Different-Ways-To-Add-Parentheses-Lite","992160674","ho","and then -> or else + - 1 -> - 0","different_ways_parentheses.adb","252+515","and then (if L = 1 then Ways (L) = 1) || if S < N - 1 then","or else (if L = 1 then Ways (L) = 1) || if S < N - 0 then","stillborn"
"misc/SPARK2/Ada-SPARK-Different-Ways-To-Add-Parentheses-Lite","992160674","B","replace variable N -> LR","different_ways_parentheses.adb","515","if S < N - 1 then","if S < LR - 1 then","stillborn"
"misc/SPARK2/Ada-SPARK-Different-Ways-To-Add-Parentheses-Lite","992160674","C","actual off-by-one -1","different_ways_parentheses.ads","45","and then (for all N in 2 .. Max_Operands => Ways (N) = Partial (N, N - 1))","and then (for all N in 2 .. Max_Operands => Ways (N) = Partial (N - 1, N - 1))","killed/proof"
"misc/SPARK2/Ada-SPARK-Different-Ways-To-Add-Parentheses-Lite","992160674","ho","- -> + + + -> -","different_ways_parentheses.adb","622+638","Right : constant Slot := Sub (Values, Ops, I + S, L - S); || P := P + 1;","Right : constant Slot := Sub (Values, Ops, I + S, L + S); || P := P - 1;","killed"
"misc/SPARK2/Ada-SPARK-Different-Ways-To-Add-Parentheses-Lite","992160674","B","replace variable Term -> N","different_ways_parentheses.adb","493","Acc := Acc + Term;","Acc := Acc + N;","stillborn"
"misc/SPARK2/Ada-SPARK-Different-Ways-To-Add-Parentheses-Lite","992160674","B","replace variable L -> A","different_ways_parentheses.adb","253","and then (if L <= Max_Expression then Ways (L) <= To_Big_Integer (Max_Results));","and then (if A <= Max_Expression then Ways (L) <= To_Big_Integer (Max_Results));","stillborn"
"misc/SPARK2/Ada-SPARK-Different-Ways-To-Add-Parentheses-Lite","992160674","B","replace variable LR -> Left","different_ways_parentheses.adb","634","for B in 1 .. LR loop","for B in 1 .. Left loop","stillborn"
"misc/SPARK2/Ada-SPARK-Different-Ways-To-Add-Parentheses-Lite","992160674","B","replace variable Values -> P","different_ways_parentheses.adb","609","Cur (1) := Long_Long_Integer (Values (I));","Cur (1) := Long_Long_Integer (P (I));","stillborn"
"misc/SPARK2/Ada-SPARK-Different-Ways-To-Add-Parentheses-Lite","992160674","B","replace variable LR -> All_Of","different_ways_parentheses.adb","633","To_Big_Integer (LR), To_Big_Integer (LR));","To_Big_Integer (All_Of), To_Big_Integer (LR));","stillborn"
"misc/SPARK2/Ada-SPARK-Different-Ways-To-Add-Parentheses-Lite","992160674","B","replace variable I -> YY","different_ways_parentheses.adb","639","Cur (P) := Apply (Ops (I + S - 1), Left (A), Right (B), S, L);","Cur (P) := Apply (Ops (YY + S - 1), Left (A), Right (B), S, L);","stillborn"
"misc/SPARK2/Ada-SPARK-Different-Ways-To-Add-Parentheses-Lite","992160674","B","replace variable B -> Operands","different_ways_parentheses.adb","639","Cur (P) := Apply (Ops (I + S - 1), Left (A), Right (B), S, L);","Cur (P) := Apply (Ops (I + S - 1), Left (A), Right (Operands), S, L);","stillborn"
"misc/SPARK2/Ada-SPARK-Different-Ways-To-Add-Parentheses-Lite","992160674","B","replace variable P -> V","different_ways_parentheses.adb","638","P := P + 1;","V := P + 1;","stillborn"
"misc/SPARK2/Ada-SPARK-Different-Ways-To-Add-Parentheses-Lite","992160674","B","replace variable Acc -> Y","different_ways_parentheses.adb","493","Acc := Acc + Term;","Y := Acc + Term;","stillborn"
"misc/SPARK2/Ada-SPARK-Different-Ways-To-Add-Parentheses-Lite","992160674","B","replace variable M -> Ops","different_ways_parentheses.adb","644","return [for M in 1 .. Max_Results => Cur (M)];","return [for M in 1 .. Max_Results => Cur (Ops)];","stillborn"
"misc/SPARK2/Ada-SPARK-Different-Ways-To-Add-Parentheses-Lite","992160674","B","replace variable B -> Cur","different_ways_parentheses.adb","639","Cur (P) := Apply (Ops (I + S - 1), Left (A), Right (B), S, L);","Cur (P) := Apply (Ops (I + S - 1), Left (A), Right (Cur), S, L);","stillborn"
"misc/SPARK2/Ada-SPARK-Different-Ways-To-Add-Parentheses-Lite","992160674","B","replace variable L -> Ops","different_ways_parentheses.adb","542","and then Bound (L) <= 913_517_247_483_640_899;","and then Bound (Ops) <= 913_517_247_483_640_899;","stillborn"
"misc/SPARK2/Ada-SPARK-Different-Ways-To-Add-Parentheses-Lite","992160674","B","replace variable L -> P","different_ways_parentheses.adb","612","Lemma_Ways_Step (L);","Lemma_Ways_Step (P);","killed"
"misc/SPARK2/Ada-SPARK-Different-Ways-To-Add-Parentheses-Lite","992160674","std","= -> /=","different_ways_parentheses.adb","594","and then Ops'First = 1 and then Ops'Length = Values'Length - 1","and then Ops'First /= 1 and then Ops'Length = Values'Length - 1","killed"
"misc/SPARK2/Ada-SPARK-Different-Ways-To-Add-Parentheses-Lite","992160674","alt","constant 2 -> 3","different_ways_parentheses.adb","9","for J in 2 .. Max_Operands loop","for J in 3 .. Max_Operands loop","stillborn"
"misc/SPARK2/Ada-SPARK-Different-Ways-To-Add-Parentheses-Lite","992160674","ho","+ -> - + * -> +","different_ways_parentheses.adb","564+569","return A + B; || return A * B;","return A - B; || return A + B;","killed"
"misc/SPARK2/Ada-SPARK-Different-Ways-To-Add-Parentheses-Lite","992160674","B","replace variable A -> Y","different_ways_parentheses.adb","632","Lemma_Mul_Mono (To_Big_Integer (A), To_Big_Integer (LL),","Lemma_Mul_Mono (To_Big_Integer (Y), To_Big_Integer (LL),","stillborn"
"misc/SPARK2/Ada-SPARK-Different-Ways-To-Add-Parentheses-Lite","992160674","C","actual off-by-one -1","different_ways_parentheses.adb","639","Cur (P) := Apply (Ops (I + S - 1), Left (A), Right (B), S, L);","Cur (P) := Apply (Ops (I + S - 1) - 1, Left (A), Right (B), S, L);","stillborn"
"misc/SPARK2/Ada-SPARK-Different-Ways-To-Add-Parentheses-Lite","992160674","alt","constant 2 -> 1","different_ways_parentheses.adb","251","and then (if L >= 2 then Ways (L) = Partial (L, L - 1))","and then (if L >= 1 then Ways (L) = Partial (L, L - 1))","killed"
"misc/SPARK2/Ada-SPARK-Different-Ways-To-Add-Parentheses-Lite","992160674","B","replace variable L -> Operands","different_ways_parentheses.adb","259","case L is","case Operands is","stillborn"
"misc/SPARK2/Ada-SPARK-Different-Ways-To-Add-Parentheses-Lite","992160674","C","actual off-by-one +1","different_ways_parentheses.ads","50","and then Partial (Max_Operands + 1, Max_Operands) > To_Big_Integer (Natural'Last))","and then Partial (Max_Operands + 1, Max_Operands) > To_Big_Integer (Natural'Last + 1))","stillborn"
"misc/SPARK2/Ada-SPARK-Different-Ways-To-Add-Parentheses-Lite","992160674","B","replace variable W -> Ops","different_ways_parentheses.adb","501","return To_Integer (W (Operands));","return To_Integer (Ops (Operands));","stillborn"
"misc/SPARK2/Ada-SPARK-Different-Ways-To-Add-Parentheses-Lite","992160674","C","actual off-by-one +1","different_ways_parentheses.adb","639","Cur (P) := Apply (Ops (I + S - 1), Left (A), Right (B), S, L);","Cur (P) := Apply (Ops (I + S - 1 + 1), Left (A), Right (B), S, L);","killed"
"misc/SPARK2/Ada-SPARK-Different-Ways-To-Add-Parentheses-Lite","992160674","B","replace variable L -> Left","different_ways_parentheses.adb","612","Lemma_Ways_Step (L);","Lemma_Ways_Step (Left);","stillborn"
"misc/SPARK2/Ada-SPARK-Different-Ways-To-Add-Parentheses-Lite","992160674","B","replace variable A -> Acc","different_ways_parentheses.adb","564","return A + B;","return Acc + B;","stillborn"
"misc/SPARK2/Ada-SPARK-Different-Ways-To-Add-Parentheses-Lite","992160674","B","replace variable N -> LR","different_ways_parentheses.adb","516","Lemma_Partial_Le (N, S + 1);","Lemma_Partial_Le (LR, S + 1);","stillborn"
"misc/SPARK2/Ada-SPARK-Different-Ways-To-Add-Parentheses-Lite","992160674","B","replace variable LR -> Y","different_ways_parentheses.adb","633","To_Big_Integer (LR), To_Big_Integer (LR));","To_Big_Integer (Y), To_Big_Integer (LR));","stillborn"
"misc/SPARK2/Ada-SPARK-Different-Ways-To-Add-Parentheses-Lite","992160674","B","replace variable S -> J","different_ways_parentheses.adb","639","Cur (P) := Apply (Ops (I + S - 1), Left (A), Right (B), S, L);","Cur (P) := Apply (Ops (I + J - 1), Left (A), Right (B), S, L);","stillborn"
"misc/SPARK2/Ada-SPARK-Different-Ways-To-Add-Parentheses-Lite","992160674","B","replace variable L -> P","different_ways_parentheses.adb","542","and then Bound (L) <= 913_517_247_483_640_899;","and then Bound (P) <= 913_517_247_483_640_899;","survived"
"misc/SPARK2/Ada-SPARK-Different-Ways-To-Add-Parentheses-Lite","992160674","std","- -> +","different_ways_parentheses.adb","639","Cur (P) := Apply (Ops (I + S - 1), Left (A), Right (B), S, L);","Cur (P) := Apply (Ops (I + S + 1), Left (A), Right (B), S, L);","killed"
"misc/SPARK2/Ada-SPARK-Different-Ways-To-Add-Parentheses-Lite","992160674","alt","constant 1 -> 2","different_ways_parentheses.adb","594","and then Ops'First = 1 and then Ops'Length = Values'Length - 1","and then Ops'First = 2 and then Ops'Length = Values'Length - 1","killed"
"misc/SPARK2/Ada-SPARK-Different-Ways-To-Add-Parentheses-Lite","992160674","ho","<= -> < + + -> -","different_ways_parentheses.adb","253+638","and then (if L <= Max_Expression then Ways (L) <= To_Big_Integer (Max_Results)); || P := P + 1;","and then (if L < Max_Expression then Ways (L) <= To_Big_Integer (Max_Results)); || P := P - 1;","killed"
"misc/SPARK2/Ada-SPARK-Different-Ways-To-Add-Parentheses-Lite","992160674","B","replace variable P -> K","different_ways_parentheses.adb","638","P := P + 1;","K := P + 1;","stillborn"
"misc/SPARK2/Ada-SPARK-Different-Ways-To-Add-Parentheses-Lite","992160674","C","actual off-by-one +1","different_ways_parentheses.adb","619","Lemma_Count (L - S);","Lemma_Count (L - S + 1);","survived"
"misc/SPARK2/Ada-SPARK-Different-Ways-To-Add-Parentheses-Lite","992160674","B","replace variable Cur -> Left","different_ways_parentheses.adb","644","return [for M in 1 .. Max_Results => Cur (M)];","return [for M in 1 .. Max_Results => Left (M)];","stillborn"
"misc/SPARK2/Ada-SPARK-Different-Ways-To-Add-Parentheses-Lite","992160674","B","replace variable M -> All_Of","different_ways_parentheses.adb","610","return [for M in 1 .. Max_Results => Cur (M)];","return [for M in 1 .. Max_Results => Cur (All_Of)];","stillborn"
"misc/SPARK2/Ada-SPARK-Different-Ways-To-Add-Parentheses-Lite","992160674","B","replace variable Cur -> LR","different_ways_parentheses.adb","609","Cur (1) := Long_Long_Integer (Values (I));","LR (1) := Long_Long_Integer (Values (I));","stillborn"
"misc/SPARK2/Ada-SPARK-Different-Ways-To-Add-Parentheses-Lite","992160674","B","replace variable A -> All_Of","different_ways_parentheses.adb","551","and then A in -Bound (P) .. Bound (P) and then B in -Bound (L - P) .. Bound (L - P),","and then All_Of in -Bound (P) .. Bound (P) and then B in -Bound (L - P) .. Bound (L - P),","stillborn"
"misc/SPARK2/Ada-SPARK-Different-Ways-To-Add-Parentheses-Lite","992160674","B","replace variable Cur -> N","different_ways_parentheses.adb","644","return [for M in 1 .. Max_Results => Cur (M)];","return [for M in 1 .. Max_Results => N (M)];","stillborn"
"misc/SPARK2/Ada-SPARK-Different-Ways-To-Add-Parentheses-Lite","992160674","B","replace variable A -> Op","different_ways_parentheses.adb","569","return A * B;","return Op * B;","stillborn"
"misc/SPARK2/Ada-SPARK-Different-Ways-To-Add-Parentheses-Lite","992160674","B","replace variable Ops -> Acc","different_ways_parentheses.adb","639","Cur (P) := Apply (Ops (I + S - 1), Left (A), Right (B), S, L);","Cur (P) := Apply (Acc (I + S - 1), Left (A), Right (B), S, L);","stillborn"
"misc/SPARK2/Ada-SPARK-Different-Ways-To-Add-Parentheses-Lite","992160674","B","replace variable P -> Values","different_ways_parentheses.adb","638","P := P + 1;","P := Values + 1;","stillborn"
"misc/SPARK2/Ada-SPARK-Different-Ways-To-Add-Parentheses-Lite","992160674","B","replace variable L -> K","different_ways_parentheses.adb","551","and then A in -Bound (P) .. Bound (P) and then B in -Bound (L - P) .. Bound (L - P),","and then A in -Bound (P) .. Bound (P) and then B in -Bound (L - P) .. Bound (K - P),","stillborn"
"misc/SPARK2/Ada-SPARK-Different-Ways-To-Add-Parentheses-Lite","992160674","B","replace variable L -> V1","different_ways_parentheses.adb","251","and then (if L >= 2 then Ways (L) = Partial (L, L - 1))","and then (if L >= 2 then Ways (L) = Partial (V1, L - 1))","stillborn"
"misc/SPARK2/Ada-SPARK-Different-Ways-To-Add-Parentheses-Lite","992160674","B","replace variable LR -> I","different_ways_parentheses.adb","633","To_Big_Integer (LR), To_Big_Integer (LR));","To_Big_Integer (I), To_Big_Integer (LR));","killed"
"misc/SPARK2/Ada-SPARK-Different-Ways-To-Add-Parentheses-Lite","992160674","std","- -> +","different_ways_parentheses.adb","615","for S in 1 .. L - 1 loop","for S in 1 .. L + 1 loop","killed"
"misc/SPARK2/Ada-SPARK-Different-Ways-To-Add-Parentheses-Lite","992160674","alt","constant 1 -> 0","different_ways_parentheses.adb","634","for B in 1 .. LR loop","for B in 0 .. LR loop","killed"
"misc/SPARK2/Ada-SPARK-Different-Ways-To-Add-Parentheses-Lite","992160674","ho","= -> /= + and then -> or else","different_ways_parentheses.adb","252+594","and then (if L = 1 then Ways (L) = 1) || and then Ops'First = 1 and then Ops'Length = Values'Length - 1","and then (if L = 1 then Ways (L) /= 1) || or else Ops'First = 1 and then Ops'Length = Values'Length - 1","stillborn"
"misc/SPARK2/Ada-SPARK-Different-Ways-To-Add-Parentheses-Lite","992160674","B","replace variable Acc -> LL","different_ways_parentheses.adb","493","Acc := Acc + Term;","LL := Acc + Term;","stillborn"
"misc/SPARK2/Ada-SPARK-Different-Ways-To-Add-Parentheses-Lite","992160674","C","actual off-by-one -1","different_ways_parentheses.adb","501","return To_Integer (W (Operands));","return To_Integer (W (Operands - 1));","killed"
"misc/SPARK2/Ada-SPARK-Different-Ways-To-Add-Parentheses-Lite","992160674","ho","- -> + + + -> -","different_ways_parentheses.adb","251+493","and then (if L >= 2 then Ways (L) = Partial (L, L - 1)) || Acc := Acc + Term;","and then (if L >= 2 then Ways (L) = Partial (L, L + 1)) || Acc := Acc - Term;","killed"
"misc/SPARK2/Ada-SPARK-Different-Ways-To-Add-Parentheses-Lite","992160674","B","replace variable S -> All_Of","different_ways_parentheses.adb","511","Subprogram_Variant => (Decreases => N - S);","Subprogram_Variant => (Decreases => N - All_Of);","stillborn"
"misc/SPARK2/Ada-SPARK-Different-Ways-To-Add-Parentheses-Lite","992160674","B","replace variable LR -> M","different_ways_parentheses.adb","634","for B in 1 .. LR loop","for B in 1 .. M loop","stillborn"
"misc/SPARK2/Ada-SPARK-Different-Ways-To-Add-Parentheses-Lite","992160674","B","replace variable M -> All_Of","different_ways_parentheses.adb","496","Lemma_Ways_Step (M);","Lemma_Ways_Step (All_Of);","stillborn"
"misc/SPARK2/Ada-SPARK-Different-Ways-To-Add-Parentheses-Lite","992160674","B","replace variable A -> P","different_ways_parentheses.adb","551","and then A in -Bound (P) .. Bound (P) and then B in -Bound (L - P) .. Bound (L - P),","and then P in -Bound (P) .. Bound (P) and then B in -Bound (L - P) .. Bound (L - P),","stillborn"
"misc/SPARK2/Ada-SPARK-Different-Ways-To-Add-Parentheses-Lite","992160674","B","replace variable L -> B","different_ways_parentheses.adb","542","and then Bound (L) <= 913_517_247_483_640_899;","and then Bound (B) <= 913_517_247_483_640_899;","stillborn"
"misc/SPARK2/Ada-SPARK-Different-Ways-To-Add-Parentheses-Lite","992160674","B","replace variable P -> LR","different_ways_parentheses.adb","551","and then A in -Bound (P) .. Bound (P) and then B in -Bound (L - P) .. Bound (L - P),","and then A in -Bound (P) .. Bound (P) and then B in -Bound (L - P) .. Bound (L - LR),","stillborn"
"misc/SPARK2/Ada-SPARK-Different-Ways-To-Add-Parentheses-Lite","992160674","B","replace variable L -> S","different_ways_parentheses.adb","253","and then (if L <= Max_Expression then Ways (L) <= To_Big_Integer (Max_Results));","and then (if S <= Max_Expression then Ways (L) <= To_Big_Integer (Max_Results));","stillborn"
"misc/SPARK2/Ada-SPARK-Different-Ways-To-Add-Parentheses-Lite","992160674","B","replace variable S -> Ops","different_ways_parentheses.adb","618","Lemma_Count (S);","Lemma_Count (Ops);","stillborn"
"misc/SPARK2/Ada-SPARK-Different-Ways-To-Add-Parentheses-Lite","992160674","B","replace variable P -> L","different_ways_parentheses.adb","541","and then Bound (P) >= 99 and then Bound (L - P) >= 99","and then Bound (P) >= 99 and then Bound (L - L) >= 99","killed"
"misc/SPARK2/Ada-SPARK-Different-Ways-To-Add-Parentheses-Lite","992160674","std","<= -> <","different_ways_parentheses.adb","542","and then Bound (L) <= 913_517_247_483_640_899;","and then Bound (L) < 913_517_247_483_640_899;","killed"
"misc/SPARK2/Ada-SPARK-Different-Ways-To-Add-Parentheses-Lite","992160674","alt","constant 1 -> 2","different_ways_parentheses.adb","629","for A in 1 .. LL loop","for A in 2 .. LL loop","killed"
"misc/SPARK2/Ada-SPARK-Different-Ways-To-Add-Parentheses-Lite","992160674","ho",">= -> > + * -> +","different_ways_parentheses.adb","251+625","and then (if L >= 2 then Ways (L) = Partial (L, L - 1)) || Term  : constant Big_Integer := To_Big_Integer (LL) * To_Big_Integer (LR) with Ghost;","and then (if L > 2 then Ways (L) = Partial (L, L - 1)) || Term  : constant Big_Integer := To_Big_Integer (LL) + To_Big_Integer (LR) with Ghost;","killed"
"misc/SPARK2/Ada-SPARK-Different-Ways-To-Add-Parentheses-Lite","992160674","B","replace variable L -> K","different_ways_parentheses.adb","615","for S in 1 .. L - 1 loop","for S in 1 .. K - 1 loop","stillborn"
"misc/SPARK2/Ada-SPARK-Different-Ways-To-Add-Parentheses-Lite","992160674","C","swap first two actuals","different_ways_parentheses.adb","516","Lemma_Partial_Le (N, S + 1);","Lemma_Partial_Le (S + 1, N);","killed"
"misc/SPARK2/Ada-SPARK-Different-Ways-To-Add-Parentheses-Lite","992160674","B","replace variable Operands -> V1","different_ways_parentheses.adb","500","Lemma_Ways_Step (Operands);","Lemma_Ways_Step (V1);","stillborn"
"misc/SPARK2/Ada-SPARK-Different-Ways-To-Add-Parentheses-Lite","992160674","B","replace variable J -> V","different_ways_parentheses.adb","11","case J is","case V is","stillborn"
"misc/SPARK2/Ada-SPARK-Different-Ways-To-Add-Parentheses-Lite","992160674","B","replace variable LR -> L","different_ways_parentheses.adb","633","To_Big_Integer (LR), To_Big_Integer (LR));","To_Big_Integer (L), To_Big_Integer (LR));","killed"
"misc/SPARK2/Ada-SPARK-Different-Ways-To-Add-Parentheses-Lite","992160674","std","- -> +","different_ways_parentheses.adb","511","Subprogram_Variant => (Decreases => N - S);","Subprogram_Variant => (Decreases => N + S);","killed/proof"
"misc/SPARK2/Ada-SPARK-Different-Ways-To-Add-Parentheses-Lite","992160674","alt","constant 2 -> 0","different_ways_parentheses.adb","251","and then (if L >= 2 then Ways (L) = Partial (L, L - 1))","and then (if L >= 0 then Ways (L) = Partial (L, L - 1))","killed"
"misc/SPARK2/Ada-SPARK-Different-Ways-To-Add-Parentheses-Lite","992160674","ho","<= -> < + and then -> or else","different_ways_parentheses.adb","253+551","and then (if L <= Max_Expression then Ways (L) <= To_Big_Integer (Max_Results)); || and then A in -Bound (P) .. Bound (P) and then B in -Bound (L - P) .. Bound (L - P),","and then (if L <= Max_Expression then Ways (L) < To_Big_Integer (Max_Results)); || or else A in -Bound (P) .. Bound (P) and then B in -Bound (L - P) .. Bound (L - P),","stillborn"
"misc/SPARK2/Ada-SPARK-Different-Ways-To-Add-Parentheses-Lite","992160674","B","replace variable LL -> Ops","different_ways_parentheses.adb","632","Lemma_Mul_Mono (To_Big_Integer (A), To_Big_Integer (LL),","Lemma_Mul_Mono (To_Big_Integer (A), To_Big_Integer (Ops),","stillborn"
"misc/SPARK2/Ada-SPARK-Different-Ways-To-Add-Parentheses-Lite","992160674","C","actual off-by-one -1","different_ways_parentheses.adb","496","Lemma_Ways_Step (M);","Lemma_Ways_Step (M - 1);","survived"
"misc/SPARK2/Ada-SPARK-Different-Ways-To-Add-Parentheses-Lite","992160674","ho","and then -> or else + and then -> or else","different_ways_parentheses.adb","541+551","and then Bound (P) >= 99 and then Bound (L - P) >= 99 || and then A in -Bound (P) .. Bound (P) and then B in -Bound (L - P) .. Bound (L - P),","and then Bound (P) >= 99 or else Bound (L - P) >= 99 || and then A in -Bound (P) .. Bound (P) or else B in -Bound (L - P) .. Bound (L - P),","stillborn"
"misc/SPARK2/Ada-SPARK-Different-Ways-To-Add-Parentheses-Lite","992160674","B","replace variable L -> M","different_ways_parentheses.adb","251","and then (if L >= 2 then Ways (L) = Partial (L, L - 1))","and then (if L >= 2 then Ways (L) = Partial (M, L - 1))","stillborn"
"misc/SPARK2/Ada-SPARK-Different-Ways-To-Add-Parentheses-Lite","992160674","ho","= -> /= + <= -> <","different_ways_parentheses.adb","594+595","and then Ops'First = 1 and then Ops'Length = Values'Length - 1 || and then L <= Values'Length and then I <= Values'Length - L + 1,","and then Ops'First /= 1 and then Ops'Length = Values'Length - 1 || and then L <= Values'Length and then I < Values'Length - L + 1,","killed"
"misc/SPARK2/Ada-SPARK-Different-Ways-To-Add-Parentheses-Lite","992160674","B","replace variable I -> W","different_ways_parentheses.adb","595","and then L <= Values'Length and then I <= Values'Length - L + 1,","and then L <= Values'Length and then W <= Values'Length - L + 1,","stillborn"
"misc/SPARK2/Ada-SPARK-Different-Ways-To-Add-Parentheses-Lite","992160674","B","replace variable M -> W","different_ways_parentheses.adb","644","return [for M in 1 .. Max_Results => Cur (M)];","return [for M in 1 .. Max_Results => Cur (W)];","stillborn"
"misc/SPARK2/Ada-SPARK-Different-Ways-To-Add-Parentheses-Lite","992160674","B","replace variable All_Of -> Op","different_ways_parentheses.adb","655","return Value_List (All_Of (1 .. Count (N)));","return Value_List (Op (1 .. Count (N)));","stillborn"
"misc/SPARK2/Ada-SPARK-Different-Ways-To-Add-Parentheses-Lite","992160674","B","replace variable A -> X","different_ways_parentheses.adb","569","return A * B;","return X * B;","stillborn"
"misc/SPARK2/Ada-SPARK-Different-Ways-To-Add-Parentheses-Lite","992160674","B","replace variable Left -> M","different_ways_parentheses.adb","639","Cur (P) := Apply (Ops (I + S - 1), Left (A), Right (B), S, L);","Cur (P) := Apply (Ops (I + S - 1), M (A), Right (B), S, L);","stillborn"
"misc/SPARK2/Ada-SPARK-Different-Ways-To-Add-Parentheses-Lite","992160674","B","replace variable M -> Acc","different_ways_parentheses.adb","610","return [for M in 1 .. Max_Results => Cur (M)];","return [for M in 1 .. Max_Results => Cur (Acc)];","stillborn"
"misc/SPARK2/Ada-SPARK-Different-Ways-To-Add-Parentheses-Lite","992160674","B","replace variable N -> Right","different_ways_parentheses.adb","516","Lemma_Partial_Le (N, S + 1);","Lemma_Partial_Le (Right, S + 1);","stillborn"
"misc/SPARK2/Ada-SPARK-Different-Ways-To-Add-Parentheses-Lite","992160674","B","replace variable Ops -> V1","different_ways_parentheses.adb","639","Cur (P) := Apply (Ops (I + S - 1), Left (A), Right (B), S, L);","Cur (P) := Apply (V1 (I + S - 1), Left (A), Right (B), S, L);","stillborn"
"misc/SPARK2/Ada-SPARK-Different-Ways-To-Add-Parentheses-Lite","992160674","B","replace variable L -> LL","different_ways_parentheses.adb","542","and then Bound (L) <= 913_517_247_483_640_899;","and then Bound (LL) <= 913_517_247_483_640_899;","stillborn"
"misc/SPARK2/Ada-SPARK-Different-Ways-To-Add-Parentheses-Lite","992160674","B","replace variable Cur -> M","different_ways_parentheses.adb","639","Cur (P) := Apply (Ops (I + S - 1), Left (A), Right (B), S, L);","M (P) := Apply (Ops (I + S - 1), Left (A), Right (B), S, L);","stillborn"
"misc/SPARK2/Ada-SPARK-Different-Ways-To-Add-Parentheses-Lite","992160674","B","replace variable L -> I","different_ways_parentheses.adb","251","and then (if L >= 2 then Ways (L) = Partial (L, L - 1))","and then (if L >= 2 then Ways (L) = Partial (I, L - 1))","stillborn"
"misc/SPARK2/Ada-SPARK-Different-Ways-To-Add-Parentheses-Lite","992160674","B","replace variable L -> M","different_ways_parentheses.adb","541","and then Bound (P) >= 99 and then Bound (L - P) >= 99","and then Bound (P) >= 99 and then Bound (M - P) >= 99","stillborn"
"misc/SPARK2/Ada-SPARK-Different-Ways-To-Add-Parentheses-Lite","992160674","B","replace variable L -> Acc","different_ways_parentheses.adb","252","and then (if L = 1 then Ways (L) = 1)","and then (if L = 1 then Ways (Acc) = 1)","stillborn"
"misc/SPARK2/Ada-SPARK-Different-Ways-To-Add-Parentheses-Lite","992160674","B","replace variable M -> Left","different_ways_parentheses.adb","644","return [for M in 1 .. Max_Results => Cur (M)];","return [for M in 1 .. Max_Results => Cur (Left)];","stillborn"
"misc/SPARK2/Ada-SPARK-Different-Ways-To-Add-Parentheses-Lite","992160674","B","replace variable N -> Op","different_ways_parentheses.adb","516","Lemma_Partial_Le (N, S + 1);","Lemma_Partial_Le (Op, S + 1);","stillborn"
"misc/SPARK2/Ada-SPARK-Different-Ways-To-Add-Parentheses-Lite","992160674","B","replace variable L -> LL","different_ways_parentheses.adb","259","case L is","case LL is","stillborn"
"misc/SPARK2/Ada-SPARK-Different-Ways-To-Add-Parentheses-Lite","992160674","B","replace variable M -> Values","different_ways_parentheses.adb","485","for K in 1 .. M - 1 loop","for K in 1 .. Values - 1 loop","stillborn"
"misc/SPARK2/Ada-SPARK-Different-Ways-To-Add-Parentheses-Lite","992160674","B","replace variable S -> Count","different_ways_parentheses.adb","617","Lemma_Partial_Le (L, S);","Lemma_Partial_Le (L, Count);","stillborn"
"misc/SPARK2/Ada-SPARK-Different-Ways-To-Add-Parentheses-Lite","992160674","B","replace variable S -> P","different_ways_parentheses.adb","511","Subprogram_Variant => (Decreases => N - S);","Subprogram_Variant => (Decreases => N - P);","stillborn"
"misc/SPARK2/Ada-SPARK-Different-Ways-To-Add-Parentheses-Lite","992160674","B","replace variable M -> S","different_ways_parentheses.adb","496","Lemma_Ways_Step (M);","Lemma_Ways_Step (S);","stillborn"
"misc/SPARK2/Ada-SPARK-Different-Ways-To-Add-Parentheses-Lite","992160674","B","replace variable All_Of -> Right","different_ways_parentheses.adb","655","return Value_List (All_Of (1 .. Count (N)));","return Value_List (Right (1 .. Count (N)));","stillborn"
"misc/SPARK2/Ada-SPARK-Different-Ways-To-Add-Parentheses-Lite","992160674","B","replace variable L -> W","different_ways_parentheses.adb","551","and then A in -Bound (P) .. Bound (P) and then B in -Bound (L - P) .. Bound (L - P),","and then A in -Bound (P) .. Bound (P) and then B in -Bound (L - P) .. Bound (W - P),","stillborn"
"misc/SPARK2/Ada-SPARK-Different-Ways-To-Add-Parentheses-Lite","992160674","B","replace variable L -> LL","different_ways_parentheses.adb","251","and then (if L >= 2 then Ways (L) = Partial (L, L - 1))","and then (if L >= 2 then Ways (L) = Partial (L, LL - 1))","stillborn"
"misc/SPARK2/Ada-SPARK-Different-Ways-To-Add-Parentheses-Lite","992160674","B","replace variable B -> P","different_ways_parentheses.adb","564","return A + B;","return A + P;","stillborn"
"misc/SPARK2/Ada-SPARK-Different-Ways-To-Add-Parentheses-Lite","992160674","B","replace variable LR -> N","different_ways_parentheses.adb","633","To_Big_Integer (LR), To_Big_Integer (LR));","To_Big_Integer (N), To_Big_Integer (LR));","stillborn"
"misc/SPARK2/Ada-SPARK-Different-Ways-To-Add-Parentheses-Lite","992160674","B","replace variable B -> A","different_ways_parentheses.adb","569","return A * B;","return A * A;","killed"
"misc/SPARK2/Ada-SPARK-Different-Ways-To-Add-Parentheses-Lite","992160674","std","- -> +","different_ways_parentheses.adb","594","and then Ops'First = 1 and then Ops'Length = Values'Length - 1","and then Ops'First = 1 and then Ops'Length = Values'Length + 1","killed"
"misc/SPARK2/Ada-SPARK-Different-Ways-To-Add-Parentheses-Lite","992160674","alt","constant 1 -> 2","different_ways_parentheses.adb","610","return [for M in 1 .. Max_Results => Cur (M)];","return [for M in 2 .. Max_Results => Cur (M)];","stillborn"
"misc/SPARK2/Ada-SPARK-Different-Ways-To-Add-Parentheses-Lite","992160674","ho","and then -> or else + and then -> or else","different_ways_parentheses.adb","594+595","and then Ops'First = 1 and then Ops'Length = Values'Length - 1 || and then L <= Values'Length and then I <= Values'Length - L + 1,","or else Ops'First = 1 and then Ops'Length = Values'Length - 1 || or else L <= Values'Length and then I <= Values'Length - L + 1,","stillborn"
"misc/SPARK2/Ada-SPARK-Different-Ways-To-Add-Parentheses-Lite","992160674","B","replace variable L -> Ops","different_ways_parentheses.adb","612","Lemma_Ways_Step (L);","Lemma_Ways_Step (Ops);","stillborn"
"misc/SPARK2/Ada-SPARK-Different-Ways-To-Add-Parentheses-Lite","992160674","C","actual off-by-one -1","different_ways_parentheses.adb","559","Lemma_Mul_Mono (Big (abs A), BP, Big (abs B), BQ);","Lemma_Mul_Mono (Big (abs A), BP - 1, Big (abs B), BQ);","killed"
"misc/SPARK2/Ada-SPARK-Different-Ways-To-Add-Parentheses-Lite","992160674","alt","constant 2 -> 3","different_ways_parentheses.adb","561","Lemma_Mul_Mono (BP, BP, To_Big_Integer (2), BQ);","Lemma_Mul_Mono (BP, BP, To_Big_Integer (3), BQ);","survived"
"misc/SPARK2/Ada-SPARK-Different-Ways-To-Add-Parentheses-Lite","992160674","ho","< -> <= + + 1 -> + 0","different_ways_parentheses.adb","515+638","if S < N - 1 then || P := P + 1;","if S <= N - 1 then || P := P + 0;","killed"
"misc/SPARK2/Ada-SPARK-Different-Ways-To-Add-Parentheses-Lite","992160674","B","replace variable A -> O1","different_ways_parentheses.adb","564","return A + B;","return O1 + B;","stillborn"
