folder,screening_seed,candidates_total,published_forced_tune,hidden_candidates,hidden_by_family,reason,rule_v1
hashing/SPARK2/Bloom-Filter,1,38,0,18,std 0 alt 5 ho 0 B 4 C 9,"hidden-half candidates at screening seed 1 (all five families, before stillborn) 18 < 40, so a hidden score of n >= 40 is out of reach (any seed splits about half of candidates_total to the hidden half); not run, not claimed","not run: fewer than 20 hidden candidates, so n >= 20 cannot be reached"
misc/SPARK2/Ada-SPARK-Gray-Code,1,71,0,36,std 0 alt 10 ho 0 B 10 C 16,"hidden-half candidates at screening seed 1 (all five families, before stillborn) 36 < 40, so a hidden score of n >= 40 is out of reach (any seed splits about half of candidates_total to the hidden half); not run, not claimed",run (seed 20264021); see score138_halves.csv
numerical/SPARK2/Ada-SPARK-Extended-Euclidean,1,29,1,12,std 0 alt 0 ho 0 B 12 C 0,"hidden-half candidates at screening seed 1 (all five families, before stillborn) 12 < 40, so a hidden score of n >= 40 is out of reach (any seed splits about half of candidates_total to the hidden half); not run, not claimed","not run: fewer than 20 hidden candidates, so n >= 20 cannot be reached"
numerical/SPARK2/Ada-SPARK-Sieve-Of-Eratosthenes,1,55,5,25,std 0 alt 3 ho 6 B 14 C 2,"hidden-half candidates at screening seed 1 (all five families, before stillborn) 25 < 40, so a hidden score of n >= 40 is out of reach (any seed splits about half of candidates_total to the hidden half); not run, not claimed",run (seed 20264022); see score138_halves.csv
misc/SPARK2/Ada-SPARK-Hamming-Weight,1,43,3,19,std 0 alt 9 ho 0 B 10 C 0,"hidden-half candidates at screening seed 1 (all five families, before stillborn) 19 < 40, so a hidden score of n >= 40 is out of reach (any seed splits about half of candidates_total to the hidden half); not run, not claimed","not run: fewer than 20 hidden candidates, so n >= 20 cannot be reached"
strings/SPARK2/Ada-SPARK-Hamming-Distance,1,56,5,27,std 0 alt 11 ho 5 B 4 C 7,"hidden-half candidates at screening seed 1 (all five families, before stillborn) 27 < 40, so a hidden score of n >= 40 is out of reach (any seed splits about half of candidates_total to the hidden half); not run, not claimed",run (seed 20264023); see score138_halves.csv
hashing/SPARK2/Ada-SPARK-Design-HashMap,1,32,0,18,std 0 alt 2 ho 0 B 10 C 6,"hidden-half candidates at screening seed 1 (all five families, before stillborn) 18 < 40, so a hidden score of n >= 40 is out of reach (any seed splits about half of candidates_total to the hidden half); not run, not claimed","not run: fewer than 20 hidden candidates, so n >= 20 cannot be reached"
hashing/SPARK2/Ada-SPARK-Design-HashSet,1,16,0,8,std 0 alt 2 ho 0 B 3 C 3,"hidden-half candidates at screening seed 1 (all five families, before stillborn) 8 < 40, so a hidden score of n >= 40 is out of reach (any seed splits about half of candidates_total to the hidden half); not run, not claimed","not run: fewer than 20 hidden candidates, so n >= 20 cannot be reached"
misc/SPARK2/Ada-SPARK-Arranging-Coins,1,41,4,19,std 0 alt 2 ho 1 B 16 C 0,"hidden-half candidates at screening seed 1 (all five families, before stillborn) 19 < 40, so a hidden score of n >= 40 is out of reach (any seed splits about half of candidates_total to the hidden half); not run, not claimed","not run: fewer than 20 hidden candidates, so n >= 20 cannot be reached"
misc/SPARK2/Ada-SPARK-Basic-Calculator-II,1,28,3,16,std 0 alt 0 ho 2 B 14 C 0,"hidden-half candidates at screening seed 1 (all five families, before stillborn) 16 < 40, so a hidden score of n >= 40 is out of reach (any seed splits about half of candidates_total to the hidden half); not run, not claimed","not run: fewer than 20 hidden candidates, so n >= 20 cannot be reached"
misc/SPARK2/Ada-SPARK-Binary-Watch,1,22,3,6,std 0 alt 2 ho 1 B 1 C 2,"hidden-half candidates at screening seed 1 (all five families, before stillborn) 6 < 40, so a hidden score of n >= 40 is out of reach (any seed splits about half of candidates_total to the hidden half); not run, not claimed","not run: fewer than 20 hidden candidates, so n >= 20 cannot be reached"
misc/SPARK2/Ada-SPARK-Bulb-Switcher,1,66,5,28,std 0 alt 4 ho 6 B 18 C 0,"hidden-half candidates at screening seed 1 (all five families, before stillborn) 28 < 40, so a hidden score of n >= 40 is out of reach (any seed splits about half of candidates_total to the hidden half); not run, not claimed",run (seed 20264024); see score138_halves.csv
misc/SPARK2/Ada-SPARK-Car-Pooling,1,77,5,36,std 0 alt 0 ho 4 B 28 C 4,"hidden-half candidates at screening seed 1 (all five families, before stillborn) 36 < 40, so a hidden score of n >= 40 is out of reach (any seed splits about half of candidates_total to the hidden half); not run, not claimed",run (seed 20264025); see score138_halves.csv
misc/SPARK2/Ada-SPARK-Check-If-Number-Is-A-Sum-Of-Powers-Of-Three,1,42,2,26,std 0 alt 13 ho 0 B 13 C 0,"hidden-half candidates at screening seed 1 (all five families, before stillborn) 26 < 40, so a hidden score of n >= 40 is out of reach (any seed splits about half of candidates_total to the hidden half); not run, not claimed",run (seed 20264026); see score138_halves.csv
misc/SPARK2/Ada-SPARK-Count-Odd-Numbers-In-An-Interval,1,62,8,30,std 0 alt 9 ho 9 B 10 C 2,"hidden-half candidates at screening seed 1 (all five families, before stillborn) 30 < 40, so a hidden score of n >= 40 is out of reach (any seed splits about half of candidates_total to the hidden half); not run, not claimed",run (seed 20264027); see score138_halves.csv
misc/SPARK2/Ada-SPARK-Counting-Bits,1,43,3,20,std 0 alt 8 ho 2 B 10 C 0,"hidden-half candidates at screening seed 1 (all five families, before stillborn) 20 < 40, so a hidden score of n >= 40 is out of reach (any seed splits about half of candidates_total to the hidden half); not run, not claimed",run (seed 20264028); see score138_halves.csv
misc/SPARK2/Ada-SPARK-Design-Number-Container-System,1,20,7,7,std 0 alt 3 ho 4 B 0 C 0,"hidden-half candidates at screening seed 1 (all five families, before stillborn) 7 < 40, so a hidden score of n >= 40 is out of reach (any seed splits about half of candidates_total to the hidden half); not run, not claimed","not run: fewer than 20 hidden candidates, so n >= 20 cannot be reached"
misc/SPARK2/Ada-SPARK-Elevator-Algorithm,1,31,6,15,std 0 alt 1 ho 8 B 6 C 0,"hidden-half candidates at screening seed 1 (all five families, before stillborn) 15 < 40, so a hidden score of n >= 40 is out of reach (any seed splits about half of candidates_total to the hidden half); not run, not claimed","not run: fewer than 20 hidden candidates, so n >= 20 cannot be reached"
misc/SPARK2/Ada-SPARK-Greatest-Common-Divisor,1,29,1,14,std 0 alt 0 ho 0 B 14 C 0,"hidden-half candidates at screening seed 1 (all five families, before stillborn) 14 < 40, so a hidden score of n >= 40 is out of reach (any seed splits about half of candidates_total to the hidden half); not run, not claimed","not run: fewer than 20 hidden candidates, so n >= 20 cannot be reached"
misc/SPARK2/Ada-SPARK-House-Robber,1,19,4,6,std 0 alt 0 ho 3 B 2 C 1,"hidden-half candidates at screening seed 1 (all five families, before stillborn) 6 < 40, so a hidden score of n >= 40 is out of reach (any seed splits about half of candidates_total to the hidden half); not run, not claimed","not run: fewer than 20 hidden candidates, so n >= 20 cannot be reached"
misc/SPARK2/Ada-SPARK-Least-Common-Multiple,1,53,2,23,std 0 alt 1 ho 0 B 22 C 0,"hidden-half candidates at screening seed 1 (all five families, before stillborn) 23 < 40, so a hidden score of n >= 40 is out of reach (any seed splits about half of candidates_total to the hidden half); not run, not claimed",eligible under rule v1 (n >= 20; Robert 2026-10-09 ~16:40): queued
misc/SPARK2/Ada-SPARK-Maximum-Ice-Cream-Bars,1,7,1,2,std 0 alt 0 ho 0 B 2 C 0,"hidden-half candidates at screening seed 1 (all five families, before stillborn) 2 < 40, so a hidden score of n >= 40 is out of reach (any seed splits about half of candidates_total to the hidden half); not run, not claimed","not run: fewer than 20 hidden candidates, so n >= 20 cannot be reached"
misc/SPARK2/Ada-SPARK-Min-Cost-Climbing-Stairs,1,70,1,39,std 0 alt 2 ho 0 B 28 C 9,"hidden-half candidates at screening seed 1 (all five families, before stillborn) 39 < 40, so a hidden score of n >= 40 is out of reach (any seed splits about half of candidates_total to the hidden half); not run, not claimed",eligible under rule v1 (n >= 20; Robert 2026-10-09 ~16:40): queued
misc/SPARK2/Ada-SPARK-Missing-Number,1,66,5,34,std 0 alt 14 ho 4 B 9 C 7,"hidden-half candidates at screening seed 1 (all five families, before stillborn) 34 < 40, so a hidden score of n >= 40 is out of reach (any seed splits about half of candidates_total to the hidden half); not run, not claimed",eligible under rule v1 (n >= 20; Robert 2026-10-09 ~16:40): queued
misc/SPARK2/Ada-SPARK-Move-Zeroes,1,49,3,24,std 0 alt 4 ho 2 B 16 C 2,"hidden-half candidates at screening seed 1 (all five families, before stillborn) 24 < 40, so a hidden score of n >= 40 is out of reach (any seed splits about half of candidates_total to the hidden half); not run, not claimed",eligible under rule v1 (n >= 20; Robert 2026-10-09 ~16:40): queued
misc/SPARK2/Ada-SPARK-Number-Of-1-Bits,1,43,3,22,std 0 alt 8 ho 2 B 11 C 1,"hidden-half candidates at screening seed 1 (all five families, before stillborn) 22 < 40, so a hidden score of n >= 40 is out of reach (any seed splits about half of candidates_total to the hidden half); not run, not claimed",eligible under rule v1 (n >= 20; Robert 2026-10-09 ~16:40): queued
misc/SPARK2/Ada-SPARK-Parity-Bits,1,44,1,27,std 0 alt 5 ho 0 B 17 C 5,"hidden-half candidates at screening seed 1 (all five families, before stillborn) 27 < 40, so a hidden score of n >= 40 is out of reach (any seed splits about half of candidates_total to the hidden half); not run, not claimed",eligible under rule v1 (n >= 20; Robert 2026-10-09 ~16:40): queued
misc/SPARK2/Ada-SPARK-Pascal-Triangle,1,18,1,8,std 0 alt 4 ho 0 B 4 C 0,"hidden-half candidates at screening seed 1 (all five families, before stillborn) 8 < 40, so a hidden score of n >= 40 is out of reach (any seed splits about half of candidates_total to the hidden half); not run, not claimed","not run: fewer than 20 hidden candidates, so n >= 20 cannot be reached"
misc/SPARK2/Ada-SPARK-Power-Of-Three,1,22,3,8,std 0 alt 4 ho 2 B 2 C 0,"hidden-half candidates at screening seed 1 (all five families, before stillborn) 8 < 40, so a hidden score of n >= 40 is out of reach (any seed splits about half of candidates_total to the hidden half); not run, not claimed","not run: fewer than 20 hidden candidates, so n >= 20 cannot be reached"
misc/SPARK2/Ada-SPARK-Product-Of-Array-Except-Self,1,81,2,35,std 0 alt 3 ho 0 B 30 C 2,"hidden-half candidates at screening seed 1 (all five families, before stillborn) 35 < 40, so a hidden score of n >= 40 is out of reach (any seed splits about half of candidates_total to the hidden half); not run, not claimed",eligible under rule v1 (n >= 20; Robert 2026-10-09 ~16:40): queued
misc/SPARK2/Ada-SPARK-Range-Sum-Query-Immutable,1,35,1,16,std 0 alt 1 ho 0 B 13 C 2,"hidden-half candidates at screening seed 1 (all five families, before stillborn) 16 < 40, so a hidden score of n >= 40 is out of reach (any seed splits about half of candidates_total to the hidden half); not run, not claimed","not run: fewer than 20 hidden candidates, so n >= 20 cannot be reached"
misc/SPARK2/Ada-SPARK-Reverse-Bits,1,40,2,20,std 0 alt 8 ho 0 B 11 C 1,"hidden-half candidates at screening seed 1 (all five families, before stillborn) 20 < 40, so a hidden score of n >= 40 is out of reach (any seed splits about half of candidates_total to the hidden half); not run, not claimed",eligible under rule v1 (n >= 20; Robert 2026-10-09 ~16:40): queued
misc/SPARK2/Ada-SPARK-To-Lower-Case,1,44,2,25,std 0 alt 3 ho 0 B 19 C 3,"hidden-half candidates at screening seed 1 (all five families, before stillborn) 25 < 40, so a hidden score of n >= 40 is out of reach (any seed splits about half of candidates_total to the hidden half); not run, not claimed",eligible under rule v1 (n >= 20; Robert 2026-10-09 ~16:40): queued
misc/SPARK2/Ada-SPARK-Triangle-Min-Path,1,34,6,16,std 0 alt 0 ho 8 B 7 C 1,"hidden-half candidates at screening seed 1 (all five families, before stillborn) 16 < 40, so a hidden score of n >= 40 is out of reach (any seed splits about half of candidates_total to the hidden half); not run, not claimed","not run: fewer than 20 hidden candidates, so n >= 20 cannot be reached"
misc/SPARK2/Ada-SPARK-Water-Bottles,1,17,6,5,std 0 alt 2 ho 2 B 1 C 0,"hidden-half candidates at screening seed 1 (all five families, before stillborn) 5 < 40, so a hidden score of n >= 40 is out of reach (any seed splits about half of candidates_total to the hidden half); not run, not claimed","not run: fewer than 20 hidden candidates, so n >= 20 cannot be reached"
numerical/SPARK2/Ada-SPARK-Lagrange-Interpolation,1,74,10,29,std 0 alt 3 ho 12 B 14 C 0,"hidden-half candidates at screening seed 1 (all five families, before stillborn) 29 < 40, so a hidden score of n >= 40 is out of reach (any seed splits about half of candidates_total to the hidden half); not run, not claimed",eligible under rule v1 (n >= 20; Robert 2026-10-09 ~16:40): queued
numerical/SPARK2/Ada-SPARK-Minimum-Limit-Of-Balls-In-A-Bag,1,41,1,21,std 3 alt 2 ho 3 B 7 C 6,"hidden-half candidates at screening seed 1 (all five families, before stillborn) 21 < 40, so a hidden score of n >= 40 is out of reach (any seed splits about half of candidates_total to the hidden half); not run, not claimed",eligible under rule v1 (n >= 20; Robert 2026-10-09 ~16:40): queued
numerical/SPARK2/Ada-SPARK-Simpson-Rule,1,6,2,1,std 0 alt 1 ho 0 B 0 C 0,"hidden-half candidates at screening seed 1 (all five families, before stillborn) 1 < 40, so a hidden score of n >= 40 is out of reach (any seed splits about half of candidates_total to the hidden half); not run, not claimed","not run: fewer than 20 hidden candidates, so n >= 20 cannot be reached"
strings/SPARK2/Ada-SPARK-Encode-And-Decode-Strings-Lite,1,6,0,2,std 0 alt 0 ho 0 B 2 C 0,"hidden-half candidates at screening seed 1 (all five families, before stillborn) 2 < 40, so a hidden score of n >= 40 is out of reach (any seed splits about half of candidates_total to the hidden half); not run, not claimed","not run: fewer than 20 hidden candidates, so n >= 20 cannot be reached"
strings/SPARK2/Ada-SPARK-Reverse-Vowels-Of-A-String,1,77,9,27,std 0 alt 5 ho 9 B 10 C 3,"hidden-half candidates at screening seed 1 (all five families, before stillborn) 27 < 40, so a hidden score of n >= 40 is out of reach (any seed splits about half of candidates_total to the hidden half); not run, not claimed",eligible under rule v1 (n >= 20; Robert 2026-10-09 ~16:40): queued
strings/SPARK2/Ada-SPARK-Sum-Of-Digits-Of-String-After-Convert,1,20,3,10,std 0 alt 0 ho 0 B 10 C 0,"hidden-half candidates at screening seed 1 (all five families, before stillborn) 10 < 40, so a hidden score of n >= 40 is out of reach (any seed splits about half of candidates_total to the hidden half); not run, not claimed","not run: fewer than 20 hidden candidates, so n >= 20 cannot be reached"
strings/SPARK2/Ada-SPARK-Total-Hamming-Distance,1,42,3,20,std 0 alt 8 ho 0 B 9 C 3,"hidden-half candidates at screening seed 1 (all five families, before stillborn) 20 < 40, so a hidden score of n >= 40 is out of reach (any seed splits about half of candidates_total to the hidden half); not run, not claimed",eligible under rule v1 (n >= 20; Robert 2026-10-09 ~16:40): queued
trees/SPARK2/Ada-SPARK-Convert-BST-To-Greater-Tree,1,34,1,21,std 0 alt 3 ho 0 B 14 C 4,"hidden-half candidates at screening seed 1 (all five families, before stillborn) 21 < 40, so a hidden score of n >= 40 is out of reach (any seed splits about half of candidates_total to the hidden half); not run, not claimed",eligible under rule v1 (n >= 20; Robert 2026-10-09 ~16:40): queued
trees/SPARK2/Ada-SPARK-Unique-Paths-With-Obstacles,1,64,9,26,std 0 alt 0 ho 15 B 9 C 2,"hidden-half candidates at screening seed 1 (all five families, before stillborn) 26 < 40, so a hidden score of n >= 40 is out of reach (any seed splits about half of candidates_total to the hidden half); not run, not claimed",eligible under rule v1 (n >= 20; Robert 2026-10-09 ~16:40): queued
