folder,half,seed,index,family,mutant,test_result,proof,method,reason
numerical/SPARK4/Ada-SPARK-Extended-Euclidean-Algorithm,held,20264001,5,alt,"extended_euclidean_algorithm.adb:121 constant 1 -> 0 (return (Gcd => Gcd (A, B), X => 1, Y => 0); -> return (Gcd => Gcd (A, B), X => 0, Y => 0);)",survived,proved,exhaustive,"exhaustive: a Python model of the loop over all 1001 x 1001 pairs (A, B in 0 .. 1000) never takes the Next_S / Next_T out-of-bound branch (max |coefficient| 1000 < Coeff_Bound 1001), so this fallback return is unreachable"
numerical/SPARK4/Ada-SPARK-Extended-Euclidean-Algorithm,held,20264001,10,alt,"extended_euclidean_algorithm.adb:121 constant 0 -> 1 (return (Gcd => Gcd (A, B), X => 1, Y => 0); -> return (Gcd => Gcd (A, B), X => 1, Y => 1);)",survived,proved,exhaustive,"exhaustive: a Python model of the loop over all 1001 x 1001 pairs (A, B in 0 .. 1000) never takes the Next_S / Next_T out-of-bound branch (max |coefficient| 1000 < Coeff_Bound 1001), so this fallback return is unreachable"
numerical/SPARK4/Ada-SPARK-Extended-Euclidean-Algorithm,held,20264001,23,C,"extended_euclidean_algorithm.adb:121 actual off-by-one -1 (return (Gcd => Gcd (A, B), X => 1, Y => 0); -> return (Gcd => Gcd (A - 1, B), X => 1, Y => 0);)",survived,proved,exhaustive,"exhaustive: a Python model of the loop over all 1001 x 1001 pairs (A, B in 0 .. 1000) never takes the Next_S / Next_T out-of-bound branch (max |coefficient| 1000 < Coeff_Bound 1001), so this fallback return is unreachable"
numerical/SPARK4/Ada-SPARK-Extended-Euclidean-Algorithm,held,20264001,31,C,extended_euclidean_algorithm.adb:59 rem -> mod (T := U rem V; -> T := U mod V;),survived,proved,reason,"U, V are Educational (0 .. 1000) and V > 0 in the loop: rem and mod agree for non-negative operands"
numerical/SPARK4/Ada-SPARK-Extended-Euclidean-Algorithm,held,20264001,32,alt,extended_euclidean_algorithm.adb:142 delete statement (Res.A_Over_G := 0; -> null;),survived,proved,reason,"Res is a Quotient_Pair whose components default to 0 (spec: A_Over_G : Educational := 0), so deleting the assignment of 0 leaves the same value"
numerical/SPARK4/Ada-SPARK-Extended-Euclidean-Algorithm,held,20264001,37,alt,"extended_euclidean_algorithm.adb:112 constant 0 -> 1 (return (Gcd => Gcd (A, B), X => 1, Y => 0); -> return (Gcd => Gcd (A, B), X => 1, Y => 1);)",survived,proved,exhaustive,"exhaustive: a Python model of the loop over all 1001 x 1001 pairs (A, B in 0 .. 1000) never takes the Next_S / Next_T out-of-bound branch (max |coefficient| 1000 < Coeff_Bound 1001), so this fallback return is unreachable"
numerical/SPARK4/Ada-SPARK-Extended-Euclidean-Algorithm,held,20264001,55,C,"extended_euclidean_algorithm.adb:112 actual off-by-one -1 (return (Gcd => Gcd (A, B), X => 1, Y => 0); -> return (Gcd => Gcd (A, B - 1), X => 1, Y => 0);)",survived,proved,exhaustive,"exhaustive: a Python model of the loop over all 1001 x 1001 pairs (A, B in 0 .. 1000) never takes the Next_S / Next_T out-of-bound branch (max |coefficient| 1000 < Coeff_Bound 1001), so this fallback return is unreachable"
numerical/SPARK4/Ada-SPARK-Extended-Euclidean-Algorithm,held,20264001,62,C,"extended_euclidean_algorithm.adb:112 actual off-by-one -1 (return (Gcd => Gcd (A, B), X => 1, Y => 0); -> return (Gcd => Gcd (A - 1, B), X => 1, Y => 0);)",survived,proved,exhaustive,"exhaustive: a Python model of the loop over all 1001 x 1001 pairs (A, B in 0 .. 1000) never takes the Next_S / Next_T out-of-bound branch (max |coefficient| 1000 < Coeff_Bound 1001), so this fallback return is unreachable"
numerical/SPARK4/Ada-SPARK-Extended-Euclidean-Algorithm,tune,20264001,0,std,extended_euclidean_algorithm.adb:157 < -> <= (if Raw < 0 then -> if Raw <= 0 then),survived,not run (tune),reason,"Raw = 0 is unreachable: Pre gives M > 1 and Are_Coprime (A, M), so A * X = 1 (mod M); X rem M = 0 would make A * X = 0 (mod M). The Pre-line half of the pair (l17) is a contract, not executable code"
numerical/SPARK4/Ada-SPARK-Extended-Euclidean-Algorithm,tune,20264001,34,C,extended_euclidean_algorithm.adb:156 rem -> mod (Raw := EG.X rem M; -> Raw := EG.X mod M;),survived,not run (tune),reason,"for M > 0, X mod M = X rem M + M when X rem M < 0, else X rem M; the next lines add M exactly when Raw < 0, so the result is the same"
numerical/SPARK4/Ada-SPARK-Extended-Euclidean-Algorithm,tune,20264001,40,ho,"extended_euclidean_algorithm.adb:17+157 and then -> or else + < -> <= (and then Cur in -Coeff_Bound .. Coeff_Bound, || if Raw < 0 then -> or else Cur in -Coeff_Bound .. Coeff_Bound, || if Raw <= 0 then)",survived,not run (tune),reason,"Raw = 0 is unreachable: Pre gives M > 1 and Are_Coprime (A, M), so A * X = 1 (mod M); X rem M = 0 would make A * X = 0 (mod M). The Pre-line half of the pair (l17) is a contract, not executable code"
numerical/SPARK4/Ada-SPARK-Extended-Euclidean-Algorithm,tune,20264001,63,C,extended_euclidean_algorithm.adb:27 rem -> mod (return A rem M; -> return A mod M;),survived,not run (tune),reason,"A, M are Educational (>= 0) and M > 0 (Pre): rem and mod agree"
compression/SPARK2/Ada-SPARK-Interleaving-String,tune,20264002,31,std,interleaving_string.adb:17 > -> >= (if K > 0 and then K <= NC then -> if K >= 0 and then K <= NC then),survived,not run (tune),reason,"K = 0 only when I = J = 0; both inner branches then need I > 0 or J > 0, so the K = 0 case does nothing either way"
misc/SPARK2/Ada-SPARK-Add-Binary,tune,20264008,24,C,add_binary.adb:14 mod -> rem (Result (Position) := (if Sum mod 2 = 1 then '1' else '0'); -> Result (Position) := (if Sum rem 2 = 1 then '1' else '0');),survived,not run (tune),reason,"Sum is Carry plus two 0/1 digits, never negative: rem and mod agree"
misc/SPARK2/Ada-SPARK-Add-Without-Plus,tune,20264009,9,alt,add_without_plus.adb:8 constant 0 -> 1 (if Right >= 0 then -> if Right >= 1 then),survived,not run (tune),reason,"Right = 0 now takes the else branch: Remaining := -0 = 0, the loop runs zero times and Result = Left, as in the then branch"
misc/SPARK2/Ada-SPARK-Add-Without-Plus,tune,20264009,17,std,add_without_plus.adb:8 >= -> > (if Right >= 0 then -> if Right > 0 then),survived,not run (tune),reason,"Right = 0 now takes the else branch: Remaining := -0 = 0, the loop runs zero times and Result = Left, as in the then branch"
misc/SPARK2/Ada-SPARK-Best-Time-To-Buy-And-Sell-Stock,tune,20264011,0,std,best_time_to_buy_and_sell_stock.adb:14 < -> <= (if Input (I) < Minimum then -> if Input (I) <= Minimum then),survived,not run (tune),reason,"on a tie (Input (I) = Minimum) the assignment stores the value already held, so Minimum is unchanged"
misc/SPARK2/Ada-SPARK-Best-Time-To-Buy-And-Sell-Stock,tune,20264011,6,ho,best_time_to_buy_and_sell_stock.adb:11+14 > -> >= + < -> <= (if Today > Best then || if Input (I) < Minimum then -> if Today >= Best then || if Input (I) <= Minimum then),survived,not run (tune),reason,"on a tie (Today = Best, or Input (I) = Minimum) the assignment stores the value already held, so Best and Minimum are unchanged"
misc/SPARK2/Ada-SPARK-Best-Time-To-Buy-And-Sell-Stock,tune,20264011,13,std,best_time_to_buy_and_sell_stock.adb:11 > -> >= (if Today > Best then -> if Today >= Best then),survived,not run (tune),reason,"on a tie (Today = Best, or Input (I) = Minimum) the assignment stores the value already held, so Best and Minimum are unchanged"
compression/SPARK2/Ada-SPARK-String-Compression,tune,20264003,10,alt,string_compression.adb:9 delete statement (Counts := [others => 0]; -> null;),survived,not run (tune),unspecified output,"unspecified output: Compress has no Post and the README defines only runs 1 .. Output_Length; every Counts (1 .. Write) is written (:= 1 at the start of a run, then incremented), so only Counts beyond Output_Length differ, which no caller may read"
compression/SPARK2/Ada-SPARK-String-Compression,tune,20264003,14,std,string_compression.adb:12 < -> <= (if Counts (Index (Write)) < 32 then -> if Counts (Index (Write)) <= 32 then),survived,not run (tune),reason,"a run count reaches 32 only when all 32 input characters are one run, so no further character exists: the test Counts (Write) < 32 is always true and the bound is never reached"
compression/SPARK2/Ada-SPARK-String-Compression,tune,20264003,31,B,string_compression.adb:12 replace variable Write -> Length (if Counts (Index (Write)) < 32 then -> if Counts (Index (Length)) < 32 then),survived,not run (tune),reason,"Length >= I > Write here, so Counts (Length) is 0 (initialised, never written beyond Write): 0 < 32 is true, as the original test always is (see the <= reason)"
compression/SPARK2/Ada-SPARK-String-Compression,tune,20264003,37,C,string_compression.adb:12 actual off-by-one +1 (if Counts (Index (Write)) < 32 then -> if Counts (Index (Write + 1)) < 32 then),survived,not run (tune),reason,"Counts (Write + 1) is 0 (beyond Write, initialised to 0) and Write <= 31 when a 33rd character would be needed: 0 < 32 is always true, as the original test always is"
compression/SPARK2/Ada-SPARK-String-Compression,tune,20264003,38,B,string_compression.adb:11 replace variable Input -> Output (if Write > 0 and then Output (Index (Write)) = Input (Index (I)) then -> if Write > 0 and then Output (Index (Write)) = Output (Index (I)) then),survived,not run (tune),reason,"Output := Input at entry and writes go only to Output (Write) with Write <= I - 1 at iteration I, so Output (I) = Input (I) when it is read"
compression/SPARK2/Ada-SPARK-String-Compression,tune,20264003,39,std,string_compression.adb:15 < -> <= (elsif Write < 32 then -> elsif Write <= 32 then),survived,not run (tune),reason,"Write = 32 at a new run would need a 33rd character (Length <= 32), so the Write < 32 guard is always true; <= 32 / < 33 change only the unreachable case"
compression/SPARK2/Ada-SPARK-String-Compression,tune,20264003,40,alt,string_compression.adb:15 constant 32 -> 33 (elsif Write < 32 then -> elsif Write < 33 then),survived,not run (tune),reason,"Write = 32 at a new run would need a 33rd character (Length <= 32), so the Write < 32 guard is always true; <= 32 / < 33 change only the unreachable case"
compression/SPARK2/Ada-SPARK-String-Compression,held,20264003,48,alt,string_compression.adb:9 constant 0 -> 1 (Counts := [others => 0]; -> Counts := [others => 1];),survived,proved,unspecified output,"unspecified output: Compress has no Post and the README defines only runs 1 .. Output_Length; every Counts (1 .. Write) is written (:= 1 at the start of a run, then incremented), so only Counts beyond Output_Length differ, which no caller may read"
compression/SPARK2/Ada-SPARK-String-Compression,held,20264003,73,B,string_compression.adb:17 replace variable Input -> Output (Output (Index (Write)) := Input (Index (I)); -> Output (Index (Write)) := Output (Index (I));),survived,proved,reason,"Output := Input at entry and writes go only to Output (Write) with Write <= I at iteration I; when Write = I the statement copies Output (I) = Input (I) onto itself, so Output (I) = Input (I) when it is read"
compression/SPARK2/Burrows-Wheeler-Transform,tune,20264004,63,B,burrows_wheeler_transform.adb:30 replace variable Decided -> Less (Decided := True; -> Less := True;),survived,not run (tune),reason,"Less is set True just before; once True it is never set False again, so the result is True whether or not Decided stops the later comparisons"
compression/SPARK2/Burrows-Wheeler-Transform,tune,20264004,105,B,burrows_wheeler_transform.adb:8 loop direction forward -> reverse (for Step in 1 .. Offset loop -> for Step in reverse 1 .. Offset loop),survived,not run (tune),reason,"the loop body does not use Step: it only advances Position Offset times, in either direction of Step"
compression/SPARK2/Burrows-Wheeler-Transform,held,20264004,46,alt,burrows_wheeler_transform.adb:22 constant 1 -> 2 (for Offset in 0 .. Max_Length - 1 loop -> for Offset in 0 .. Max_Length - 2 loop),survived,proved,reason,"two rotations of the same 8-character text have the same multiset of characters, so if they agree on the first 7 characters they agree on the 8th: offset 7 never decides"
compression/SPARK2/Burrows-Wheeler-Transform,held,20264004,62,alt,burrows_wheeler_transform.adb:30 delete statement (Decided := True; -> null;),survived,proved,reason,"Less is set True just before; once True it is never set False again, so the result is True whether or not Decided stops the later comparisons"
geometry/SPARK2/Ada-SPARK-Convex-Hull-Graham,tune,20264005,19,alt,"convex_hull_graham.adb:14 delete statement (Hull := [others => (X => 0, Y => 0)]; -> null;)",survived,not run (tune),unspecified output,"unspecified output: Scan has no Post; Hull (1 .. Top) are written before they are read (pushes write Hull (Top)), so only Hull beyond Hull_Count differs, which no caller may read"
geometry/SPARK2/Ada-SPARK-Convex-Hull-Graham,held,20264005,14,alt,"convex_hull_graham.adb:14 constant 0 -> 1 (Hull := [others => (X => 0, Y => 0)]; -> Hull := [others => (X => 1, Y => 0)];)",survived,proved,unspecified output,"unspecified output: Scan has no Post; Hull (1 .. Top) are written before they are read (pushes write Hull (Top)), so only Hull beyond Hull_Count differs, which no caller may read"
geometry/SPARK2/Ada-SPARK-Convex-Hull-Graham,held,20264005,34,alt,"convex_hull_graham.adb:14 constant 0 -> 1 (Hull := [others => (X => 0, Y => 0)]; -> Hull := [others => (X => 0, Y => 1)];)",survived,proved,unspecified output,"unspecified output: Scan has no Post; Hull (1 .. Top) are written before they are read (pushes write Hull (Top)), so only Hull beyond Hull_Count differs, which no caller may read"
graphs/SPARK2/Ada-SPARK-Number-Of-Islands-DFS,tune,20264006,0,std,"number_of_islands_dfs.adb:24 < -> <= (if R > 1 and then G (R - 1, C) and then not Seen (R - 1, C) and then Top < Stack_Size then -> if R > 1 and then G (R - 1, C) and then not Seen (R - 1, C) and then Top <= Stack_Size then)",survived,not run (tune),reason,"every cell is pushed at most once (marked Seen when pushed) and the start cell is popped first, so Top <= 15 before any push: Top < 16 is always true"
graphs/SPARK2/Ada-SPARK-Number-Of-Islands-DFS,tune,20264006,75,C,"number_of_islands_dfs.adb:25 actual off-by-one +1 (Seen (R - 1, C) := True; Top := Top + 1; Rows (Top) := R - 1; Cols (Top) := C; -> Seen (R - 1, C) := True; Top := Top + 1; Rows (Top) := R - 1; Cols (Top + 1) := C;)",survived,not run (tune),reason,"this is the first push after a pop, so the new Top is the slot just popped, whose Cols entry already holds C; the write to Cols (Top + 1) lands above the stack and is overwritten before any read (Top + 1 <= 16 since Top <= 15)"
graphs/SPARK2/Ada-SPARK-Number-Of-Islands-DFS,held,20264006,37,alt,number_of_islands_dfs.adb:9 constant 1 -> 2 (Rows : Coordinate_Stack := [others => 1]; -> Rows : Coordinate_Stack := [others => 2];),survived,proved,reason,"Rows (1) := Start_R before the loop and every push writes Rows (Top); only entries 1 .. Top are read, so the initial value is never read"
graphs/SPARK2/Ada-SPARK-Number-Of-Islands-DFS,held,20264006,46,B,"number_of_islands_dfs.adb:24 replace variable Top -> Start_C (if R > 1 and then G (R - 1, C) and then not Seen (R - 1, C) and then Top < Stack_Size then -> if R > 1 and then G (R - 1, C) and then not Seen (R - 1, C) and then Start_C < Stack_Size then)",survived,proved,reason,"Start_C <= Grid_Size = 4 < 16, and the original Top < 16 is always true (each cell pushed at most once, Top <= 15 before a push)"
matrices/SPARK2/Ada-SPARK-Gaussian-Elimination,tune,20264007,62,alt,gaussian_elimination.adb:4 constant 0 -> 1 (Result : Reduced_Matrix := [others => [others => 0]]; -> Result : Reduced_Matrix := [others => [others => 1]];),survived,not run (tune),reason,"every entry of Result is assigned before return (row 1 always; row 2 in either branch, (2, 1) := 0 explicitly), so the initial value is never returned"
matrices/SPARK2/Ada-SPARK-Gaussian-Elimination,tune,20264007,76,B,"gaussian_elimination.adb:24 replace variable Augmented -> Result (- Long_Long_Integer (Augmented (Top, C)) * Factor; -> - Long_Long_Integer (Result (Top, C)) * Factor;)",survived,not run (tune),reason,"Factor is Augmented (Bottom, 1); a swap happens only when Augmented (1, 1) = 0, i.e. the new Bottom row has Factor = 0, so the changed term is multiplied by 0. Without a swap Top = 1 and Result (1, C) = Augmented (1, C)"
matrices/SPARK2/Ada-SPARK-Gaussian-Elimination,tune,20264007,77,alt,"gaussian_elimination.adb:21 delete statement (Result (2, 1) := 0; -> null;)",survived,not run (tune),reason,"Result (2, 1) keeps its initial 0, the value the deleted statement assigned"
matrices/SPARK2/Ada-SPARK-Gaussian-Elimination,held,20264007,21,B,gaussian_elimination.adb:12 loop direction forward -> reverse (for C in Column loop -> for C in reverse Column loop),survived,proved,reason,the loop copies independent columns; order does not matter
matrices/SPARK2/Ada-SPARK-Gaussian-Elimination,held,20264007,27,alt,"gaussian_elimination.adb:21 constant 1 -> 2 (Result (2, 1) := 0; -> Result (2, 2) := 0;)",survived,proved,reason,"Result (2, 1) keeps its initial 0, and Result (2, 2) is assigned by the loop that follows"
matrices/SPARK2/Ada-SPARK-Gaussian-Elimination,held,20264007,34,B,gaussian_elimination.adb:17 loop direction forward -> reverse (for C in Column loop -> for C in reverse Column loop),survived,proved,reason,the loop copies independent columns; order does not matter
matrices/SPARK2/Ada-SPARK-Gaussian-Elimination,held,20264007,40,alt,gaussian_elimination.adb:22 constant 2 -> 1 (for C in 2 .. Column'Last loop -> for C in 1 .. Column'Last loop),survived,proved,reason,"column 1 gives Augmented (Bottom, 1) * Pivot - Augmented (Top, 1) * Factor = Factor * Pivot - Pivot * Factor = 0, the value of the explicit Result (2, 1) := 0"
matrices/SPARK2/Ada-SPARK-Gaussian-Elimination,held,20264007,45,B,gaussian_elimination.adb:22 loop direction forward -> reverse (for C in 2 .. Column'Last loop -> for C in reverse 2 .. Column'Last loop),survived,proved,reason,each column of row 2 is computed from the input only; order does not matter
misc/SPARK2/Ada-SPARK-Beautiful-Arrangement,tune,20264010,21,B,beautiful_arrangement.adb:13 loop direction forward -> reverse (for J in Size range 1 .. I - 1 loop -> for J in reverse Size range 1 .. I - 1 loop),survived,not run (tune),reason,the inner loop only looks for any J < I with A (J) = A (I); the order of the search does not change whether one exists
misc/SPARK2/Ada-SPARK-Beautiful-Arrangement,tune,20264010,36,C,beautiful_arrangement.adb:10 mod -> rem (if not (A (I) mod I = 0 or else I mod A (I) = 0) then -> if not (A (I) rem I = 0 or else I mod A (I) = 0) then),survived,not run (tune),reason,A (I) and I are both positive here (A (I) = 0 returns False first): rem and mod agree
misc/SPARK2/Ada-SPARK-Beautiful-Arrangement,held,20264010,22,C,beautiful_arrangement.adb:10 mod -> rem (if not (A (I) mod I = 0 or else I mod A (I) = 0) then -> if not (A (I) mod I = 0 or else I rem A (I) = 0) then),survived,proved,reason,A (I) and I are both positive here (A (I) = 0 returns False first): rem and mod agree
misc/SPARK2/Ada-SPARK-Beautiful-Arrangement,held,20264010,25,B,beautiful_arrangement.adb:6 loop direction forward -> reverse (for I in Size range 1 .. N loop -> for I in reverse Size range 1 .. N loop),survived,proved,reason,"the result is the conjunction of per-index checks, each guarded within its own iteration (A (I) = 0 or > N returns False before the divisions); the order of indices does not change it and no check can raise"
misc/SPARK2/Ada-SPARK-Broken-Calculator,held,20264012,3,C,broken_calculator.adb:16 mod -> rem (if T mod 2 = 1 then -> if T rem 2 = 1 then),survived,proved,reason,T is an Operand (>= 1): rem and mod agree
misc/SPARK2/Ada-SPARK-Combination-Sum-III,tune,20264014,4,C,combination_sum_iii.adb:25 mod -> rem (if Bits mod 2 = 1 then -> if Bits rem 2 = 1 then),survived,not run (tune),reason,Bits is Natural: rem and mod agree
misc/SPARK2/Ada-SPARK-Combination-Sum-III,tune,20264014,21,alt,combination_sum_iii.adb:25 constant 1 -> 0 (if Bits mod 2 = 1 then -> if Bits mod 2 = 0 then),survived,not run (tune),reason,"the mutant counts, for each Mask, the size and sum of its complement; Mask -> 511 - Mask is a bijection of 0 .. 511, so the number of masks whose chosen set has size K and sum N is the same"
misc/SPARK2/Ada-SPARK-Combination-Sum-IV,held,20264015,39,C,combination_sum_iv.adb:13 actual off-by-one -1 (Ways (T) := Ways (T) + Ways (T - 2); -> Ways (T) := Ways (T - 1) + Ways (T - 2);),survived,proved,reason,"Ways (T) was set to Ways (T - 1) on the line before, so Ways (T - 1) + Ways (T - 2) = Ways (T) + Ways (T - 2)"
misc/SPARK2/Ada-SPARK-Combination-Sum-IV,held,20264015,51,alt,combination_sum_iv.adb:9 constant 1 -> 0 (if N >= 1 then -> if N >= 0 then),survived,proved,reason,"for N = 0 the loop 1 .. 0 runs zero times and Ways (0) = 1 is returned, as in the original"
misc/SPARK2/Ada-SPARK-Container-With-Most-Water,tune,20264016,0,std,container_with_most_water.adb:16 < -> <= (if Data (I) < Data (J) then -> if Data (I) <= Data (J) then),survived,not run (tune),reason,on a tie Data (I) = Data (J) both branches give Low = the same height (also when paired with other equivalent changes)
misc/SPARK2/Ada-SPARK-Container-With-Most-Water,tune,20264016,5,std,container_with_most_water.adb:22 > -> >= (if Candidate > Best then -> if Candidate >= Best then),survived,not run (tune),reason,on a tie Candidate = Best the assignment stores the value already held (also when paired with other equivalent changes)
misc/SPARK2/Ada-SPARK-Container-With-Most-Water,tune,20264016,7,ho,container_with_most_water.adb:11+22 > -> >= + > -> >= (exit when I > Length; || if Candidate > Best then -> exit when I >= Length; || if Candidate >= Best then),survived,not run (tune),reason,on a tie Candidate = Best the assignment stores the value already held (also when paired with other equivalent changes)
misc/SPARK2/Ada-SPARK-Container-With-Most-Water,tune,20264016,10,std,container_with_most_water.adb:11 > -> >= (exit when I > Length; -> exit when I >= Length;),survived,not run (tune),reason,"the last index I = Length has no J > I, so exiting at I = Length instead of after it skips only pairs that give no candidate"
misc/SPARK2/Ada-SPARK-Container-With-Most-Water,tune,20264016,12,ho,container_with_most_water.adb:16+22 < -> <= + > -> >= (if Data (I) < Data (J) then || if Candidate > Best then -> if Data (I) <= Data (J) then || if Candidate >= Best then),survived,not run (tune),reason,on a tie Data (I) = Data (J) both branches give Low = the same height (also when paired with other equivalent changes)
misc/SPARK2/Ada-SPARK-Container-With-Most-Water,tune,20264016,15,std,container_with_most_water.adb:14 > -> >= (if J > I then -> if J >= I then),survived,not run (tune),reason,"J = I gives Width 0 and Candidate 0, never > Best >= 0 (also when paired with other equivalent changes)"
misc/SPARK2/Ada-SPARK-Container-With-Most-Water,tune,20264016,17,ho,container_with_most_water.adb:14+16 > -> >= + < -> <= (if J > I then || if Data (I) < Data (J) then -> if J >= I then || if Data (I) <= Data (J) then),survived,not run (tune),reason,on a tie Data (I) = Data (J) both branches give Low = the same height (also when paired with other equivalent changes)
misc/SPARK2/Ada-SPARK-Container-With-Most-Water,held,20264016,1,ho,container_with_most_water.adb:11+16 > -> >= + < -> <= (exit when I > Length; || if Data (I) < Data (J) then -> exit when I >= Length; || if Data (I) <= Data (J) then),survived,proved,reason,"the last index I = Length has no J > I, so exiting at I = Length instead of after it skips only pairs that give no candidate; the paired change (tie in Data (I) < Data (J), or J >= I giving Width 0) is equivalent too"
misc/SPARK2/Ada-SPARK-Container-With-Most-Water,held,20264016,7,ho,container_with_most_water.adb:11+14 > -> >= + > -> >= (exit when I > Length; || if J > I then -> exit when I >= Length; || if J >= I then),survived,proved,reason,"the last index I = Length has no J > I, so exiting at I = Length instead of after it skips only pairs that give no candidate; the paired change (tie in Data (I) < Data (J), or J >= I giving Width 0) is equivalent too"
misc/SPARK2/Ada-SPARK-Design-Underground-System-Lite,held,20264019,10,B,design_underground_system_lite.adb:25 replace variable Matches -> Total (if Matches = 0 then -> if Total = 0 then),survived,proved,reason,Total >= 0 and Total = 0 whenever Matches = 0; when Matches > 0 and Total = 0 both branches return 0 (0 / Matches = 0)
misc/SPARK2/Ada-SPARK-Dutch-National-Flag,tune,20264020,0,std,dutch_national_flag.adb:17 < -> <= (if Result (J) < Result (I) then -> if Result (J) <= Result (I) then),survived,not run (tune),exhaustive,exhaustive: all 3^5 = 243 inputs sort identically (swapping equal values changes nothing)
misc/SPARK2/Ada-SPARK-Dutch-National-Flag,tune,20264020,15,std,dutch_national_flag.adb:16 + 1 -> + 0 (for J in Index range I + 1 .. 5 loop -> for J in Index range I + 0 .. 5 loop),survived,not run (tune),reason,"J = I compares an element with itself: Result (I) < Result (I) is false, no swap"
misc/SPARK2/Ada-SPARK-Dutch-National-Flag,tune,20264020,36,B,dutch_national_flag.adb:17 replace variable Result -> Input (if Result (J) < Result (I) then -> if Input (J) < Result (I) then),survived,not run (tune),exhaustive,exhaustive: all 3^5 = 243 inputs give the sorted array with the mutant
misc/SPARK2/Ada-SPARK-Dutch-National-Flag,held,20264020,38,C,"dutch_national_flag.adb:18 swap first two actuals (Swap (Result (I), Result (J)); -> Swap (Result (J), Result (I));)",survived,proved,reason,Swap exchanges its two in out parameters; the order of the actuals does not matter
misc/SPARK2/Ada-SPARK-Dutch-National-Flag,held,20264020,61,B,dutch_national_flag.adb:16 loop direction forward -> reverse (for J in Index range I + 1 .. 5 loop -> for J in reverse Index range I + 1 .. 5 loop),survived,proved,exhaustive,exhaustive: all 3^5 = 243 inputs give the sorted array with the inner loop reversed
misc/SPARK2/Ada-SPARK-Coin-Change-II,tune,20264013,0,std,coin_change_ii.adb:9 > -> >= (if Left > Count'Last - Right then -> if Left >= Count'Last - Right then),survived,not run (tune),exhaustive,"exhaustive: all 6,400 inputs: Left + Right <= 35, so Left >= 100 - Right is never true, like the original saturation test"
misc/SPARK2/Ada-SPARK-Coin-Change-II,tune,20264013,5,B,coin_change_ii.adb:9 replace variable Left -> Right (if Left > Count'Last - Right then -> if Right > Count'Last - Right then),survived,not run (tune),exhaustive,"exhaustive: all 6,400 inputs (A 0 .. 4, every Coins array of 1 .. 4, N 0 .. 4): every W entry <= 35, so Right > 100 - Right (Right > 50) is never true, like the original saturation test"
misc/SPARK2/Ada-SPARK-Coin-Change-II,tune,20264013,6,C,coin_change_ii.adb:10 'Last +-1 (return Count'Last; -> return Count'Last - 1;),survived,not run (tune),exhaustive,"exhaustive: all 6,400 inputs: every W entry <= 35 < 100, so the saturated return is never reached"
misc/SPARK2/Ada-SPARK-Coin-Change-II,tune,20264013,7,std,coin_change_ii.adb:9 - -> + (if Left > Count'Last - Right then -> if Left > Count'Last + Right then),survived,not run (tune),exhaustive,"exhaustive: all 6,400 inputs: Left + Right <= 35, so Left > 100 + Right is never true, like the original saturation test"
misc/SPARK2/Ada-SPARK-Coin-Change-II,tune,20264013,44,B,coin_change_ii.adb:22 loop direction forward -> reverse (for C in 1 .. N loop -> for C in reverse 1 .. N loop),survived,not run (tune),exhaustive,"exhaustive: all 6,400 inputs give the same W (A) with the coins processed in reverse order (the count of combinations does not depend on the order of the coin types)"
misc/SPARK2/Ada-SPARK-Coin-Change-II,tune,20264013,45,B,coin_change_ii.adb:9 replace variable Right -> Left (if Left > Count'Last - Right then -> if Left > Count'Last - Left then),survived,not run (tune),exhaustive,"exhaustive: all 6,400 inputs: every W entry <= 35, so Left > 50 is never true, like the original saturation test"
misc/SPARK2/Ada-SPARK-Coin-Change-II,held,20264013,3,C,"coin_change_ii.adb:24 swap first two actuals (W (V) := Add (W (V), W (V - Denominations (C))); -> W (V) := Add (W (V - Denominations (C)), W (V));)",survived,proved,exhaustive,"Add is commutative (Left + Right, saturation never reached: all 6,400 inputs keep every W entry <= 35)"
misc/SPARK2/Ada-SPARK-Coin-Change-II,held,20264013,46,C,coin_change_ii.adb:9 'Last +-1 (if Left > Count'Last - Right then -> if Left > Count'Last - 1 - Right then),survived,proved,exhaustive,"exhaustive: all 6,400 inputs: Left + Right <= 35, so Left > 99 - Right is never true, like the original saturation test"
