run,commit,folder,family,seed,baseline,pool,drawn,killed,survived,timeout,stillborn,scored,score,pct,compiler
1,3dc5600e,misc/SPARK2/Ada-SPARK-Binomial-Coefficient,topup higher-order (unseen),20261070,pass,1,1,1,0,0,0,1,1/1,100.0%,GNATMAKE 14.2.0
1,3dc5600e,misc/SPARK2/Ada-SPARK-Combination-Sum,topup higher-order (unseen),20261070,pass,1,1,1,0,0,0,1,1/1,100.0%,GNATMAKE 14.2.0
1,3dc5600e,misc/SPARK2/Ada-SPARK-Combination-Sum-II,topup higher-order (unseen),20261070,pass,1,1,1,0,0,0,1,1/1,100.0%,GNATMAKE 14.2.0
1,3dc5600e,misc/SPARK2/Ada-SPARK-Delete-And-Earn,topup higher-order (unseen),20261070,pass,95,42,30,0,0,12,30,30/30,100.0%,GNATMAKE 14.2.0
1,3dc5600e,misc/SPARK2/Ada-SPARK-Fibonacci-Number,topup higher-order (unseen),20261070,pass,2,2,2,0,0,0,2,2/2,100.0%,GNATMAKE 14.2.0
1,3dc5600e,concurrency/SPARK2/Course-Schedule,topup higher-order (unseen),20261070,pass,95,40,30,0,0,10,30,30/30,100.0%,GNATMAKE 14.2.0
1,3dc5600e,misc/SPARK2/Ada-SPARK-Fisher-Yates-Shuffle,topup higher-order (unseen),20261070,pass,16,16,10,6,0,0,16,10/16,62.5%,GNATMAKE 14.2.0
2,0b4e0523,misc/SPARK2/Ada-SPARK-Binomial-Coefficient,topup var+higher-order (unseen),20261071,pass,44,44,16,1,0,27,17,16/17,94.1%,GNATMAKE 14.2.0
2,0b4e0523,misc/SPARK2/Ada-SPARK-Combination-Sum,topup var+higher-order (unseen),20261071,pass,74,74,23,1,0,50,24,23/24,95.8%,GNATMAKE 14.2.0
2,0b4e0523,misc/SPARK2/Ada-SPARK-Combination-Sum-II,topup var+higher-order (unseen),20261071,pass,74,74,24,0,0,50,24,24/24,100.0%,GNATMAKE 14.2.0
2,0b4e0523,misc/SPARK2/Ada-SPARK-Delete-And-Earn,topup var+higher-order (unseen),20261071,pass,420,420,18,2,0,400,20,18/20,90.0%,GNATMAKE 14.2.0
2,0b4e0523,misc/SPARK2/Ada-SPARK-Fibonacci-Number,topup var+higher-order (unseen),20261071,pass,46,46,25,3,0,18,28,25/28,89.3%,GNATMAKE 14.2.0
2,0b4e0523,concurrency/SPARK2/Course-Schedule,topup var+higher-order (unseen),20261071,pass,764,691,22,8,0,661,30,22/30,73.3%,GNATMAKE 14.2.0
2,0b4e0523,misc/SPARK2/Ada-SPARK-Fisher-Yates-Shuffle,topup var+higher-order (unseen),20261071,pass,170,170,17,1,0,152,18,17/18,94.4%,GNATMAKE 14.2.0
per-folder,0b4e0523,misc/SPARK2/Ada-SPARK-Domino-And-Tromino-Tiling-Lite,topup var+higher-order (unseen),20261165,pass,72,37,30,0,0,7,30,30/30,100.0%,GNATMAKE 14.2.0
per-folder,9e598a51,misc/SPARK2/Ada-SPARK-Factorial,topup var+higher-order (unseen),20261166,pass,12,12,4,0,0,8,4,4/4,100.0%,GNATMAKE 14.2.0
per-folder,9e598a51,misc/SPARK2/Ada-SPARK-Fast-Pow,topup var+higher-order (unseen),20261167,pass,200,35,30,0,0,5,30,30/30,100.0%,GNATMAKE 14.2.0
per-folder,763e10ad,misc/SPARK2/Ada-SPARK-Letter-Combinations-Of-A-Phone-Number,topup var+higher-order (unseen),20261168,pass,900,204,28,2,0,174,30,28/30,93.3%,GNATMAKE 14.2.0
per-folder,6cb5816b,misc/SPARK2/Ada-SPARK-Paint-Fence-Lite,topup var+higher-order (unseen),20261169,pass,1844,193,28,2,0,163,30,28/30,93.3%,GNATMAKE 14.2.0
per-folder,8c79d651,misc/SPARK2/Ada-SPARK-Permutations,topup var+higher-order (unseen),20261172,pass,883,253,29,0,1,223,30,29/30,96.7%,GNATMAKE 14.2.0
per-folder,cac32b31,misc/SPARK2/Ada-SPARK-Permutations-II,topup var+higher-order (unseen),20261173,pass,1639,363,30,0,0,333,30,30/30,100.0%,GNATMAKE 14.2.0
per-folder,79ce60cf,misc/SPARK2/Ada-SPARK-Pow-X-N,topup var+higher-order (unseen),20261174,pass,1664,147,22,8,0,117,30,22/30,73.3%,GNATMAKE 14.2.0
per-folder,37835700,misc/SPARK2/Ada-SPARK-Subsets,topup var+higher-order (unseen),20261175,pass,648,420,25,5,0,390,30,25/30,83.3%,GNATMAKE 14.2.0
per-folder,e772dea2,misc/SPARK2/Ada-SPARK-Subsets-II,topup var+higher-order (unseen),20261176,pass,1349,818,28,2,0,788,30,28/30,93.3%,GNATMAKE 14.2.0
per-folder,a9c716f1,sorting/SPARK2/Ada-SPARK-Count-Sorted-Vowel-Strings,topup var+higher-order (unseen),20261177,pass,883,298,6,24,0,268,30,6/30,20.0%,GNATMAKE 14.2.0
per-folder,ee6cb532,misc/SPARK2/Ada-SPARK-Climbing-Stairs,topup var+higher-order (unseen),20261378,pass,707,108,24,6,0,78,30,24/30,80.0%,GNATMAKE 14.2.0
per-folder,6efb392c,misc/SPARK2/Ada-SPARK-Different-Ways-To-Add-Parentheses-Lite,topup var+higher-order (unseen),20261179,pass,2647,311,26,4,0,281,30,26/30,86.7%,GNATMAKE 14.2.0
per-folder,8e588edf,misc/SPARK2/Ada-SPARK-House-Robber-III-Lite,topup var+higher-order (unseen),20261180,pass,1653,1263,21,9,0,1233,30,21/30,70.0%,GNATMAKE 14.2.0
per-folder,291457f1,misc/SPARK2/Ada-SPARK-Get-Maximum-In-Generated-Array,topup var+higher-order (unseen),20261182,pass,97,97,19,1,0,77,20,19/20,95.0%,GNATMAKE 14.2.0
per-folder,8080c201,misc/SPARK2/Ada-SPARK-Integer-Break,topup var+higher-order (unseen),20261181,pass,2371,360,16,14,0,330,30,16/30,53.3%,GNATMAKE 14.2.0
per-folder,080ca91b,misc/SPARK2/Ada-SPARK-Ugly-Number-II,topup var+higher-order (unseen),20261183,pass,3342,234,17,13,0,204,30,17/30,56.7%,GNATMAKE 14.2.0
per-folder,0ba66666,misc/SPARK2/Ada-SPARK-Sigmoid,topup var+higher-order (unseen),20261184,pass,110,57,30,0,0,27,30,30/30,100.0%,GNATMAKE 14.2.0
per-folder,4098578b,misc/SPARK4/Ada-SPARK-Lemke-Howson,topup var+higher-order (unseen),20261185,pass,7413,188,27,3,0,158,30,27/30,90.0%,GNATMAKE 14.2.0
