folder,file,subprogram,killed,total,score,justified_equivalent,flag,sources
compression/SPARK2/Ada-SPARK-Compress-String,compress_string.adb,Compressed_Length,5,8,62%,0,,mutation_tr_detail.csv
compression/SPARK2/Ada-SPARK-Interleaving-String,interleaving_string.adb,(package level),5,5,100%,0,,mutation_tr_detail.csv
compression/SPARK2/Ada-SPARK-Run-Length-Encoding,run_length_encoding.adb,Number_Of_Runs,8,8,100%,0,,mutation_tr_detail.csv
compression/SPARK2/Ada-SPARK-String-Compression,string_compression.adb,(package level),2,2,100%,0,,mutation_tr_detail.csv
compression/SPARK2/Burrows-Wheeler-Transform,burrows_wheeler_transform.adb,(package level),2,2,100%,0,,mutation_tr_detail.csv
compression/SPARK2/Burrows-Wheeler-Transform,burrows_wheeler_transform.adb,Rotation_Less,1,1,100%,0,,mutation_tr_detail.csv
compression/SPARK3/Huffman-Coding,huffman_coding.adb,Count_Frequencies,2,2,100%,0,,mutation_tr_detail.csv
compression/SPARK3/Huffman-Coding,huffman_coding.adb,Distinct_Count,2,3,66%,0,,mutation_tr_detail.csv
geometry/Ada/Bresenhams-Line-Algorithm,bresenham.adb,(package level),5,8,62%,0,,mutation_detail.csv
geometry/Ada/Liang-Barsky,liang_barsky.adb,(package level),59,62,95%,2,,m_lb_detail.csv
geometry/Ada/Liang-Barsky,liang_barsky.adb,Clamp,0,2,0%,1,unchecked,m_lb_detail.csv
geometry/Ada/Liang-Barsky,liang_barsky.adb,Compute_Outcode,4,4,100%,0,,m_lb_detail.csv
geometry/Ada/Liang-Barsky,liang_barsky.adb,Dot,3,3,100%,0,,m_lb_detail.csv
geometry/Ada/Liang-Barsky,liang_barsky.adb,Is_Valid_Window,3,3,100%,0,,m_lb_detail.csv
geometry/Ada/Liang-Barsky,liang_barsky.adb,Length,4,4,100%,0,,m_lb_detail.csv
geometry/Ada/Liang-Barsky,liang_barsky.adb,Make_Window,0,3,0%,3,unchecked (all survivors justified equivalent),m_lb_detail.csv
geometry/Ada/Liang-Barsky,liang_barsky.adb,Near,2,2,100%,0,,m_lb_detail.csv
geometry/Ada/Liang-Barsky,liang_barsky.adb,Near_Point,1,1,100%,0,,m_lb_detail.csv
geometry/Ada/Liang-Barsky,liang_barsky.adb,Sqrt_Safe,0,1,0%,1,unchecked (all survivors justified equivalent),m_lb_detail.csv
geometry/SPARK2/Ada-SPARK-Convex-Hull-Graham,convex_hull_graham.adb,(package level),4,4,100%,0,,mutation_tr_detail.csv
geometry/SPARK2/Ada-SPARK-Convex-Hull-Graham,convex_hull_graham.adb,Turn,1,1,100%,0,,mutation_tr_detail.csv
geometry/SPARK2/Ada-SPARK-Point-In-Polygon,point_in_polygon.adb,(package level),4,4,100%,0,,mutation_tr_detail.csv
graphs/SPARK2/Ada-SPARK-Find-If-Path-Exists-In-Graph,find_if_path_exists_in_graph.adb,Path_Exists,7,8,87%,0,,mutation_tr_detail.csv
graphs/SPARK2/Ada-SPARK-Is-Graph-Bipartite,is_graph_bipartite.adb,Is_Bipartite,5,5,100%,0,,mutation_detail.csv
graphs/SPARK2/Ada-SPARK-Number-Of-Islands-DFS,number_of_islands_dfs.adb,(package level),8,9,88%,0,,mutation_tr_detail.csv
graphs/SPARK2/Ada-SPARK-Number-Of-Islands-DFS,number_of_islands_dfs.adb,Start,1,1,100%,0,,mutation_tr_detail.csv
graphs/SPARK2/Bellman-Ford-Algorithm,bellman_ford_algorithm.adb,Compute,2,13,15%,0,,mutation_tr_detail.csv
hashing/Ada/Geohash,geohash.adb,(package level),31,31,100%,0,,m_gh_detail.csv
hashing/Ada/Geohash,geohash.adb,Bit_On,1,1,100%,0,,m_gh_detail.csv
hashing/Ada/Geohash,geohash.adb,Char_Index,2,2,100%,0,,m_gh_detail.csv
hashing/Ada/Geohash,geohash.adb,Clamp_Latitude,0,2,0%,0,unchecked,m_gh_detail.csv
hashing/Ada/Geohash,geohash.adb,Clamp_Lon_Bound,0,2,0%,1,unchecked,m_gh_detail.csv
hashing/Ada/Geohash,geohash.adb,Common_Prefix_Length,7,7,100%,0,,m_gh_detail.csv
hashing/Ada/Geohash,geohash.adb,Decode,2,2,100%,0,,m_gh_detail.csv
hashing/Ada/Geohash,geohash.adb,Decode_BBox,2,2,100%,0,,m_gh_detail.csv
hashing/Ada/Geohash,geohash.adb,Is_Valid_Hash,4,4,100%,0,,m_gh_detail.csv
hashing/Ada/Geohash,geohash.adb,Near,2,2,100%,0,,m_gh_detail.csv
hashing/Ada/Geohash,geohash.adb,Normalize_Longitude,5,5,100%,0,,m_gh_detail.csv
hashing/Ada/Geohash,geohash.adb,Store,3,3,100%,0,,m_gh_detail.csv
hashing/SPARK2/Ada-SPARK-Zobrist-Hashing,zobrist_hashing.adb,(package level),0,5,0%,0,unchecked,mutation_tr_detail.csv
hashing/SPARK2/Ada-SPARK-Zobrist-Hashing,zobrist_hashing.adb,Hash,1,1,100%,0,,mutation_tr_detail.csv
logic/Ada/DPLL,dpll.adb,(package level),3,4,75%,0,,mutation_tr_detail.csv
logic/Ada/DPLL,dpll.adb,Expect_Token,1,1,100%,0,,mutation_tr_detail.csv
logic/Ada/DPLL,dpll.adb,Is_Positive,0,1,0%,0,unchecked,mutation_tr_detail.csv
logic/Ada/DPLL,dpll.adb,Lit_Is_False,1,1,100%,0,,mutation_tr_detail.csv
logic/Ada/DPLL,dpll.adb,Lit_Is_True,1,1,100%,0,,mutation_tr_detail.csv
logic/Ada/DPLL,dpll.adb,Model_Satisfies,2,2,100%,0,,mutation_tr_detail.csv
logic/Ada/DPLL,dpll.adb,Parse_Int,3,3,100%,0,,mutation_tr_detail.csv
logic/Ada/DPLL,dpll.adb,Skip_Line,2,2,100%,0,,mutation_tr_detail.csv
logic/Ada/DPLL,dpll.adb,Skip_Spaces,3,3,100%,0,,mutation_tr_detail.csv
matrices/SPARK2/Ada-SPARK-Gaussian-Elimination,gaussian_elimination.adb,Eliminate,4,4,100%,0,,mutation_tr_detail.csv
matrices/SPARK2/Ada-SPARK-Lucky-Numbers-In-A-Matrix,lucky_numbers.adb,Find,2,3,66%,0,,mutation_tr_detail.csv
matrices/SPARK2/Ada-SPARK-Matrix-Cells-In-Distance-Order,matrix_cells_in_distance_order.adb,Manhattan,3,5,60%,0,,mutation_tr_detail.csv
matrices/SPARK2/Ada-SPARK-Matrix-Cells-In-Distance-Order,matrix_cells_in_distance_order.adb,Order_From,7,8,87%,0,,mutation_tr_detail.csv
matrices/SPARK2/Ada-SPARK-Num-Matrix-Block-Sum,num_matrix_block_sum.adb,Block_Sum,5,5,100%,0,,mutation_tr_detail.csv
matrices/SPARK2/Ada-SPARK-Num-Matrix-Block-Sum,num_matrix_block_sum.adb,In_Block,8,10,80%,0,,mutation_tr_detail.csv
misc/Ada/Chinese-Whispers,chinese_whispers.adb,(package level),6,7,85%,0,,mutation_detail.csv
misc/Ada/Chinese-Whispers,chinese_whispers.adb,Is_Permutation,1,1,100%,0,,mutation_detail.csv
misc/Ada/Dice-Coefficient,dice_coefficient.adb,(package level),6,6,100%,0,,m_dc_detail.csv
misc/Ada/Dice-Coefficient,dice_coefficient.adb,Bigram_Count,3,3,100%,0,,m_dc_detail.csv
misc/Ada/Dice-Coefficient,dice_coefficient.adb,Check_Len,1,1,100%,0,,m_dc_detail.csv
misc/Ada/Dice-Coefficient,dice_coefficient.adb,Coefficient,8,9,88%,1,,m_dc_detail.csv
misc/Ada/Dice-Coefficient,dice_coefficient.adb,Intersection_Size,2,2,100%,0,,m_dc_detail.csv
misc/Ada/Dice-Coefficient,dice_coefficient.adb,Member,1,1,100%,0,,m_dc_detail.csv
misc/Ada/Dice-Coefficient,dice_coefficient.adb,Shared_Bigrams,2,3,66%,1,,m_dc_detail.csv
misc/Ada/Dice-Coefficient,dice_coefficient.adb,Unique_Bigram_Count,1,1,100%,0,,m_dc_detail.csv
misc/Ada/Dice-Coefficient,dice_coefficient.adb,Window,5,5,100%,0,,m_dc_detail.csv
misc/Ada/Golomb-Coding,golomb_coding.adb,Ceiling_Log2,1,1,100%,0,,mutation_detail.csv
misc/Ada/Golomb-Coding,golomb_coding.adb,Decode_Golomb,2,2,100%,0,,mutation_detail.csv
misc/Ada/Golomb-Coding,golomb_coding.adb,Decode_Signed_Golomb_Exact,1,1,100%,0,,mutation_detail.csv
misc/Ada/Golomb-Coding,golomb_coding.adb,Decode_Truncated_Binary,1,1,100%,0,,mutation_detail.csv
misc/Ada/Golomb-Coding,golomb_coding.adb,Encode_Golomb,1,1,100%,0,,mutation_detail.csv
misc/Ada/Golomb-Coding,golomb_coding.adb,Encode_Signed_Golomb,0,1,0%,0,unchecked,mutation_detail.csv
misc/Ada/Golomb-Coding,golomb_coding.adb,Int_To_Binary_String,1,1,100%,0,,mutation_detail.csv
misc/Ada/Integer-Factorization,integer_factorization.adb,(package level),14,17,82%,2,,m_if3_detail.csv
misc/Ada/Integer-Factorization,integer_factorization.adb,Ceil_Sqrt,4,4,100%,0,,m_if3_detail.csv
misc/Ada/Integer-Factorization,integer_factorization.adb,Factor_From_Congruence,0,1,0%,1,unchecked (all survivors justified equivalent),m_if3_detail.csv
misc/Ada/Integer-Factorization,integer_factorization.adb,Factorize,7,7,100%,0,,m_if3_detail.csv
misc/Ada/Integer-Factorization,integer_factorization.adb,Factorize_Trial,5,5,100%,0,,m_if3_detail.csv
misc/Ada/Integer-Factorization,integer_factorization.adb,Factors_From_Congruence,1,1,100%,0,,m_if3_detail.csv
misc/Ada/Integer-Factorization,integer_factorization.adb,Floor_Sqrt,6,6,100%,0,,m_if3_detail.csv
misc/Ada/Integer-Factorization,integer_factorization.adb,Floor_Sqrt_128,2,3,66%,1,,m_if3_detail.csv
misc/Ada/Integer-Factorization,integer_factorization.adb,Is_Perfect_Square,2,2,100%,0,,m_if3_detail.csv
misc/Ada/Integer-Factorization,integer_factorization.adb,Is_Prime_Trial,4,4,100%,0,,m_if3_detail.csv
misc/Ada/Integer-Factorization,integer_factorization.adb,Is_Trivial_Pair,2,2,100%,0,,m_if3_detail.csv
misc/Ada/Integer-Factorization,integer_factorization.adb,Mul_Mod,2,2,100%,0,,m_if3_detail.csv
misc/Ada/Integer-Factorization,integer_factorization.adb,Small_Trial_Factor,2,3,66%,1,,m_if3_detail.csv
misc/Ada/Integer-Factorization,integer_factorization.adb,Smallest_Prime_Factor,3,3,100%,0,,m_if3_detail.csv
misc/Ada/Knuth-Bendix-Completion,knuth_bendix_completion.adb,(package level),1,3,33%,0,,mutation_detail.csv
misc/Ada/Knuth-Bendix-Completion,knuth_bendix_completion.adb,One_Way,0,1,0%,0,unchecked,mutation_detail.csv
misc/Ada/Knuth-Bendix-Completion,knuth_bendix_completion.adb,Rule_Equal,1,1,100%,0,,mutation_detail.csv
misc/Ada/Knuth-Bendix-Completion,knuth_bendix_completion.adb,Sub,2,2,100%,0,,mutation_detail.csv
misc/Ada/Knuth-Bendix-Completion,knuth_bendix_completion.adb,Suffix,1,1,100%,0,,mutation_detail.csv
misc/Ada/Nonlinear-Optimization,nonlinear_optimization.adb,(package level),4,5,80%,0,,mutation_detail.csv
misc/Ada/Nonlinear-Optimization,nonlinear_optimization.adb,Armijo_Accept,1,1,100%,0,,mutation_detail.csv
misc/Ada/Nonlinear-Optimization,nonlinear_optimization.adb,Mat_Vec,1,1,100%,0,,mutation_detail.csv
misc/Ada/Nonlinear-Optimization,nonlinear_optimization.adb,Rosenbrock,1,1,100%,0,,mutation_detail.csv
misc/Ada/Poly1305,poly1305.adb,Final,10,13,76%,2,,m_poly_detail.csv
misc/Ada/Poly1305,poly1305.adb,Init,4,4,100%,0,,m_poly_detail.csv
misc/Ada/Poly1305,poly1305.adb,Process_Block,34,34,100%,0,,m_poly_detail.csv
misc/Ada/Poly1305,poly1305.adb,To_U32,2,2,100%,0,,m_poly_detail.csv
misc/Ada/Poly1305,poly1305.adb,Update,5,7,71%,2,,m_poly_detail.csv
misc/Ada/Polynomial-Long-Division,polynomial_long_division.adb,(package level),1,1,100%,0,,mutation_detail.csv
misc/Ada/Polynomial-Long-Division,polynomial_long_division.adb,Equal,1,1,100%,0,,mutation_detail.csv
misc/Ada/Polynomial-Long-Division,polynomial_long_division.adb,Gcd_Nat,1,1,100%,0,,mutation_detail.csv
misc/Ada/Polynomial-Long-Division,polynomial_long_division.adb,Leading_Coefficient,1,1,100%,0,,mutation_detail.csv
misc/Ada/Polynomial-Long-Division,polynomial_long_division.adb,Mul,0,1,0%,0,unchecked,mutation_detail.csv
misc/Ada/Polynomial-Long-Division,polynomial_long_division.adb,Trim,3,3,100%,0,,mutation_detail.csv
misc/Ada/Quine-McCluskey-Algorithm,quine_mccluskey.adb,(package level),2,3,66%,1,,m_qm_detail.csv
misc/Ada/Quine-McCluskey-Algorithm,quine_mccluskey.adb,Count_Ones,3,3,100%,0,,m_qm_detail.csv
misc/Ada/Quine-McCluskey-Algorithm,quine_mccluskey.adb,Covers,3,3,100%,0,,m_qm_detail.csv
misc/Ada/Quine-McCluskey-Algorithm,quine_mccluskey.adb,Differs_By_One,5,5,100%,0,,m_qm_detail.csv
misc/Ada/Quine-McCluskey-Algorithm,quine_mccluskey.adb,Merge,1,1,100%,0,,m_qm_detail.csv
misc/Ada/Quine-McCluskey-Algorithm,quine_mccluskey.adb,Recursive_Search,2,4,50%,1,,m_qm_detail.csv
misc/Ada/Quine-McCluskey-Algorithm,quine_mccluskey.adb,Solve_Chart,9,12,75%,3,,m_qm_detail.csv
misc/Ada/Quine-McCluskey-Algorithm,quine_mccluskey.adb,To_Binary,1,1,100%,0,,m_qm_detail.csv
misc/Ada/Quine-McCluskey-Algorithm,quine_mccluskey.adb,Validate_Inputs,5,5,100%,0,,m_qm_detail.csv
misc/Ada/Replicator-Equation,replicator_equation.adb,(package level),1,3,33%,0,,mutation_detail.csv
misc/Ada/Replicator-Equation,replicator_equation.adb,Average_Fitness,1,1,100%,0,,mutation_detail.csv
misc/Ada/Replicator-Equation,replicator_equation.adb,Calculate_Fitness,2,2,100%,0,,mutation_detail.csv
misc/Ada/Replicator-Equation,replicator_equation.adb,Normalize,1,1,100%,0,,mutation_detail.csv
misc/Ada/Replicator-Equation,replicator_equation.adb,Step_Discrete,1,1,100%,0,,mutation_detail.csv
misc/Ada/Truncated-Binary-Exponential-Backoff,truncated_binary_exponential_backoff.adb,(package level),11,14,78%,2,,m_tb_detail.csv
misc/Ada/Truncated-Binary-Exponential-Backoff,truncated_binary_exponential_backoff.adb,Power,1,1,100%,0,,m_tb_detail.csv
misc/Ada/Truncated-Binary-Exponential-Backoff,truncated_binary_exponential_backoff.adb,Validate_Ceiling,1,1,100%,0,,m_tb_detail.csv
misc/Ada/Truncated-Binary-Exponential-Backoff,truncated_binary_exponential_backoff.adb,Validate_Config,2,2,100%,0,,m_tb_detail.csv
misc/Ada/Unicode-Collation-Algorithm,unicode_collation.adb,Compare_Weights,4,4,100%,0,,m_uca2_detail.csv
misc/Ada/Unicode-Collation-Algorithm,unicode_collation.adb,Extract_Level_Weights,3,3,100%,0,,m_uca2_detail.csv
misc/Ada/Unicode-Collation-Algorithm,unicode_collation.adb,Get_Default_Table,1,2,50%,1,,m_uca2_detail.csv
misc/Ada/Unicode-Collation-Algorithm,unicode_collation.adb,Get_Weights,2,2,100%,0,,m_uca2_detail.csv
misc/SPARK2/Ada-SPARK-3Sum-Closest,three_sum_closest.adb,(package level),4,4,100%,0,,mutation_tr_detail.csv
misc/SPARK2/Ada-SPARK-3Sum-Closest,three_sum_closest.adb,Distance,2,3,66%,0,,mutation_tr_detail.csv
misc/SPARK2/Ada-SPARK-Add-Binary,add_binary.adb,Add,9,9,100%,0,,mutation_tr_detail.csv
misc/SPARK2/Ada-SPARK-Add-Without-Plus,add_without_plus.adb,Add,10,11,90%,0,,mutation_tr_detail.csv
misc/SPARK2/Ada-SPARK-Adler32,adler32.adb,Compute,2,2,100%,0,,mutation_tr_detail.csv
misc/SPARK2/Ada-SPARK-Arranging-Coins,arranging_coins.adb,Full_Rows,3,3,100%,0,,mutation_tr_detail.csv
misc/SPARK2/Ada-SPARK-Basic-Calculator-II,basic_calculator_ii.adb,Evaluate,3,3,100%,0,,mutation_tr_detail.csv
misc/SPARK2/Ada-SPARK-Beautiful-Arrangement,beautiful_arrangement.adb,Is_Beautiful,7,7,100%,0,,mutation_tr_detail.csv
misc/SPARK2/Ada-SPARK-Best-Time-To-Buy-And-Sell-Stock,best_time_to_buy_and_sell_stock.adb,Max_Profit,1,1,100%,0,,mutation_tr_detail.csv
misc/SPARK2/Ada-SPARK-Best-Time-To-Buy-And-Sell-Stock-With-Cooldownoldown,best_time_to_buy_and_sell_stock_with_cooldownoldown.adb,Max_Profit,3,6,50%,0,,mutation_tr_detail.csv
misc/SPARK2/Ada-SPARK-Binary-Watch,binary_watch.adb,Is_Valid,1,1,100%,0,,mutation_tr_detail.csv
misc/SPARK2/Ada-SPARK-Binary-Watch,binary_watch.adb,To_Minutes,2,2,100%,0,,mutation_tr_detail.csv
misc/SPARK2/Ada-SPARK-Broken-Calculator,broken_calculator.adb,Minimum_Operations,6,6,100%,0,,mutation_tr_detail.csv
misc/SPARK2/Ada-SPARK-Bulb-Switcher,bulb_switcher.adb,Switched_On,4,4,100%,0,,mutation_tr_detail.csv
misc/SPARK2/Ada-SPARK-Capacity-To-Ship-Packages,capacity_to_ship_packages.adb,Minimum_Capacity,4,5,80%,0,,mutation_tr_detail.csv
misc/SPARK2/Ada-SPARK-Car-Pooling,car_pooling.adb,Feasible,5,5,100%,0,,mutation_tr_detail.csv
misc/SPARK2/Ada-SPARK-Cheapest-Flights-Within-K-Stops,cheapest_flights_within_k_stops.adb,(package level),1,5,20%,0,,mutation_tr_detail.csv
misc/SPARK2/Ada-SPARK-Check-If-Number-Is-A-Sum-Of-Powers-Of-Three,sum_powers_three.adb,Is_Sum_Of_Powers_Of_Three,1,1,100%,0,,mutation_tr_detail.csv
misc/SPARK2/Ada-SPARK-Circular-Queue,circular_queue.adb,Initialize,8,9,88%,0,,mutation_tr_detail.csv
misc/SPARK2/Ada-SPARK-Coin-Change-II,coin_change_ii.adb,Add,0,1,0%,0,unchecked,mutation_tr_detail.csv
misc/SPARK2/Ada-SPARK-Combination-Sum-III,combination_sum_iii.adb,Count_Choices,4,4,100%,0,,mutation_tr_detail.csv
misc/SPARK2/Ada-SPARK-Combination-Sum-III,combination_sum_iii.adb,Feasible,5,5,100%,0,,mutation_tr_detail.csv
misc/SPARK2/Ada-SPARK-Combination-Sum-IV,combination_sum_iv.adb,Count_Ordered_Ways,9,9,100%,0,,mutation_tr_detail.csv
misc/SPARK2/Ada-SPARK-Container-With-Most-Water,container_with_most_water.adb,Max_Area,1,3,33%,0,,mutation_tr_detail.csv
misc/SPARK2/Ada-SPARK-Convert-Binary-Number-In-A-Linked-List-To-Integer,convert_binary_number_in_a_linked_list_to_integer.adb,Append,2,3,66%,0,,mutation_tr_detail.csv
misc/SPARK2/Ada-SPARK-Convert-Binary-Number-In-A-Linked-List-To-Integer,convert_binary_number_in_a_linked_list_to_integer.adb,To_Integer,7,8,87%,0,,mutation_tr_detail.csv
misc/SPARK2/Ada-SPARK-Copy-List-With-Random-Pointer-Lite,copy_list_with_random_pointer_lite.adb,Append,2,3,66%,0,,mutation_tr_detail.csv
misc/SPARK2/Ada-SPARK-Count-And-Say-Stub,count_and_say_stub.adb,(package level),15,18,83%,0,,mutation_tr_detail.csv
misc/SPARK2/Ada-SPARK-Count-Odd-Numbers-In-An-Interval,count_odd_numbers.adb,Count,7,7,100%,0,,mutation_tr_detail.csv
misc/SPARK2/Ada-SPARK-Count-Of-Smaller-Numbers-After-Self-Lite,count_smaller_after_self.adb,Count,4,5,80%,0,,mutation_tr_detail.csv
misc/SPARK2/Ada-SPARK-Counting-Bits,counting_bits.adb,Ones,2,2,100%,0,,mutation_tr_detail.csv
misc/SPARK2/Ada-SPARK-Covariance,covariance.adb,Value,10,10,100%,0,,mutation_tr_detail.csv
misc/SPARK2/Ada-SPARK-Decode-Ways,decode_ways.adb,Count,3,3,100%,0,,mutation_tr_detail.csv
misc/SPARK2/Ada-SPARK-Delete-Node-In-A-Linked-List,delete_node_in_a_linked_list.adb,Append,2,3,66%,0,,mutation_tr_detail.csv
misc/SPARK2/Ada-SPARK-Delete-Node-In-A-Linked-List,delete_node_in_a_linked_list.adb,Delete_At,5,7,71%,0,,mutation_tr_detail.csv
misc/SPARK2/Ada-SPARK-Delete-The-Middle-Node,delete_the_middle_node.adb,Append,2,3,66%,0,,mutation_tr_detail.csv
misc/SPARK2/Ada-SPARK-Delete-The-Middle-Node,delete_the_middle_node.adb,Delete_Middle,3,5,60%,0,,mutation_tr_detail.csv
misc/SPARK2/Ada-SPARK-Delta-Encoding,delta_encoding.adb,Net_Delta,1,1,100%,0,,mutation_tr_detail.csv
misc/SPARK2/Ada-SPARK-Design-Bitset,design_bitset.adb,Initialize,3,4,75%,0,,mutation_tr_detail.csv
misc/SPARK2/Ada-SPARK-Design-Number-Container-System,design_number_container_system.adb,Initialize,5,5,100%,0,,mutation_tr_detail.csv
misc/SPARK2/Ada-SPARK-Design-Underground-System-Lite,design_underground_system_lite.adb,(package level),5,5,100%,0,,mutation_tr_detail.csv
misc/SPARK2/Ada-SPARK-Dutch-National-Flag,dutch_national_flag.adb,Sort,1,3,33%,0,,mutation_tr_detail.csv
misc/SPARK2/Ada-SPARK-Elevator-Algorithm,elevator_algorithm.adb,Move_One_Step,6,6,100%,0,,mutation_tr_detail.csv
misc/SPARK2/Ada-SPARK-Excel-Sheet-Column-Title,excel_sheet_column_title.adb,Title,6,6,100%,0,,mutation_detail.csv
misc/SPARK2/Ada-SPARK-Excel-Sheet-Column-Title,excel_sheet_column_title.adb,To_Letter,2,2,100%,0,,mutation_detail.csv
misc/SPARK2/Ada-SPARK-Fibonacci-DP,fibonacci_dp.adb,Add_Bounded,1,3,33%,2,,sweep_mutation_B_detail.csv
misc/SPARK2/Ada-SPARK-Fibonacci-DP,fibonacci_dp.adb,Compute,2,2,100%,0,,sweep_mutation_B_detail.csv
misc/SPARK2/Ada-SPARK-Find-Median-From-Data-Stream,find_median_from_data_stream.adb,Median,4,6,66%,0,,mutation_tr_detail.csv
misc/SPARK2/Ada-SPARK-Find-The-Smallest-Divisor,find_the_smallest_divisor.adb,Smallest_Divisor,2,4,50%,0,,mutation_tr_detail.csv
misc/SPARK2/Ada-SPARK-Group-Anagrams,group_anagrams.adb,Same_Anagram,5,5,100%,0,,mutation_tr_detail.csv
misc/SPARK2/Ada-SPARK-Hamming-Weight,hamming_weight.adb,Weight,3,3,100%,0,,mutation_tr_detail.csv
misc/SPARK2/Ada-SPARK-House-Robber,house_robber.adb,Maximum,1,1,100%,0,,mutation_tr_detail.csv
misc/SPARK2/Ada-SPARK-House-Robber-II,house_robber_ii.adb,Maximum,5,6,83%,1,,sweep_mutation_B_detail.csv
misc/SPARK2/Ada-SPARK-Image-Smoother,image_smoother.adb,Smooth,18,18,100%,0,,mutation_tr_detail.csv
misc/SPARK2/Ada-SPARK-Intersection-Of-Two-Linked-Lists,intersection_of_two_linked_lists.adb,Append,2,3,66%,0,,mutation_tr_detail.csv
misc/SPARK2/Ada-SPARK-Intersection-Of-Two-Linked-Lists,intersection_of_two_linked_lists.adb,Common_Suffix_Length,5,8,62%,0,,mutation_tr_detail.csv
misc/SPARK2/Ada-SPARK-Jump-Game,jump_game.adb,Can_Jump,2,3,66%,0,,mutation_tr_detail.csv
misc/SPARK2/Ada-SPARK-Knapsack-01,knapsack_01.adb,(package level),2,3,66%,0,,mutation_tr_detail.csv
misc/SPARK2/Ada-SPARK-LFU-Cache-Lite,lfu_cache_lite.adb,Find,1,1,100%,0,,mutation_tr_detail.csv
misc/SPARK2/Ada-SPARK-LFU-Cache-Lite,lfu_cache_lite.adb,Length,3,4,75%,0,,mutation_tr_detail.csv
misc/SPARK2/Ada-SPARK-LFU-Cache-Lite,lfu_cache_lite.adb,Put,2,2,100%,0,,mutation_tr_detail.csv
misc/SPARK2/Ada-SPARK-LRU-Cache-Lite,lru_cache_lite.adb,Length,2,2,100%,0,,mutation_tr_detail.csv
misc/SPARK2/Ada-SPARK-LRU-Cache-Lite,lru_cache_lite.adb,Put,1,1,100%,0,,mutation_tr_detail.csv
misc/SPARK2/Ada-SPARK-Largest-Rectangle-In-Histogram,largest_rectangle_in_histogram.adb,Max_Area,2,2,100%,0,,mutation_tr_detail.csv
misc/SPARK2/Ada-SPARK-Least-Common-Multiple,least_common_multiple.adb,GCD,1,1,100%,0,,mutation_tr_detail.csv
misc/SPARK2/Ada-SPARK-Longest-Increasing-Subsequence,longest_increasing_subsequence.adb,Add_One,2,2,100%,0,,mutation_tr_detail.csv
misc/SPARK2/Ada-SPARK-Longest-Increasing-Subsequence,longest_increasing_subsequence.adb,Compute,2,6,33%,0,,mutation_tr_detail.csv
misc/SPARK2/Ada-SPARK-Longest-Ones,longest_ones.adb,Find,7,8,87%,0,,mutation_tr_detail.csv
misc/SPARK2/Ada-SPARK-Longest-Palindromic-Subsequence,longest_palindromic_subsequence.adb,Increment,1,2,50%,0,,mutation_tr_detail.csv
misc/SPARK2/Ada-SPARK-Longest-Palindromic-Subsequence,longest_palindromic_subsequence.adb,Longest_Length,3,4,75%,0,,mutation_tr_detail.csv
misc/SPARK2/Ada-SPARK-Longest-Word-In-Dictionary,longest_word_in_dictionary.adb,Complete,1,2,50%,0,,mutation_tr_detail.csv
misc/SPARK2/Ada-SPARK-Longest-Word-In-Dictionary,longest_word_in_dictionary.adb,Longest_Length,0,1,0%,0,unchecked,mutation_tr_detail.csv
misc/SPARK2/Ada-SPARK-Longest-Word-In-Dictionary,longest_word_in_dictionary.adb,Same,2,2,100%,0,,mutation_tr_detail.csv
misc/SPARK2/Ada-SPARK-Majority-Element,majority_element.adb,Find,5,7,71%,0,,mutation_tr_detail.csv
misc/SPARK2/Ada-SPARK-Max-Product-Subarray,max_product_subarray.adb,Compute,3,8,37%,0,,mutation_tr_detail.csv
misc/SPARK2/Ada-SPARK-Maximal-Square,maximal_square.adb,(package level),3,3,100%,0,,mutation_tr_detail.csv
misc/SPARK2/Ada-SPARK-Maximal-Square,maximal_square.adb,All_4,2,2,100%,0,,mutation_tr_detail.csv
misc/SPARK2/Ada-SPARK-Maximal-Square,maximal_square.adb,Any_1,3,3,100%,0,,mutation_tr_detail.csv
misc/SPARK2/Ada-SPARK-Maximum-Ice-Cream-Bars,maximum_ice_cream_bars.adb,Bars_Bought,0,1,0%,0,unchecked,mutation_tr_detail.csv
misc/SPARK2/Ada-SPARK-Maximum-Points-You-Can-Obtain-From-Cards,maximum_points_you_can_obtain_from_cards.adb,Max_Points,7,9,77%,0,,mutation_tr_detail.csv
misc/SPARK2/Ada-SPARK-Maximum-Product-Subarray,maximum_product_subarray.adb,Multiply,1,3,33%,0,,mutation_tr_detail.csv
misc/SPARK2/Ada-SPARK-Maximum-Subarray,maximum_subarray.adb,Add,1,3,33%,0,,mutation_tr_detail.csv
misc/SPARK2/Ada-SPARK-Maximum-Twin-Sum-Of-A-Linked-List,maximum_twin_sum_of_a_linked_list.adb,Append,2,3,66%,0,,mutation_tr_detail.csv
misc/SPARK2/Ada-SPARK-Maximum-Twin-Sum-Of-A-Linked-List,maximum_twin_sum_of_a_linked_list.adb,Maximum_Twin_Sum,4,6,66%,0,,mutation_tr_detail.csv
misc/SPARK2/Ada-SPARK-Mean-Variance,mean_variance.adb,Mean,1,1,100%,0,,mutation_tr_detail.csv
misc/SPARK2/Ada-SPARK-Mean-Variance,mean_variance.adb,Variance,3,3,100%,0,,mutation_tr_detail.csv
misc/SPARK2/Ada-SPARK-Median-Filtering,median_filtering.adb,(package level),0,2,0%,2,unchecked (all survivors justified equivalent),sweep_mutation_B_detail.csv
misc/SPARK2/Ada-SPARK-Median-Filtering,median_filtering.adb,Bubble_Sort,7,8,87%,1,,sweep_mutation_B_detail.csv
misc/SPARK2/Ada-SPARK-Median-Filtering,median_filtering.adb,Clamp_Col,0,2,0%,2,unchecked (all survivors justified equivalent),sweep_mutation_B_detail.csv
misc/SPARK2/Ada-SPARK-Median-Filtering,median_filtering.adb,Clamp_Row,0,2,0%,2,unchecked (all survivors justified equivalent),sweep_mutation_B_detail.csv
misc/SPARK2/Ada-SPARK-Merge-In-Between-Linked-Lists,merge_in_between_linked_lists.adb,Append,2,3,66%,0,,mutation_tr_detail.csv
misc/SPARK2/Ada-SPARK-Merge-In-Between-Linked-Lists,merge_in_between_linked_lists.adb,Merge_In_Between,1,3,33%,0,,mutation_tr_detail.csv
misc/SPARK2/Ada-SPARK-Middle-Of-The-Linked-List,middle_of_the_linked_list.adb,Empty,2,3,66%,0,,mutation_tr_detail.csv
misc/SPARK2/Ada-SPARK-Middle-Of-The-Linked-List,middle_of_the_linked_list.adb,Middle,2,2,100%,0,,mutation_tr_detail.csv
misc/SPARK2/Ada-SPARK-Min-Cost-Climbing-Stairs,min_cost_climbing_stairs.adb,Compute,1,1,100%,0,,mutation_tr_detail.csv
misc/SPARK2/Ada-SPARK-Min-Stack,min_stack.adb,Is_Empty,1,1,100%,0,,mutation_tr_detail.csv
misc/SPARK2/Ada-SPARK-Min-Stack,min_stack.adb,Min_Value,3,5,60%,0,,mutation_tr_detail.csv
misc/SPARK2/Ada-SPARK-Minimum-Path-Sum,minimum_path_sum.adb,Minimum,6,6,100%,0,,mutation_tr_detail.csv
misc/SPARK2/Ada-SPARK-Missing-Number,missing_number.adb,Find,5,5,100%,0,,mutation_tr_detail.csv
misc/SPARK2/Ada-SPARK-Move-Zeroes,move_zeroes.adb,Move,3,3,100%,0,,mutation_tr_detail.csv
misc/SPARK2/Ada-SPARK-N-th-Tribonacci,n_th_tribonacci.adb,Add_Bounded,1,3,33%,2,,sweep_mutation_B_detail.csv
misc/SPARK2/Ada-SPARK-N-th-Tribonacci,n_th_tribonacci.adb,Compute,3,3,100%,0,,sweep_mutation_B_detail.csv
misc/SPARK2/Ada-SPARK-Next-Greater-Node-In-Linked-List,next_greater_node_in_linked_list.adb,Next_Greater,2,3,66%,0,,mutation_tr_detail.csv
misc/SPARK2/Ada-SPARK-Nth-Digit-Stub,nth_digit_stub.adb,Nth_Digit,14,14,100%,0,,mutation_tr_detail.csv
misc/SPARK2/Ada-SPARK-Nth-Ugly-Number,nth_ugly_number.adb,Compute,4,5,80%,0,,mutation_tr_detail.csv
misc/SPARK2/Ada-SPARK-Nth-Ugly-Number,nth_ugly_number.adb,Is_Ugly,4,4,100%,0,,mutation_tr_detail.csv
misc/SPARK2/Ada-SPARK-Number-Of-1-Bits,number_of_1_bits.adb,Count_Ones,3,3,100%,0,,mutation_tr_detail.csv
misc/SPARK2/Ada-SPARK-PN-Counter,pn_counter.adb,Decrement,2,2,100%,0,,mutation_tr_detail.csv
misc/SPARK2/Ada-SPARK-PN-Counter,pn_counter.adb,Increment,1,1,100%,0,,mutation_tr_detail.csv
misc/SPARK2/Ada-SPARK-PN-Counter,pn_counter.adb,Value,2,2,100%,0,,mutation_tr_detail.csv
misc/SPARK2/Ada-SPARK-Palindrome-Linked-List,palindrome_linked_list.adb,Append,2,3,66%,0,,mutation_tr_detail.csv
misc/SPARK2/Ada-SPARK-Palindrome-Linked-List,palindrome_linked_list.adb,Is_Palindrome,5,5,100%,0,,mutation_tr_detail.csv
misc/SPARK2/Ada-SPARK-Palindrome-Partitioning,palindrome_partitioning.adb,(package level),1,1,100%,0,,mutation_tr_detail.csv
misc/SPARK2/Ada-SPARK-Palindrome-Partitioning,palindrome_partitioning.adb,Minimum_Cuts,9,9,100%,0,,mutation_tr_detail.csv
misc/SPARK2/Ada-SPARK-Parity-Bits,parity_bits.adb,Even,0,1,0%,0,unchecked,mutation_tr_detail.csv
misc/SPARK2/Ada-SPARK-Partition-Around-Pivot,partition_around_pivot.adb,Partition,5,5,100%,0,,mutation_tr_detail.csv
misc/SPARK2/Ada-SPARK-Partition-List,src/partition_list.adb,Append,2,2,100%,0,,mutation_tr_detail.csv
misc/SPARK2/Ada-SPARK-Partition-List,src/partition_list.adb,Solve,9,12,75%,0,,mutation_tr_detail.csv
misc/SPARK2/Ada-SPARK-Pascal-Triangle-II,pascal_triangle_ii.adb,Add_Bounded,1,3,33%,2,,sweep_mutation_B_detail.csv
misc/SPARK2/Ada-SPARK-Pascal-Triangle-II,pascal_triangle_ii.adb,Get,3,3,100%,0,,sweep_mutation_B_detail.csv
misc/SPARK2/Ada-SPARK-Pow-X-N-Stub,pow_x_n_stub.adb,(package level),5,5,100%,0,,mutation_tr_detail.csv
misc/SPARK2/Ada-SPARK-Power-Of-Three,power_of_three.adb,Is_Power,3,3,100%,0,,mutation_tr_detail.csv
misc/SPARK2/Ada-SPARK-Product-Of-Array-Except-Self,product_of_array_except_self.adb,Products,2,2,100%,0,,mutation_tr_detail.csv
misc/SPARK2/Ada-SPARK-Ravenscar-Job-Pool,bounded_buffer.adb,Get,2,2,100%,0,,mutation_tr_detail.csv
misc/SPARK2/Ada-SPARK-Ravenscar-Job-Pool,bounded_buffer.adb,Is_Empty,1,1,100%,0,,mutation_tr_detail.csv
misc/SPARK2/Ada-SPARK-Ravenscar-Job-Pool,channel-sync.adb,(package level),0,1,0%,0,unchecked,mutation_tr_detail.csv
misc/SPARK2/Ada-SPARK-Ravenscar-Job-Pool,job_pool.adb,Allocate,1,2,50%,0,,mutation_tr_detail.csv
misc/SPARK2/Ada-SPARK-Ravenscar-Job-Pool,job_pool.adb,Execute_One,1,1,100%,0,,mutation_tr_detail.csv
misc/SPARK2/Ada-SPARK-Ravenscar-Job-Pool,job_pool.adb,Mark_Done,2,3,66%,0,,mutation_tr_detail.csv
misc/SPARK2/Ada-SPARK-Ravenscar-Job-Pool,job_pool.adb,Offer,1,1,100%,0,,mutation_tr_detail.csv
misc/SPARK2/Ada-SPARK-Ravenscar-Job-Pool,job_table.adb,Complete,1,1,100%,0,,mutation_tr_detail.csv
misc/SPARK2/Ada-SPARK-Remove-Linked-List-Elements,remove_linked_list_elements.adb,Append,2,3,66%,0,,mutation_tr_detail.csv
misc/SPARK2/Ada-SPARK-Remove-Linked-List-Elements,remove_linked_list_elements.adb,Remove_First,3,8,37%,0,,mutation_tr_detail.csv
misc/SPARK2/Ada-SPARK-Remove-Nth-Node-From-End,remove_nth_node_from_end.adb,Empty,2,3,66%,0,,mutation_tr_detail.csv
misc/SPARK2/Ada-SPARK-Remove-Nth-Node-From-End,remove_nth_node_from_end.adb,Remove_Nth,7,11,63%,0,,mutation_tr_detail.csv
misc/SPARK2/Ada-SPARK-Reorder-List,reorder_list.adb,Append,2,3,66%,0,,mutation_tr_detail.csv
misc/SPARK2/Ada-SPARK-Reorder-List,reorder_list.adb,Reorder,8,11,72%,0,,mutation_tr_detail.csv
misc/SPARK2/Ada-SPARK-Reverse-Bits,reversed_bits.adb,Reversed,2,2,100%,0,,mutation_tr_detail.csv
misc/SPARK2/Ada-SPARK-Reverse-Linked-List,reverse_linked_list.adb,Empty,2,3,66%,0,,mutation_tr_detail.csv
misc/SPARK2/Ada-SPARK-Reverse-Linked-List,reverse_linked_list.adb,Reverse_List,3,4,75%,0,,mutation_tr_detail.csv
misc/SPARK2/Ada-SPARK-Reverse-Linked-List-II,src/reverse_linked_list_ii.adb,Append,2,2,100%,0,,mutation_tr_detail.csv
misc/SPARK2/Ada-SPARK-Reverse-Linked-List-II,src/reverse_linked_list_ii.adb,Solve,4,4,100%,0,,mutation_tr_detail.csv
misc/SPARK2/Ada-SPARK-Robot-Return-To-Origin,robot_origin.adb,Returns_To_Origin,7,9,77%,0,,mutation_tr_detail.csv
misc/SPARK2/Ada-SPARK-Roman-To-Int,roman_to_int.adb,To_Integer,6,6,100%,0,,mutation_tr_detail.csv
misc/SPARK2/Ada-SPARK-Rotate-List,src/rotate_list.adb,Append,1,1,100%,0,,mutation_tr_detail.csv
misc/SPARK2/Ada-SPARK-Rotate-List,src/rotate_list.adb,Solve,4,4,100%,0,,mutation_tr_detail.csv
misc/SPARK2/Ada-SPARK-Smallest-Integer-Divisible-By-K,smallest_integer_divisible_by_k.adb,Smallest_Length,3,4,75%,1,,sweep_mutation_B_detail.csv
misc/SPARK2/Ada-SPARK-Special-Array-With-X-Elements,special_array_with_x_elements.adb,Match,1,1,100%,0,,mutation_tr_detail.csv
misc/SPARK2/Ada-SPARK-Special-Array-With-X-Elements,special_array_with_x_elements.adb,Match_Count,6,6,100%,0,,mutation_tr_detail.csv
misc/SPARK2/Ada-SPARK-Sum-Of-Subarray-Minimums,sum_of_subarray_minimums.adb,Sum_Minimums,1,4,25%,0,,mutation_tr_detail.csv
misc/SPARK2/Ada-SPARK-Swap-Nodes-In-Pairs,src/swap_nodes_in_pairs.adb,Append,2,2,100%,0,,mutation_tr_detail.csv
misc/SPARK2/Ada-SPARK-Swap-Nodes-In-Pairs,src/swap_nodes_in_pairs.adb,Solve,8,10,80%,0,,mutation_tr_detail.csv
misc/SPARK2/Ada-SPARK-Swapping-Nodes-In-A-Linked-List,swapping_nodes_in_a_linked_list.adb,Append,2,3,66%,0,,mutation_tr_detail.csv
misc/SPARK2/Ada-SPARK-Tanimoto,tanimoto.adb,Similarity,8,8,100%,0,,mutation_tr_detail.csv
misc/SPARK2/Ada-SPARK-Third-Maximum-Number,third_maximum_number.adb,Third_Maximum,5,5,100%,0,,mutation_tr_detail.csv
misc/SPARK2/Ada-SPARK-To-Lower-Case,to_lower_case.adb,(package level),1,1,100%,0,,mutation_tr_detail.csv
misc/SPARK2/Ada-SPARK-To-Lower-Case,to_lower_case.adb,Lower,1,1,100%,0,,mutation_tr_detail.csv
misc/SPARK2/Ada-SPARK-Top-K-Frequent-Words,top_k_frequent_words.adb,Kth_Frequency,3,4,75%,0,,mutation_tr_detail.csv
misc/SPARK2/Ada-SPARK-Trapping-Rain-Water,trapping_rain_water.adb,Trapped,3,4,75%,0,,mutation_tr_detail.csv
misc/SPARK2/Ada-SPARK-Trapping-Rain-Water-II-Lite,trapping_rain_water_ii_lite.adb,Trapped,2,9,22%,0,,mutation_tr_detail.csv
misc/SPARK2/Ada-SPARK-Triangle-Min-Path,triangle_min_path.adb,Minimum,4,4,100%,0,,mutation_tr_detail.csv
misc/SPARK2/Ada-SPARK-Tribonacci,tribonacci.adb,Add_Bounded,1,3,33%,0,,mutation_tr_detail.csv
misc/SPARK2/Ada-SPARK-Tribonacci,tribonacci.adb,Compute,3,3,100%,0,,mutation_tr_detail.csv
misc/SPARK2/Ada-SPARK-Tribonacci-Number,tribonacci_number.adb,Add_Bounded,1,3,33%,2,,sweep_mutation_B_detail.csv
misc/SPARK2/Ada-SPARK-Tribonacci-Number,tribonacci_number.adb,Compute,3,3,100%,0,,sweep_mutation_B_detail.csv
misc/SPARK2/Ada-SPARK-Unique-Paths-II,unique_paths_ii.adb,Add_Bounded,0,2,0%,0,unchecked,mutation_tr_detail.csv
misc/SPARK2/Ada-SPARK-Unique-Paths-II,unique_paths_ii.adb,Count,5,5,100%,0,,mutation_tr_detail.csv
misc/SPARK2/Ada-SPARK-Valid-Parentheses,valid_parentheses.adb,Is_Valid,3,3,100%,0,,mutation_tr_detail.csv
misc/SPARK2/Ada-SPARK-Valid-Parentheses,valid_parentheses.adb,Matches,3,3,100%,0,,mutation_tr_detail.csv
misc/SPARK2/Ada-SPARK-Validate-Stack-Sequences,validate_stack_sequences.adb,Valid,7,8,87%,0,,mutation_tr_detail.csv
misc/SPARK2/Ada-SPARK-Water-Bottles,water_bottles.adb,(package level),6,6,100%,0,,mutation_tr_detail.csv
misc/SPARK2/Pattern-132,pattern_132.adb,Exists,3,6,50%,0,,mutation_tr_detail.csv
misc/SPARK4/Ada-SPARK-Package-Merge-Algorithm,package_merge.adb,(package level),10,18,55%,0,,mutation_tr_detail.csv
misc/SPARK4/Ada-SPARK-Selection-Algorithm,selection_algorithm.adb,(package level),3,11,27%,0,,mutation_tr_detail.csv
misc/SPARK4/Ada-SPARK-Selection-Algorithm,selection_algorithm.adb,Median,1,1,100%,0,,mutation_tr_detail.csv
misc/SPARK4/Ada-SPARK-Selection-Algorithm,selection_algorithm.adb,Select_Kth,1,1,100%,0,,mutation_tr_detail.csv
ml/SPARK2/Linear-Regression,linear_regression.adb,Predict,8,8,100%,0,,mutation_tr_detail.csv
numerical/Ada/Cantor-Zassenhaus,cantor_zassenhaus.adb,(package level),3,5,60%,0,,mutation_detail.csv
numerical/Ada/Cantor-Zassenhaus,cantor_zassenhaus.adb,Is_Prime_Trial,0,2,0%,0,unchecked,mutation_detail.csv
numerical/Ada/Cantor-Zassenhaus,cantor_zassenhaus.adb,Next_Random,0,1,0%,0,unchecked,mutation_detail.csv
numerical/SPARK2/Ada-SPARK-Cooley-Tukey-FFT,cooley_tukey_fft.adb,(package level),5,5,100%,0,,mutation_tr_detail.csv
numerical/SPARK2/Ada-SPARK-Cooley-Tukey-FFT,cooley_tukey_fft.adb,Bit_Reverse,2,2,100%,0,,mutation_tr_detail.csv
numerical/SPARK2/Ada-SPARK-Cooley-Tukey-FFT,cooley_tukey_fft.adb,Small,11,12,91%,0,,mutation_tr_detail.csv
numerical/SPARK2/Ada-SPARK-Extended-Euclidean,extended_euclidean.adb,GCD,1,1,100%,0,,mutation_tr_detail.csv
numerical/SPARK2/Ada-SPARK-Lagrange-Interpolation,lagrange_interpolation.adb,Interpolate,10,10,100%,0,,mutation_tr_detail.csv
numerical/SPARK2/Ada-SPARK-Minimum-Limit-Of-Balls-In-A-Bag,minimum_limit_of_balls_in_a_bag.adb,Minimum_Limit,1,1,100%,0,,mutation_tr_detail.csv
numerical/SPARK2/Ada-SPARK-Modular-Exponentiation,modular_exponentiation.adb,Power,4,4,100%,0,,mutation_tr_detail.csv
numerical/SPARK2/Ada-SPARK-Newton-Raphson,newton_raphson.adb,Sqrt,10,17,58%,0,,mutation_tr_detail.csv
numerical/SPARK2/Ada-SPARK-Sieve-Of-Eratosthenes,sieve_of_eratosthenes.adb,Is_Prime,5,5,100%,0,,mutation_tr_detail.csv
numerical/SPARK2/Ada-SPARK-Simpson-Rule,simpson_rule.adb,Integrate,1,1,100%,0,,mutation_tr_detail.csv
numerical/SPARK4/Ada-SPARK-Euclidean-Algorithm,euclidean_algorithm.adb,Binary_Gcd,7,9,77%,0,,mutation_tr_detail.csv
numerical/SPARK4/Ada-SPARK-Euclidean-Algorithm,euclidean_algorithm.adb,Division_Steps,3,3,100%,0,,mutation_tr_detail.csv
numerical/SPARK4/Ada-SPARK-Euclidean-Algorithm,euclidean_algorithm.adb,Gcd,2,2,100%,0,,mutation_tr_detail.csv
numerical/SPARK4/Ada-SPARK-Euclidean-Algorithm,euclidean_algorithm.adb,Gcd_Recursive,2,2,100%,0,,mutation_tr_detail.csv
numerical/SPARK4/Ada-SPARK-Euclidean-Algorithm,euclidean_algorithm.adb,Lcm,2,3,66%,0,,mutation_tr_detail.csv
numerical/SPARK4/Ada-SPARK-Extended-Euclidean-Algorithm,extended_euclidean_algorithm.adb,(package level),3,4,75%,0,,mutation_tr_detail.csv
numerical/SPARK4/Ada-SPARK-Extended-Euclidean-Algorithm,extended_euclidean_algorithm.adb,Are_Coprime,1,1,100%,0,,mutation_tr_detail.csv
numerical/SPARK4/Ada-SPARK-Extended-Euclidean-Algorithm,extended_euclidean_algorithm.adb,Extended_Gcd,5,5,100%,0,,mutation_tr_detail.csv
numerical/SPARK4/Ada-SPARK-Extended-Euclidean-Algorithm,extended_euclidean_algorithm.adb,Gcd,3,3,100%,0,,mutation_tr_detail.csv
numerical/SPARK4/Ada-SPARK-Extended-Euclidean-Algorithm,extended_euclidean_algorithm.adb,Is_Modular_Inverse,2,2,100%,0,,mutation_tr_detail.csv
numerical/SPARK4/Ada-SPARK-Extended-Euclidean-Algorithm,extended_euclidean_algorithm.adb,Modular_Inverse,1,2,50%,0,,mutation_tr_detail.csv
numerical/SPARK4/Ada-SPARK-Extended-Euclidean-Algorithm,extended_euclidean_algorithm.adb,Quotients_By_Gcd,1,1,100%,0,,mutation_tr_detail.csv
numerical/SPARK4/Ada-SPARK-Extended-Euclidean-Algorithm,extended_euclidean_algorithm.adb,Update_Coeff,2,2,100%,0,,mutation_tr_detail.csv
numerical/SPARK4/Ada-SPARK-Mersenne-Twister,mersenne_twister.adb,(package level),1,1,100%,0,,mutation_tr_detail.csv
numerical/SPARK4/Ada-SPARK-Mersenne-Twister,mersenne_twister.adb,Fill_State,4,4,100%,0,,mutation_tr_detail.csv
numerical/SPARK4/Ada-SPARK-Mersenne-Twister,mersenne_twister.adb,Twist,3,7,42%,0,,mutation_tr_detail.csv
numerical/SPARK4/Binary-Gcd,binary_gcd.adb,Are_Coprime,1,1,100%,0,,mutation_tr_detail.csv
numerical/SPARK4/Binary-Gcd,binary_gcd.adb,Gcd,7,11,63%,0,,mutation_tr_detail.csv
numerical/SPARK4/Binary-Gcd,binary_gcd.adb,Gcd_Euclidean,1,1,100%,0,,mutation_tr_detail.csv
numerical/SPARK4/Binary-Gcd,binary_gcd.adb,Shift_Left,0,1,0%,0,unchecked,mutation_tr_detail.csv
numerical/SPARK4/Binary-Gcd,binary_gcd.adb,Shift_Right,0,1,0%,0,unchecked,mutation_tr_detail.csv
numerical/SPARK4/Binary-Gcd,binary_gcd.adb,Trailing_Zeros,3,4,75%,0,,mutation_tr_detail.csv
searching/Ada/Trigram-Search,trigram_search.adb,(package level),5,5,100%,0,,m_tri_detail.csv
searching/Ada/Trigram-Search,trigram_search.adb,Check_Len,1,1,100%,0,,m_tri_detail.csv
searching/Ada/Trigram-Search,trigram_search.adb,Contains_Trigram,2,2,100%,0,,m_tri_detail.csv
searching/Ada/Trigram-Search,trigram_search.adb,Dice_Coefficient,7,9,77%,2,,m_tri_detail.csv
searching/Ada/Trigram-Search,trigram_search.adb,Has_Trigram,4,4,100%,0,,m_tri_detail.csv
searching/Ada/Trigram-Search,trigram_search.adb,Intersection_Size,2,2,100%,0,,m_tri_detail.csv
searching/Ada/Trigram-Search,trigram_search.adb,Member,1,1,100%,0,,m_tri_detail.csv
searching/Ada/Trigram-Search,trigram_search.adb,Shared_Trigrams,2,3,66%,1,,m_tri_detail.csv
searching/Ada/Trigram-Search,trigram_search.adb,Trigram_Count,2,2,100%,0,,m_tri_detail.csv
searching/Ada/Trigram-Search,trigram_search.adb,Unique_Trigram_Count,1,1,100%,0,,m_tri_detail.csv
searching/Ada/Trigram-Search,trigram_search.adb,Window,4,4,100%,0,,m_tri_detail.csv
searching/SPARK2/Ada-SPARK-Design-Add-And-Search-Words,design_add_and_search_words.adb,Add_Word,1,2,50%,0,,mutation_tr_detail.csv
searching/SPARK2/Ada-SPARK-Design-Add-And-Search-Words,design_add_and_search_words.adb,Matches,1,1,100%,0,,mutation_tr_detail.csv
searching/SPARK2/Ada-SPARK-Design-Add-And-Search-Words,full_insert_check.adb,Full_Insert_Check,1,2,50%,0,,mutation_tr_detail.csv
searching/SPARK2/Ada-SPARK-Exponential-Search,exponential_search.adb,Search,8,9,88%,0,,mutation_tr_detail.csv
searching/SPARK2/Ada-SPARK-Search-A-2D-Matrix,search_a_2d_matrix.adb,Contains,6,6,100%,0,,mutation_tr_detail.csv
searching/SPARK2/Ada-SPARK-Validate-Binary-Search-Tree,validate_binary_search_tree.adb,Is_Valid_BST,4,7,57%,0,,mutation_tr_detail.csv
searching/SPARK2/Ada-SPARK-Word-Search-II-Lite,word_search_ii_lite.adb,Appears_Horizontally,2,2,100%,0,,mutation_tr_detail.csv
searching/SPARK2/Ada-SPARK-Word-Search-II-Lite,word_search_ii_lite.adb,Count_Found,2,2,100%,0,,mutation_tr_detail.csv
searching/SPARK2/Bst-Insert-Search,bst_insert_search.adb,Contains,2,2,100%,0,,mutation_tr_detail.csv
searching/SPARK2/Bst-Insert-Search,bst_insert_search.adb,Insert,1,2,50%,0,,mutation_tr_detail.csv
searching/SPARK4/Ada-SPARK-Binary-Search,binary_search.adb,Find,5,7,71%,0,,mutation_tr_detail.csv
searching/SPARK4/Ada-SPARK-Binary-Search,binary_search.adb,Find_First,6,8,75%,0,,mutation_tr_detail.csv
searching/SPARK4/Ada-SPARK-Binary-Search,binary_search.adb,Find_Last,4,5,80%,0,,mutation_tr_detail.csv
searching/SPARK4/Ada-SPARK-Fibonacci-Search,fibonacci_search.adb,Find,8,14,57%,0,,mutation_tr_detail.csv
searching/SPARK4/Ada-SPARK-Fibonacci-Search,fibonacci_search.adb,Min_Index,1,2,50%,0,,mutation_tr_detail.csv
searching/SPARK4/Ada-SPARK-Interpolation-Search,interpolation_search.adb,(package level),4,9,44%,0,,mutation_tr_detail.csv
searching/SPARK4/Ada-SPARK-Interpolation-Search,interpolation_search.adb,Find,6,8,75%,0,,mutation_tr_detail.csv
searching/SPARK4/Ada-SPARK-Introselect,introselect.adb,(package level),5,13,38%,0,,mutation_tr_detail.csv
searching/SPARK4/Ada-SPARK-Jump-Search,jump_search.adb,(package level),9,11,81%,0,,mutation_tr_detail.csv
searching/SPARK4/Ada-SPARK-Jump-Search,jump_search.adb,Floor_Sqrt,5,6,83%,0,,mutation_tr_detail.csv
searching/SPARK4/Ada-SPARK-Linear-Search,linear_search.adb,(package level),2,2,100%,0,,mutation_tr_detail.csv
searching/SPARK4/Ada-SPARK-Linear-Search,linear_search.adb,Contains,1,1,100%,0,,mutation_tr_detail.csv
searching/SPARK4/Ada-SPARK-Linear-Search,linear_search.adb,Find,2,2,100%,0,,mutation_tr_detail.csv
searching/SPARK4/Ada-SPARK-Quickselect,quickselect.adb,(package level),7,11,63%,0,,mutation_tr_detail.csv
searching/SPARK4/Ada-SPARK-Quickselect,quickselect.adb,Select_Kth,1,1,100%,0,,mutation_tr_detail.csv
searching/SPARK4/Ada-SPARK-Ternary-Search,ternary_search.adb,Find,5,12,41%,0,,mutation_tr_detail.csv
searching/SPARK4/Ada-SPARK-Ternary-Search,ternary_search.adb,Find_Maximum_Index,4,8,50%,0,,mutation_tr_detail.csv
sorting/SPARK2/Ada-SPARK-Cocktail-Sort,cocktail_sort.adb,Sort,6,6,100%,0,,mutation_tr_detail.csv
sorting/SPARK2/Ada-SPARK-Exchange-Sort,exchange_sort.adb,Sort,6,8,75%,0,,mutation_detail.csv
sorting/SPARK2/Ada-SPARK-Find-Median-Sorted-Arrays-Lite,median_sorted_arrays_lite.adb,(package level),1,1,100%,0,,mutation_tr_detail.csv
sorting/SPARK2/Ada-SPARK-Find-Median-Sorted-Arrays-Lite,median_sorted_arrays_lite.adb,Median,4,6,66%,0,,mutation_tr_detail.csv
sorting/SPARK2/Ada-SPARK-Median-Of-Two-Sorted-Arrays-Lite,median_of_two_sorted_arrays_lite.adb,Median,1,1,100%,0,,mutation_tr_detail.csv
sorting/SPARK2/Ada-SPARK-Merge-Sorted-Array,merge_sorted_array.adb,(package level),4,6,66%,0,,mutation_tr_detail.csv
sorting/SPARK2/Ada-SPARK-Merge-Sorted-Arrays,merge_sorted_arrays.adb,Merge,2,4,50%,0,,mutation_tr_detail.csv
sorting/SPARK2/Ada-SPARK-Merge-Two-Sorted-Lists,full_append_check.adb,Full_Append_Check,0,3,0%,0,unchecked,mutation_tr_detail.csv
sorting/SPARK2/Ada-SPARK-Merge-Two-Sorted-Lists,merge_two_sorted_lists.adb,Empty,1,1,100%,0,,mutation_tr_detail.csv
sorting/SPARK2/Ada-SPARK-Merge-Two-Sorted-Lists,merge_two_sorted_lists.adb,Merge,4,4,100%,0,,mutation_tr_detail.csv
sorting/SPARK2/Ada-SPARK-Odd-Even-Linked-List,src/odd_even_linked_list.adb,Append,2,2,100%,0,,mutation_tr_detail.csv
sorting/SPARK2/Ada-SPARK-Odd-Even-Linked-List,src/odd_even_linked_list.adb,Solve,9,12,75%,0,,mutation_tr_detail.csv
sorting/SPARK2/Ada-SPARK-Remove-Duplicates-From-Sorted-Array-II,remove_duplicates_from_sorted_array_ii.adb,Keep_Two,9,9,100%,0,,mutation_tr_detail.csv
sorting/SPARK2/Ada-SPARK-Remove-Duplicates-From-Sorted-List,src/remove_duplicates_from_sorted_list.adb,Append,1,1,100%,0,,mutation_tr_detail.csv
sorting/SPARK2/Ada-SPARK-Remove-Duplicates-From-Sorted-List,src/remove_duplicates_from_sorted_list.adb,Solve,3,3,100%,0,,mutation_tr_detail.csv
sorting/SPARK2/Ada-SPARK-Remove-Duplicates-From-Sorted-List-II,src/remove_duplicates_from_sorted_list_ii.adb,Append,1,1,100%,0,,mutation_tr_detail.csv
sorting/SPARK2/Ada-SPARK-Remove-Duplicates-From-Sorted-List-II,src/remove_duplicates_from_sorted_list_ii.adb,Solve,2,2,100%,0,,mutation_tr_detail.csv
sorting/SPARK2/Ada-SPARK-Sort-Array-By-Parity,sort_array_by_parity.adb,By_Parity,7,7,100%,0,,mutation_tr_detail.csv
sorting/SPARK2/Ada-SPARK-Sort-Array-By-Parity-II,sort_array_by_parity_ii.adb,Sort_By_Parity,1,1,100%,0,,mutation_tr_detail.csv
sorting/SPARK2/Ada-SPARK-Sort-Characters-By-Frequency,sort_characters_by_frequency.adb,Sort_By_Frequency,1,1,100%,0,,mutation_tr_detail.csv
sorting/SPARK2/Ada-SPARK-Sort-Colors,sort_colors.adb,Sort,5,5,100%,0,,mutation_tr_detail.csv
sorting/SPARK2/Ada-SPARK-Sort-List-Lite,src/sort_list_lite.adb,Append,2,2,100%,0,,mutation_tr_detail.csv
sorting/SPARK2/Ada-SPARK-Sort-List-Lite,src/sort_list_lite.adb,Solve,0,3,0%,0,unchecked,mutation_tr_detail.csv
sorting/SPARK2/Ada-SPARK-Squares-Of-A-Sorted-Array,squares_of_a_sorted_array.adb,Squares,4,5,80%,0,,mutation_tr_detail.csv
sorting/SPARK2/Ada-SPARK-Tim-Sort-Stub,tim_sort_stub.adb,Sort,5,6,83%,0,,mutation_tr_detail.csv
sorting/SPARK2/Ada-SPARK-Wiggle-Sort,wiggle_sort.adb,Wiggle,7,7,100%,0,,mutation_tr_detail.csv
sorting/SPARK4/Ada-SPARK-Bitonic-Sorter,bitonic_sorter.adb,(package level),4,9,44%,0,,mutation_tr_detail.csv
sorting/SPARK4/Ada-SPARK-Bitonic-Sorter,bitonic_sorter.adb,Bubble_Finish,0,1,0%,0,unchecked,mutation_tr_detail.csv
sorting/SPARK4/Ada-SPARK-Bitonic-Sorter,bitonic_sorter.adb,Is_Power_Of_Two,2,2,100%,0,,mutation_tr_detail.csv
sorting/SPARK4/Ada-SPARK-Bitonic-Sorter,bitonic_sorter.adb,Next_Power_Of_Two,1,1,100%,0,,mutation_tr_detail.csv
sorting/SPARK4/Ada-SPARK-Bogosort,bogosort.adb,(package level),5,10,50%,0,,mutation_tr_detail.csv
sorting/SPARK4/Ada-SPARK-Bogosort,bogosort.adb,Next_Permutation,0,2,0%,0,unchecked,mutation_tr_detail.csv
sorting/SPARK4/Ada-SPARK-Bogosort,bogosort.adb,Sort,1,1,100%,0,,mutation_tr_detail.csv
sorting/SPARK4/Ada-SPARK-Bubble-Sort,bubble_sort.adb,(package level),9,11,81%,0,,mutation_tr_detail.csv
sorting/SPARK4/Ada-SPARK-Bucket-Sort,bucket_sort.adb,(package level),5,8,62%,0,,mutation_tr_detail.csv
sorting/SPARK4/Ada-SPARK-Bucket-Sort,bucket_sort.adb,Bucket_Of,6,9,66%,0,,mutation_tr_detail.csv
sorting/SPARK4/Ada-SPARK-Bucket-Sort,bucket_sort.adb,Bucket_Pass,2,2,100%,0,,mutation_tr_detail.csv
sorting/SPARK4/Ada-SPARK-Cocktail-Shaker-Sort,cocktail_shaker_sort.adb,(package level),52,70,74%,18,,sweep_mutation_B_detail.csv
sorting/SPARK4/Ada-SPARK-Cocktail-Shaker-Sort,cocktail_shaker_sort.adb,Sort,4,7,57%,3,,sweep_mutation_B_detail.csv
sorting/SPARK4/Ada-SPARK-Comb-Sort,comb_sort.adb,(package level),9,11,81%,0,,mutation_tr_detail.csv
sorting/SPARK4/Ada-SPARK-Comb-Sort,comb_sort.adb,Bubble_Finish,1,1,100%,0,,mutation_tr_detail.csv
sorting/SPARK4/Ada-SPARK-Comb-Sort,comb_sort.adb,Sort,1,1,100%,0,,mutation_tr_detail.csv
sorting/SPARK4/Ada-SPARK-Cycle-Sort,cycle_sort.adb,(package level),5,12,41%,0,,mutation_tr_detail.csv
sorting/SPARK4/Ada-SPARK-Cycle-Sort,cycle_sort.adb,Sort,0,1,0%,0,unchecked,mutation_tr_detail.csv
sorting/SPARK4/Ada-SPARK-Flashsort,flashsort.adb,(package level),3,10,30%,0,,mutation_tr_detail.csv
sorting/SPARK4/Ada-SPARK-Flashsort,flashsort.adb,Flashsort_Phase,3,5,60%,0,,mutation_tr_detail.csv
sorting/SPARK4/Ada-SPARK-Gnome-Sort,gnome_sort.adb,(package level),12,13,92%,0,,mutation_tr_detail.csv
sorting/SPARK4/Ada-SPARK-Heapsort,heapsort.adb,(package level),4,6,66%,0,,mutation_tr_detail.csv
sorting/SPARK4/Ada-SPARK-Heapsort,heapsort.adb,Heapify,1,1,100%,0,,mutation_tr_detail.csv
sorting/SPARK4/Ada-SPARK-Heapsort,heapsort.adb,Is_Heap,3,4,75%,0,,mutation_tr_detail.csv
sorting/SPARK4/Ada-SPARK-Heapsort,heapsort.adb,Sort,1,1,100%,0,,mutation_tr_detail.csv
sorting/SPARK4/Ada-SPARK-Insertion-Sort,insertion_sort.adb,(package level),14,15,93%,0,,mutation_tr_detail.csv
sorting/SPARK4/Ada-SPARK-Insertion-Sort,insertion_sort.adb,Sort,0,1,0%,0,unchecked,mutation_tr_detail.csv
sorting/SPARK4/Ada-SPARK-Introsort,introsort.adb,(package level),9,10,90%,0,,mutation_tr_detail.csv
sorting/SPARK4/Ada-SPARK-Library-Sort,library_sort.adb,(package level),72,133,54%,0,,sweep_mutation_B_detail.csv
sorting/SPARK4/Ada-SPARK-Library-Sort,library_sort.adb,Bubble_Finish,0,3,0%,0,unchecked,sweep_mutation_B_detail.csv
sorting/SPARK4/Ada-SPARK-Library-Sort,library_sort.adb,Library_Phase,9,17,52%,0,,sweep_mutation_B_detail.csv
sorting/SPARK4/Ada-SPARK-Library-Sort,library_sort.adb,Sort,1,1,100%,0,,sweep_mutation_B_detail.csv
sorting/SPARK4/Ada-SPARK-Merge-Sort,merge_sort.adb,(package level),129,173,74%,0,,sweep_mutation_B_detail.csv
sorting/SPARK4/Ada-SPARK-Merge-Sort,merge_sort.adb,Sort,3,4,75%,0,,sweep_mutation_B_detail.csv
sorting/SPARK4/Ada-SPARK-Odd-Even-Sort,odd_even_sort.adb,(package level),8,11,72%,0,,mutation_tr_detail.csv
sorting/SPARK4/Ada-SPARK-Pancake-Sorting,pancake_sorting.adb,(package level),8,13,61%,0,,mutation_tr_detail.csv
sorting/SPARK4/Ada-SPARK-Pancake-Sorting,pancake_sorting.adb,Flip,1,1,100%,0,,mutation_tr_detail.csv
sorting/SPARK4/Ada-SPARK-Patience-Sorting,patience_sorting.adb,(package level),1,9,11%,0,,mutation_tr_detail.csv
sorting/SPARK4/Ada-SPARK-Patience-Sorting,patience_sorting.adb,Bubble_Finish,0,2,0%,0,unchecked,mutation_tr_detail.csv
sorting/SPARK4/Ada-SPARK-Patience-Sorting,patience_sorting.adb,Patience_Phase,4,5,80%,0,,mutation_tr_detail.csv
sorting/SPARK4/Ada-SPARK-Pigeonhole-Sort,pigeonhole_sort.adb,(package level),3,12,25%,0,,mutation_tr_detail.csv
sorting/SPARK4/Ada-SPARK-Pigeonhole-Sort,pigeonhole_sort.adb,Hole_Of,0,1,0%,0,unchecked,mutation_tr_detail.csv
sorting/SPARK4/Ada-SPARK-Pigeonhole-Sort,pigeonhole_sort.adb,Keys_In_Range,0,1,0%,0,unchecked,mutation_tr_detail.csv
sorting/SPARK4/Ada-SPARK-Pigeonhole-Sort,pigeonhole_sort.adb,Pigeonhole_Phase,1,2,50%,0,,mutation_tr_detail.csv
sorting/SPARK4/Ada-SPARK-Postman-Sort,postman_sort.adb,(package level),6,18,33%,0,,mutation_tr_detail.csv
sorting/SPARK4/Ada-SPARK-Quantum-Sort,quantum_sort.adb,(package level),81,109,74%,0,,sweep_mutation_B_detail.csv
sorting/SPARK4/Ada-SPARK-Quantum-Sort,quantum_sort.adb,Sort_Comparison,0,1,0%,0,unchecked,sweep_mutation_B_detail.csv
sorting/SPARK4/Ada-SPARK-Quantum-Sort,quantum_sort.adb,Sort_Frequency,2,3,66%,0,,sweep_mutation_B_detail.csv
sorting/SPARK4/Ada-SPARK-Quantum-Sort,quantum_sort.adb,Sort_Parallel_Network,4,4,100%,0,,sweep_mutation_B_detail.csv
sorting/SPARK4/Ada-SPARK-Quantum-Sort,quantum_sort.adb,Sort_Space_Bounded,4,7,57%,0,,sweep_mutation_B_detail.csv
sorting/SPARK4/Ada-SPARK-Quicksort,quicksort.adb,(package level),9,10,90%,0,,mutation_tr_detail.csv
sorting/SPARK4/Ada-SPARK-Radix-Sort,radix_sort.adb,(package level),0,14,0%,0,unchecked,mutation_tr_detail.csv
sorting/SPARK4/Ada-SPARK-Radix-Sort,radix_sort.adb,Digit,0,1,0%,0,unchecked,mutation_tr_detail.csv
sorting/SPARK4/Ada-SPARK-Samplesort,samplesort.adb,(package level),47,62,75%,0,,sweep_mutation_B_detail.csv
sorting/SPARK4/Ada-SPARK-Samplesort,samplesort.adb,Bubble_Finish,3,3,100%,0,,sweep_mutation_B_detail.csv
sorting/SPARK4/Ada-SPARK-Samplesort,samplesort.adb,Samplesort_Phase,22,45,48%,0,,sweep_mutation_B_detail.csv
sorting/SPARK4/Ada-SPARK-Samplesort,samplesort.adb,Sort,1,1,100%,0,,sweep_mutation_B_detail.csv
sorting/SPARK4/Ada-SPARK-Selection-Sort,selection_sort.adb,(package level),9,11,81%,0,,mutation_tr_detail.csv
sorting/SPARK4/Ada-SPARK-Selection-Sort,selection_sort.adb,Sort_Descending,1,1,100%,0,,mutation_tr_detail.csv
sorting/SPARK4/Ada-SPARK-Shell-Sort,shell_sort.adb,(package level),12,15,80%,0,,mutation_tr_detail.csv
sorting/SPARK4/Ada-SPARK-Shell-Sort,shell_sort.adb,Sort,2,2,100%,0,,mutation_tr_detail.csv
sorting/SPARK4/Ada-SPARK-Slowsort,slowsort.adb,(package level),7,10,70%,0,,mutation_tr_detail.csv
sorting/SPARK4/Ada-SPARK-Slowsort,slowsort.adb,Bubble_Finish,0,1,0%,0,unchecked,mutation_tr_detail.csv
sorting/SPARK4/Ada-SPARK-Smoothsort,smoothsort.adb,(package level),8,11,72%,0,,mutation_tr_detail.csv
sorting/SPARK4/Ada-SPARK-Smoothsort,smoothsort.adb,Leonardo,3,4,75%,0,,mutation_tr_detail.csv
sorting/SPARK4/Ada-SPARK-Smoothsort,smoothsort.adb,Right_Child_Root,1,1,100%,0,,mutation_tr_detail.csv
sorting/SPARK4/Ada-SPARK-Spaghetti-Sort,spaghetti_sort.adb,(package level),5,10,50%,0,,mutation_tr_detail.csv
sorting/SPARK4/Ada-SPARK-Spaghetti-Sort,spaghetti_sort.adb,Bubble_Finish,0,1,0%,0,unchecked,mutation_tr_detail.csv
sorting/SPARK4/Ada-SPARK-Spaghetti-Sort,spaghetti_sort.adb,Height_Bin_Phase,3,3,100%,0,,mutation_tr_detail.csv
sorting/SPARK4/Ada-SPARK-Stooge-Sort,stooge_sort.adb,(package level),5,10,50%,0,,mutation_tr_detail.csv
sorting/SPARK4/Ada-SPARK-Stooge-Sort,stooge_sort.adb,Bubble_Finish,0,1,0%,0,unchecked,mutation_tr_detail.csv
sorting/SPARK4/Ada-SPARK-Strand-Sort,strand_sort.adb,(package level),3,10,30%,0,,mutation_tr_detail.csv
sorting/SPARK4/Ada-SPARK-Strand-Sort,strand_sort.adb,Bubble_Finish,0,3,0%,0,unchecked,mutation_tr_detail.csv
sorting/SPARK4/Ada-SPARK-Strand-Sort,strand_sort.adb,Strand_Phase,4,4,100%,0,,mutation_tr_detail.csv
sorting/SPARK4/Ada-SPARK-Timsort,timsort.adb,(package level),181,236,76%,0,,sweep_mutation_B_detail.csv
sorting/SPARK4/Ada-SPARK-Timsort,timsort.adb,Make_Initial_Runs,6,11,54%,0,,sweep_mutation_B_detail.csv
sorting/SPARK4/Ada-SPARK-Timsort,timsort.adb,Sort,4,5,80%,0,,sweep_mutation_B_detail.csv
sorting/SPARK4/Ada-SPARK-Tree-Sort,tree_sort.adb,(package level),7,8,87%,0,,mutation_tr_detail.csv
sorting/SPARK4/Ada-SPARK-Tree-Sort,tree_sort.adb,All_Live,0,1,0%,0,unchecked,mutation_tr_detail.csv
sorting/SPARK4/Ada-SPARK-Tree-Sort,tree_sort.adb,Struct_OK,1,6,16%,0,,mutation_tr_detail.csv
sorting/SPARK4/Bead-Sort,bead_sort.adb,(package level),5,11,45%,0,,mutation_tr_detail.csv
sorting/SPARK4/Bead-Sort,bead_sort.adb,Bead_Phase,4,4,100%,0,,mutation_tr_detail.csv
strings/Ada/String-Metrics,string_metrics.adb,(package level),6,7,85%,1,,m_sm_detail.csv
strings/Ada/String-Metrics,string_metrics.adb,Char_At,2,3,66%,1,,m_sm_detail.csv
strings/Ada/String-Metrics,string_metrics.adb,Check_Bounds,1,1,100%,0,,m_sm_detail.csv
strings/Ada/String-Metrics,string_metrics.adb,Common_Prefix_Len,1,1,100%,0,,m_sm_detail.csv
strings/Ada/String-Metrics,string_metrics.adb,Damerau_Levenshtein_OSA,1,2,50%,1,,m_sm_detail.csv
strings/Ada/String-Metrics,string_metrics.adb,Dice_Bigram,2,2,100%,0,,m_sm_detail.csv
strings/Ada/String-Metrics,string_metrics.adb,Jaro_Similarity_Internal,4,6,66%,2,,m_sm_detail.csv
strings/Ada/String-Metrics,string_metrics.adb,Levenshtein,1,1,100%,0,,m_sm_detail.csv
strings/Ada/String-Metrics,string_metrics.adb,Levenshtein_Rows,3,3,100%,0,,m_sm_detail.csv
strings/Ada/String-Metrics,string_metrics.adb,Match_Window,2,2,100%,0,,m_sm_detail.csv
strings/Ada/String-Metrics,string_metrics.adb,Normalized_Levenshtein_Similarity,2,2,100%,0,,m_sm_detail.csv
strings/Ada/String-Metrics,string_metrics.adb,OSA_Rows,7,7,100%,0,,m_sm_detail.csv
strings/Ada/String-Metrics,string_metrics.adb,Window2,2,2,100%,0,,m_sm_detail.csv
strings/SPARK2/Ada-SPARK-Damerau-Levenshtein-Distance,damerau_levenshtein_distance.adb,Distance,14,14,100%,0,,mutation_tr_detail.csv
strings/SPARK2/Ada-SPARK-Damerau-Levenshtein-Distance,damerau_levenshtein_distance.adb,Inc,2,2,100%,0,,mutation_tr_detail.csv
strings/SPARK2/Ada-SPARK-Damerau-Levenshtein-Distance,damerau_levenshtein_distance.adb,Nat_Min,0,1,0%,0,unchecked,mutation_tr_detail.csv
strings/SPARK2/Ada-SPARK-Edit-Distance,edit_distance.adb,(package level),4,4,100%,0,,mutation_tr_detail.csv
strings/SPARK2/Ada-SPARK-Edit-Distance,edit_distance.adb,Increment,1,1,100%,0,,mutation_tr_detail.csv
strings/SPARK2/Ada-SPARK-Find-All-Anagrams-In-A-String,find_all_anagrams_in_a_string.adb,Count_Anagrams,2,2,100%,0,,mutation_tr_detail.csv
strings/SPARK2/Ada-SPARK-Find-All-Anagrams-In-A-String,find_all_anagrams_in_a_string.adb,Is_Anagram,1,1,100%,0,,mutation_tr_detail.csv
strings/SPARK2/Ada-SPARK-Hamming-Distance,hamming_distance.adb,Distance,5,5,100%,0,,mutation_tr_detail.csv
strings/SPARK2/Ada-SPARK-Knuth-Morris-Pratt,kmp.adb,Build_Prefix,11,11,100%,0,,mutation_tr_detail.csv
strings/SPARK2/Ada-SPARK-Make-The-String-Great,make_the_string_great.adb,(package level),1,1,100%,0,,mutation_tr_detail.csv
strings/SPARK2/Ada-SPARK-Make-The-String-Great,make_the_string_great.adb,Opposite,1,10,10%,0,,mutation_tr_detail.csv
strings/SPARK2/Ada-SPARK-Multiply-Strings-Stub,multiply_strings.adb,Multiply,18,18,100%,0,,mutation_tr_detail.csv
strings/SPARK2/Ada-SPARK-Number-Of-Lines-To-Write-String,write_string_lines.adb,(package level),5,6,83%,0,,mutation_tr_detail.csv
strings/SPARK2/Ada-SPARK-One-Edit-Distance,one_edit_distance.adb,(package level),4,4,100%,0,,mutation_tr_detail.csv
strings/SPARK2/Ada-SPARK-Rabin-Karp,rabin_karp.adb,Hash,1,2,50%,0,,mutation_tr_detail.csv
strings/SPARK2/Ada-SPARK-Rabin-Karp,rabin_karp.adb,Search,7,9,77%,0,,mutation_tr_detail.csv
strings/SPARK2/Ada-SPARK-Remove-All-Adjacent-Duplicates-In-String,remove_all_adjacent_duplicates_in_string.adb,Reduce,5,6,83%,0,,mutation_tr_detail.csv
strings/SPARK2/Ada-SPARK-Repeated-String-Match,repeated_string_match.adb,(package level),2,2,100%,0,,mutation_tr_detail.csv
strings/SPARK2/Ada-SPARK-Reverse-Vowels-Of-A-String,reverse_vowels_of_a_string.adb,Is_Vowel,3,3,100%,0,,mutation_tr_detail.csv
strings/SPARK2/Ada-SPARK-Reverse-Words-In-A-String-III,reverse_words_in_a_string_iii.adb,(package level),4,5,80%,0,,mutation_tr_detail.csv
strings/SPARK2/Ada-SPARK-Rotate-String,rotate_string.adb,Is_Rotation,3,3,100%,0,,mutation_tr_detail.csv
strings/SPARK2/Ada-SPARK-Sum-Of-Digits-Of-String-After-Convert,sum_digits_convert.adb,Sum_Digits,2,2,100%,0,,mutation_tr_detail.csv
strings/SPARK2/Ada-SPARK-Total-Hamming-Distance,total_hamming_distance.adb,Distance,2,2,100%,0,,mutation_tr_detail.csv
strings/SPARK2/Ada-SPARK-Z-Algorithm,z_algorithm.adb,Compute_Z,3,4,75%,0,,mutation_tr_detail.csv
trees/SPARK2/Ada-SPARK-Balanced-Binary-Tree,balanced_binary_tree.adb,(package level),10,12,83%,0,,mutation_tr_detail.csv
trees/SPARK2/Ada-SPARK-Balanced-Binary-Tree,balanced_binary_tree.adb,Is_Balanced,1,2,50%,0,,mutation_tr_detail.csv
trees/SPARK2/Ada-SPARK-Binary-Tree-Inorder,binary_tree_inorder.adb,Inorder_Sum,3,3,100%,0,,mutation_tr_detail.csv
trees/SPARK2/Ada-SPARK-Binary-Tree-Level-Order,binary_tree_level_order.adb,Level_Order_Sum,3,3,100%,0,,mutation_tr_detail.csv
trees/SPARK2/Ada-SPARK-Binary-Tree-Max-Depth,binary_tree_max_depth.adb,Max_Depth,4,7,57%,0,,mutation_tr_detail.csv
trees/SPARK2/Ada-SPARK-Binary-Tree-Min-Depth,binary_tree_min_depth.adb,Min_Depth,5,7,71%,0,,mutation_tr_detail.csv
trees/SPARK2/Ada-SPARK-Binary-Tree-Postorder,binary_tree_postorder.adb,Postorder_Sum,5,8,62%,0,,mutation_tr_detail.csv
trees/SPARK2/Ada-SPARK-Binary-Tree-Preorder,binary_tree_preorder.adb,Preorder_Sum,3,3,100%,0,,mutation_tr_detail.csv
trees/SPARK2/Ada-SPARK-Convert-BST-To-Greater-Tree,convert_bst_to_greater_tree.adb,Convert,1,1,100%,0,,mutation_tr_detail.csv
trees/SPARK2/Ada-SPARK-Count-Binary-Substrings,count_binary_substrings.adb,Count_Substrings,0,4,0%,0,unchecked,mutation_tr_detail.csv
trees/SPARK2/Ada-SPARK-Diameter-Of-Binary-Tree,diameter_of_binary_tree.adb,Diameter,3,9,33%,0,,mutation_tr_detail.csv
trees/SPARK2/Ada-SPARK-Get-Equal-Substrings-Within-Budget,get_equal_substrings_within_budget.adb,Longest,4,5,80%,0,,mutation_tr_detail.csv
trees/SPARK2/Ada-SPARK-Insert-Into-BST,insert_into_bst.adb,Contains,1,1,100%,0,,mutation_tr_detail.csv
trees/SPARK2/Ada-SPARK-Insert-Into-BST,insert_into_bst.adb,Insert,2,3,66%,0,,mutation_tr_detail.csv
trees/SPARK2/Ada-SPARK-Longest-Common-Substring,longest_common_substring.adb,Length,3,3,100%,0,,mutation_tr_detail.csv
trees/SPARK2/Ada-SPARK-Longest-Palindromic-Substring,longest_palindromic_substring.adb,Is_Pal_2,1,1,100%,0,,mutation_tr_detail.csv
trees/SPARK2/Ada-SPARK-Longest-Palindromic-Substring,longest_palindromic_substring.adb,Is_Pal_4,2,2,100%,0,,mutation_tr_detail.csv
trees/SPARK2/Ada-SPARK-Longest-Palindromic-Substring,longest_palindromic_substring.adb,Is_Pal_5,2,2,100%,0,,mutation_tr_detail.csv
trees/SPARK2/Ada-SPARK-Longest-Palindromic-Substring,longest_palindromic_substring.adb,Is_Pal_6,1,1,100%,0,,mutation_tr_detail.csv
trees/SPARK2/Ada-SPARK-Longest-Palindromic-Substring,longest_palindromic_substring.adb,Longest_Length,1,1,100%,0,,mutation_tr_detail.csv
trees/SPARK2/Ada-SPARK-Longest-Substring-Without-Repeat,longest_substring_without_repeat.adb,Longest,0,1,0%,0,unchecked,mutation_tr_detail.csv
trees/SPARK2/Ada-SPARK-Longest-Substring-Without-Repeat,longest_substring_without_repeat.adb,Repeats,1,1,100%,0,,mutation_tr_detail.csv
trees/SPARK2/Ada-SPARK-Longest-Substring-Without-Repeat,longest_substring_without_repeat.adb,Span,2,2,100%,0,,mutation_tr_detail.csv
trees/SPARK2/Ada-SPARK-Longest-Substring-Without-Repeating,longest_substring_without_repeating.adb,Unique_6,2,2,100%,0,,mutation_tr_detail.csv
trees/SPARK2/Ada-SPARK-Longest-Substring-Without-Repeating,longest_substring_without_repeating.adb,Unique_7,4,4,100%,0,,mutation_tr_detail.csv
trees/SPARK2/Ada-SPARK-Longest-Substring-Without-Repeating,longest_substring_without_repeating.adb,Unique_8,3,3,100%,0,,mutation_tr_detail.csv
trees/SPARK2/Ada-SPARK-Lowest-Common-Ancestor-BST,lowest_common_ancestor_bst.adb,Lowest_Common_Ancestor,2,2,100%,0,,mutation_tr_detail.csv
trees/SPARK2/Ada-SPARK-Lowest-Common-Ancestor-Of-BST,lowest_common_ancestor_of_bst.adb,Lowest_Common_Ancestor,1,2,50%,0,,mutation_tr_detail.csv
trees/SPARK2/Ada-SPARK-Maximum-Depth-Of-Binary-Tree,maximum_depth_of_binary_tree.adb,Max_Depth,4,6,66%,0,,mutation_tr_detail.csv
trees/SPARK2/Ada-SPARK-Merge-Two-Binary-Trees,merge_two_binary_trees.adb,Merge,0,1,0%,0,unchecked,mutation_tr_detail.csv
trees/SPARK2/Ada-SPARK-Minimum-Depth-Of-Binary-Tree,minimum_depth_of_binary_tree.adb,Min_Depth,5,7,71%,0,,mutation_tr_detail.csv
trees/SPARK2/Ada-SPARK-Minimum-Window-Substring,minimum_window_substring.adb,Has_ABC_3,1,1,100%,0,,mutation_tr_detail.csv
trees/SPARK2/Ada-SPARK-Minimum-Window-Substring,minimum_window_substring.adb,Has_ABC_4,1,1,100%,0,,mutation_tr_detail.csv
trees/SPARK2/Ada-SPARK-Minimum-Window-Substring,minimum_window_substring.adb,Has_ABC_5,1,1,100%,0,,mutation_tr_detail.csv
trees/SPARK2/Ada-SPARK-Minimum-Window-Substring,minimum_window_substring.adb,Has_ABC_6,3,3,100%,0,,mutation_tr_detail.csv
trees/SPARK2/Ada-SPARK-Minimum-Window-Substring,minimum_window_substring.adb,Has_ABC_8,1,1,100%,0,,mutation_tr_detail.csv
trees/SPARK2/Ada-SPARK-Number-Of-Substrings-Containing-All-Three-Characters,number_of_substrings_containing_all_three_characters.adb,Count,4,4,100%,0,,mutation_tr_detail.csv
trees/SPARK2/Ada-SPARK-Range-Sum-BST,range_sum_bst.adb,Range_Sum,6,8,75%,0,,mutation_tr_detail.csv
trees/SPARK2/Ada-SPARK-Range-Sum-Of-BST,range_sum_of_bst.adb,Range_Sum,5,6,83%,0,,mutation_tr_detail.csv
trees/SPARK2/Ada-SPARK-Same-Tree,same_tree.adb,Are_Same,3,5,60%,0,,mutation_tr_detail.csv
trees/SPARK2/Ada-SPARK-Subtree-Of-Another-Tree,subtree_of_another_tree.adb,Is_Subtree,1,1,100%,0,,mutation_tr_detail.csv
trees/SPARK2/Ada-SPARK-Subtree-Of-Another-Tree,subtree_of_another_tree.adb,Same_At,6,6,100%,0,,mutation_tr_detail.csv
trees/SPARK2/Ada-SPARK-Symmetric-Tree,symmetric_tree.adb,Is_Symmetric,3,3,100%,0,,mutation_tr_detail.csv
trees/SPARK2/Ada-SPARK-Unique-Paths-With-Obstacles,unique_paths_with_obstacles.adb,Count,4,4,100%,0,,mutation_tr_detail.csv
