folder,mutant,method,range_or_reason
misc/SPARK2/Ada-SPARK-House-Robber-II,house_robber_ii.adb:8 + -> - (A (5) + E2 -> A (5) - E2),exhaustive,"all 21**6 = 85,766,121 inputs (every house 0 .. 20): original and mutant agree on every input"
misc/SPARK2/Ada-SPARK-N-th-Tribonacci,n_th_tribonacci.adb:6 - -> + (Result'Last - Right -> Result'Last + Right),exhaustive,whole Input range 0 .. 32 (33 inputs): agree on every input
misc/SPARK2/Ada-SPARK-N-th-Tribonacci,n_th_tribonacci.adb:6 > -> >= (Left > Result'Last - Right -> >=),exhaustive,whole Input range 0 .. 32 (33 inputs): agree on every input
misc/SPARK2/Ada-SPARK-Tribonacci-Number,tribonacci_number.adb:6 - -> +,exhaustive,whole Input range 0 .. 32 (33 inputs): agree on every input
misc/SPARK2/Ada-SPARK-Tribonacci-Number,tribonacci_number.adb:6 > -> >=,exhaustive,whole Input range 0 .. 32 (33 inputs): agree on every input
misc/SPARK2/Ada-SPARK-Fibonacci-DP,fibonacci_dp.adb:6 - -> +,exhaustive,whole Input range 0 .. 10 (11 inputs): agree on every input
misc/SPARK2/Ada-SPARK-Fibonacci-DP,fibonacci_dp.adb:6 > -> >=,exhaustive,whole Input range 0 .. 10 (11 inputs): agree on every input
misc/SPARK2/Ada-SPARK-Pascal-Triangle-II,pascal_triangle_ii.adb:6 - -> +,exhaustive,whole domain Row_Index x Row_Index (33 x 33 = 1089 inputs): agree on every input
misc/SPARK2/Ada-SPARK-Pascal-Triangle-II,pascal_triangle_ii.adb:6 > -> >=,exhaustive,whole domain Row_Index x Row_Index (1089 inputs): agree on every input
misc/SPARK2/Ada-SPARK-Smallest-Integer-Divisible-By-K,smallest_integer_divisible_by_k.adb:8 + -> - (Remainder * 10 + 1 -> Remainder * 10 - 1),exhaustive,whole Divisor range 1 .. 50 (50 inputs): agree on every input
misc/SPARK2/Ada-SPARK-Median-Filtering,median_filtering.adb:12 < -> <= (Clamp_Row: R < First -> R <= First),reason,"at R = First both branches return Row_Index'First = R, so the result is the same for every R"
misc/SPARK2/Ada-SPARK-Median-Filtering,median_filtering.adb:14 > -> >= (Clamp_Row: R > Last -> R >= Last),reason,"at R = Last both branches return Row_Index'Last = R"
misc/SPARK2/Ada-SPARK-Median-Filtering,median_filtering.adb:25 < -> <= (Clamp_Col),reason,"at C = First both branches return Col_Index'First = C"
misc/SPARK2/Ada-SPARK-Median-Filtering,median_filtering.adb:27 > -> >= (Clamp_Col),reason,"at C = Last both branches return Col_Index'Last = C"
misc/SPARK2/Ada-SPARK-Median-Filtering,median_filtering.adb:43 > -> >= (Bubble_Sort swap on equal),reason,"swapping two equal values leaves the window unchanged; the pass count is fixed (8 passes, early exit only when nothing was swapped, and with >= a pass that swaps equal values just continues), so W (5) is still the 5th smallest"
misc/SPARK2/Ada-SPARK-Median-Filtering,median_filtering.adb:61 + -> - (R + DR -> R - DR),reason,"Median_At samples all nine (DR, DC) in -1 .. 1; negating DR permutes the nine samples, and the median of a multiset does not depend on order"
misc/SPARK2/Ada-SPARK-Median-Filtering,median_filtering.adb:61 + -> - (C + DC -> C - DC),reason,"same as above for DC: a permutation of the nine window samples"
strings/Ada/String-Metrics,string_metrics.adb:297 or else -> and then (JW empty guard),reason,"Jaro_Winkler_Similarity already returned for both-empty; with exactly one empty, Jaro_Similarity_Internal returns 0.0 itself, so the result is the same"
strings/Ada/String-Metrics,string_metrics.adb:215 and then -> or else (Jaro both-empty guard),reason,"the only caller returns before calling with an empty string, so the guard is unreachable"
strings/Ada/String-Metrics,string_metrics.adb:215 = -> /= (Jaro both-empty guard),reason,"unreachable for the same reason: the caller never passes an empty string"
strings/Ada/String-Metrics,string_metrics.adb:145 <= -> < (OSA row orientation),reason,"OSA distance is symmetric; for equal lengths both orientations give the same table result (checked on all 14,641 pairs by the own checks)"
strings/Ada/String-Metrics,string_metrics.adb:31 >= -> > (Nat_Max),reason,"at X = Y both branches return the same value"
misc/Ada/Dice-Coefficient,dice_coefficient.adb:130 or else -> and then (one-empty guard),reason,"with one string empty its bigram set is empty, the intersection is 0 and the formula gives 0.0 (denominator > 0 because the other string has bigrams, else the next guard returns 0.0)"
misc/Ada/Dice-Coefficient,dice_coefficient.adb:109 or else -> and then (Shared_Bigrams empty guard),reason,"an intersection with an empty set is 0, which the general loop also returns"
misc/Ada/Integer-Factorization,integer_factorization.adb:489 <= -> < (D <= Limit),reason,"D runs over 5, 11, 17, ... (6k - 1) and Limit is always 1000 (only caller), so D = Limit never happens"
misc/Ada/Integer-Factorization,integer_factorization.adb:533 and then -> or else (Fermat result in Factor),reason,"Factor reaches Fermat only for N <= 10**7 with no factor <= 1000; then both factors lie in 1009 .. 9901 and Fermat needs at most (p + q) / 2 - sqrt (pq) < 5,500 steps, below the cap of 100,000, so P.F1 is never 0"
misc/Ada/Integer-Factorization,integer_factorization.adb:442 > -> >= (F > 1),reason,"for a nontrivial congruence N divides (X - Y)(X + Y) but neither factor, so gcd (X - Y, N) is never 1"
misc/Ada/Integer-Factorization,integer_factorization.adb:196 + 1 -> + 0 (Hi := X / 2 + 1),reason,"for X >= 2, floor (sqrt X) <= X / 2, so the search interval still contains the answer"
misc/Ada/Integer-Factorization,integer_factorization.adb:244 and :310 >= -> > (Fermat step cap),spec-open,"the spec says Max_Steps caps the a := a + 1 steps but not whether k means k tried values or k increments; not counted as equivalent (score 54/56)"
searching/Ada/Trigram-Search,trigram_search.adb:109 or else -> and then (Shared empty guard),reason,"an intersection with an empty set is 0"
searching/Ada/Trigram-Search,trigram_search.adb:139 <= -> < (Denom <= 0.0),reason,"reached only when both strings have length >= 3, so Denom >= 2"
searching/Ada/Trigram-Search,trigram_search.adb:130 or else -> and then (short-string guard),reason,"with one string shorter than 3 its set is empty, so the formula gives 0.0 as the guard does"
misc/Ada/Poly1305,poly1305.adb:137 >= -> > (full block fast path),reason,"a 16-byte remainder then goes through the buffer path, which processes the same block"
misc/Ada/Poly1305,poly1305.adb:145 > -> >= (Copied > Remain),reason,"at Copied = Remain both branches leave Copied = Remain"
misc/Ada/Poly1305,poly1305.adb:187 - 1 -> - 0 (Temp_Block length),reason,"Process_Block copies only Length = Leftover bytes; the extra byte is ignored"
misc/Ada/Poly1305,poly1305.adb:197 and :198 + -> - (final carries),unreachable-in-tests,"needs h >= 2**130 after the last block (probability about 2**-100 per tag); not counted as equivalent (score 55/57)"
misc/Ada/Unicode-Collation-Algorithm,unicode_collation.adb:16 * -> + (Base_Weight I * 10 -> I + 10),reason,"weights are only compared, and I + 10 keeps the order of all letters above the digits (48 .. 57) and below the default 9999"
misc/Ada/Quine-McCluskey-Algorithm,quine_mccluskey.adb:156 > -> >= (essential loop guard),reason,"with no targets left the extra pass finds nothing and sets Progress False"
misc/Ada/Quine-McCluskey-Algorithm,quine_mccluskey.adb:215 < -> <= and :222 >= -> > (branch-and-bound pruning),reason,"pruning ties only changes which minimum cover is kept, not its size"
misc/Ada/Quine-McCluskey-Algorithm,quine_mccluskey.adb:271 > -> >= (greedy tie-break),reason,"the greedy variant promises a cover by prime implicants, not a particular one; the tie choice changes neither validity nor the spec"
misc/Ada/Quine-McCluskey-Algorithm,quine_mccluskey.adb:107 + 1 -> + 0 (J from I),reason,"Differs_By_One (X, X) is False, so comparing an entry with itself adds nothing"
misc/Ada/Quine-McCluskey-Algorithm,quine_mccluskey.adb:166 + 1 -> + 0 (Cover_Count),reason,"no essential implicant is pre-selected, but every cover by prime implicants contains the essential ones anyway and the exact core search still finds the minimum"
geometry/Ada/Liang-Barsky,liang_barsky.adb:118 (three mutants of the Make_Window body guard),reason,"under -gnata the identical precondition rejects the same inputs before the body runs; without -gnata the own checks see the body raise"
geometry/Ada/Liang-Barsky,liang_barsky.adb:18 <= -> < (Sqrt_Safe),reason,"Sqrt (0.0) = 0.0"
geometry/Ada/Liang-Barsky,liang_barsky.adb:27 and :29 (Clamp ties),reason,"at V = Lo or V = Hi both branches return the same value"
geometry/Ada/Liang-Barsky,liang_barsky.adb:171 < -> <= (P < 0.0),reason,"P = 0 is taken by the parallel branch (Near (P, 0.0)) before this test"
geometry/Ada/Liang-Barsky,liang_barsky.adb:173 and :178 (T_Enter / T_Leave ties),reason,"at U = T_Enter (U = T_Leave) the assignment keeps the same value"
hashing/Ada/Geohash,geohash.adb:30 / :32 / :50 / :52 (clamp ties in Clamp_Lon_Bound and Clamp_Latitude),reason,"at X = -180 / 180 (Lat = -90 / 90) both branches return the same bound"
misc/Ada/Truncated-Binary-Exponential-Backoff,truncated_binary_exponential_backoff.adb:91 <= -> < (clamp tie),reason,"at C = Ceiling both branches return the same count"
misc/Ada/Truncated-Binary-Exponential-Backoff,truncated_binary_exponential_backoff.adb:191 and :337 <= -> < (Max_Random <= 0),reason,"Max_Random = 0 only for C = 0; then Random mod 1 = 0 and 0 * Slot / 2 = 0, the same as the early return"
compression/Ada/Audio-Compression,audio_compression.adb:16/18/28/30 > -> >= and < -> <= (Clamp_To_PCM_16 / Clamp_To_PCM_8),reason,"at the exact bound both branches return the same value (32767 / -32768 / 127 / -128)"
compression/Ada/Audio-Compression,audio_compression.adb:40/41 Sgn > -> >= and < -> <=,reason,"Sgn(0) becomes +-1, but every use multiplies a factor that is 0 at 0 (A*0, Log(1+0), Abs_Y*k, Exp branch not reached at 0)"
compression/Ada/Audio-Compression,audio_compression.adb:88/104 < -> <= (A-law breakpoints),reason,"the A-law curve and its inverse are continuous at the breakpoint 1/A (resp. 1/(1+ln A)); equality in Float is not reached by k/32768 or k/128 and would give the same value either way"
compression/Ada/Audio-Compression,audio_compression.adb:120 + -> - in Wrap_16,reason,"(V - 32768) mod 65536 = (V + 32768) mod 65536 since 65536 = 0 mod 65536"
sorting/SPARK4/Ada-SPARK-Cocktail-Shaker-Sort,cocktail_shaker_sort.adb:117 > -> >= (A (I) > A (I + 1) -> A (I) >= A (I + 1)),exhaustive,"every array of length 0 .. 8 over {0,1,2,3} (87,381 inputs, gnatmake -gnato, harness tools-free copy of original vs renamed mutant): identical output on every input; swapping equal Integers leaves the value array unchanged (only extra passes)"
sorting/SPARK4/Ada-SPARK-Cocktail-Shaker-Sort,cocktail_shaker_sort.adb:176 > -> >= (A (I - 1) > A (I) -> A (I - 1) >= A (I)),exhaustive,"every array of length 0 .. 8 over {0,1,2,3} (87,381 inputs, gnatmake -gnato, harness tools-free copy of original vs renamed mutant): identical output on every input; same reason as line 117"
sorting/SPARK4/Ada-SPARK-Cocktail-Shaker-Sort,cocktail_shaker_sort.adb:197 <= -> < (A'Length <= 1 -> A'Length < 1),exhaustive,"every array of length 0 .. 8 over {0,1,2,3} (87,381 inputs, gnatmake -gnato, harness tools-free copy of original vs renamed mutant): identical output on every input; a length-1 array enters the loop with Lo = Hi = 1 and the loop body never runs"
sorting/SPARK4/Ada-SPARK-Cocktail-Shaker-Sort,cocktail_shaker_sort.adb:221 - 1 -> - 0 (Hi := Hi - 1 -> Hi := Hi - 0),exhaustive,"every array of length 0 .. 8 over {0,1,2,3} (87,381 inputs, gnatmake -gnato, harness tools-free copy of original vs renamed mutant): identical output on every input; the window still shrinks by Lo := Lo + 1 every round, the forward pass just rescans one placed element"
sorting/SPARK4/Ada-SPARK-Cocktail-Shaker-Sort,cocktail_shaker_sort.adb:230 + 1 -> + 0 (Lo := Lo + 1 -> Lo := Lo + 0),exhaustive,"every array of length 0 .. 8 over {0,1,2,3} (87,381 inputs, gnatmake -gnato, harness tools-free copy of original vs renamed mutant): identical output on every input; symmetric to line 221 (Hi still shrinks)"
sorting/SPARK4/Ada-SPARK-Cocktail-Shaker-Sort,cocktail_shaker_sort.adb:15 >= -> > (L >= R -> L > R) in Sorted_Slice,reason,">= -> > (L >= R -> L > R) in Sorted_Slice: for L = R the quantifier range L .. R - 1 is empty, so both forms are True; same function"
sorting/SPARK4/Ada-SPARK-Cocktail-Shaker-Sort,cocktail_shaker_sort.adb:16 + 1 -> + 0 (A (K) <= A (K + 1) -> A (K) <= A (K)) in Sorted_Slice,reason,"+ 1 -> + 0 (A (K) <= A (K + 1) -> A (K) <= A (K)) in Sorted_Slice: weakens a contract or ghost predicate (only used in Pre/Post/Loop_Invariant): with -gnata a weaker assertion can fail only if the original fails, and the original is proved (gnatprove silver L2, 240 checks), so no run can kill it; Sort's own Post uses Is_Sorted, not Sorted_Slice"
sorting/SPARK4/Ada-SPARK-Cocktail-Shaker-Sort,cocktail_shaker_sort.adb:30 < -> <= (Hi_P < Lo_P) in Prefix_Leq_Suffix,reason,"< -> <= (Hi_P < Lo_P) in Prefix_Leq_Suffix: weakens a contract or ghost predicate (only used in Pre/Post/Loop_Invariant): with -gnata a weaker assertion can fail only if the original fails, and the original is proved (gnatprove silver L2, 240 checks), so no run can kill it"
sorting/SPARK4/Ada-SPARK-Cocktail-Shaker-Sort,cocktail_shaker_sort.adb:31 < -> <= (Hi_S < Lo_S) in Prefix_Leq_Suffix,reason,"< -> <= (Hi_S < Lo_S) in Prefix_Leq_Suffix: weakens a contract or ghost predicate (only used in Pre/Post/Loop_Invariant): with -gnata a weaker assertion can fail only if the original fails, and the original is proved (gnatprove silver L2, 240 checks), so no run can kill it"
sorting/SPARK4/Ada-SPARK-Cocktail-Shaker-Sort,cocktail_shaker_sort.adb:89 + -> - (Hi in Lo + 1 .. -> Hi in Lo - 1 ..) Forward_Pass Pre,reason,"+ -> - (Hi in Lo + 1 .. -> Hi in Lo - 1 ..) Forward_Pass Pre: weakens a contract or ghost predicate (only used in Pre/Post/Loop_Invariant): with -gnata a weaker assertion can fail only if the original fails, and the original is proved (gnatprove silver L2, 240 checks), so no run can kill it"
sorting/SPARK4/Ada-SPARK-Cocktail-Shaker-Sort,cocktail_shaker_sort.adb:89 + 1 -> + 0 (Hi in Lo + 1 .. -> Hi in Lo + 0 ..) Forward_Pass Pre,reason,"+ 1 -> + 0 (Hi in Lo + 1 .. -> Hi in Lo + 0 ..) Forward_Pass Pre: weakens a contract or ghost predicate (only used in Pre/Post/Loop_Invariant): with -gnata a weaker assertion can fail only if the original fails, and the original is proved (gnatprove silver L2, 240 checks), so no run can kill it"
sorting/SPARK4/Ada-SPARK-Cocktail-Shaker-Sort,cocktail_shaker_sort.adb:145 + -> - (Hi in Lo + 1 .. -> Hi in Lo - 1 ..) Backward_Pass Pre,reason,"+ -> - (Hi in Lo + 1 .. -> Hi in Lo - 1 ..) Backward_Pass Pre: weakens a contract or ghost predicate (only used in Pre/Post/Loop_Invariant): with -gnata a weaker assertion can fail only if the original fails, and the original is proved (gnatprove silver L2, 240 checks), so no run can kill it"
sorting/SPARK4/Ada-SPARK-Cocktail-Shaker-Sort,cocktail_shaker_sort.adb:145 + 1 -> + 0 (Hi in Lo + 1 .. -> Hi in Lo + 0 ..) Backward_Pass Pre,reason,"+ 1 -> + 0 (Hi in Lo + 1 .. -> Hi in Lo + 0 ..) Backward_Pass Pre: weakens a contract or ghost predicate (only used in Pre/Post/Loop_Invariant): with -gnata a weaker assertion can fail only if the original fails, and the original is proved (gnatprove silver L2, 240 checks), so no run can kill it"
sorting/SPARK4/Ada-SPARK-Cocktail-Shaker-Sort,"cocktail_shaker_sort.adb:90 - 1 -> - 0 (Sorted_Slice (A, 1, Lo - 1) -> (A, 1, Lo)) Forward_Pass Pre",reason,"- 1 -> - 0 (Sorted_Slice (A, 1, Lo - 1) -> (A, 1, Lo)) Forward_Pass Pre: stronger, but implied by the other proved conjuncts: Sorted_Slice (A, 1, Lo - 1) and Prefix_Leq_Suffix (A, 1, Lo - 1, Lo, A'Last) give A (Lo - 1) <= A (Lo)"
sorting/SPARK4/Ada-SPARK-Cocktail-Shaker-Sort,"cocktail_shaker_sort.adb:146 - 1 -> - 0 (Sorted_Slice (A, 1, Lo - 1) -> (A, 1, Lo)) Backward_Pass Pre",reason,"- 1 -> - 0 (Sorted_Slice (A, 1, Lo - 1) -> (A, 1, Lo)) Backward_Pass Pre: implied as for line 90"
sorting/SPARK4/Ada-SPARK-Cocktail-Shaker-Sort,"cocktail_shaker_sort.adb:96 - 1 -> - 0 (Sorted_Slice (A, 1, Lo - 1) -> (A, 1, Lo)) Forward_Pass Post",reason,"- 1 -> - 0 (Sorted_Slice (A, 1, Lo - 1) -> (A, 1, Lo)) Forward_Pass Post: implied as for line 90 (the conjuncts are in the same Post)"
sorting/SPARK4/Ada-SPARK-Cocktail-Shaker-Sort,"cocktail_shaker_sort.adb:92 + 1 -> + 0 (Sorted_Slice (A, Hi + 1, A'Last) -> (A, Hi, A'Last)) Forward_Pass Pre",reason,"+ 1 -> + 0 (Sorted_Slice (A, Hi + 1, A'Last) -> (A, Hi, A'Last)) Forward_Pass Pre: implied by Sorted_Slice (A, Hi + 1, A'Last) and Prefix_Leq_Suffix (A, 1, Hi, Hi + 1, A'Last), which give A (Hi) <= A (Hi + 1)"
sorting/SPARK4/Ada-SPARK-Cocktail-Shaker-Sort,"cocktail_shaker_sort.adb:148 + 1 -> + 0 (Sorted_Slice (A, Hi + 1, A'Last) -> (A, Hi, A'Last)) Backward_Pass Pre",reason,"+ 1 -> + 0 (Sorted_Slice (A, Hi + 1, A'Last) -> (A, Hi, A'Last)) Backward_Pass Pre: implied as for line 92"
sorting/SPARK4/Ada-SPARK-Cocktail-Shaker-Sort,"cocktail_shaker_sort.adb:154 + 1 -> + 0 (Sorted_Slice (A, Hi + 1, A'Last) -> (A, Hi, A'Last)) Backward_Pass Post",reason,"+ 1 -> + 0 (Sorted_Slice (A, Hi + 1, A'Last) -> (A, Hi, A'Last)) Backward_Pass Post: implied as for line 92 (same Post)"
sorting/SPARK4/Ada-SPARK-Cocktail-Shaker-Sort,"cocktail_shaker_sort.adb:99 - 1 -> - 0 (Prefix_Leq_Suffix (A, 1, Hi - 1, Hi, A'Last) -> (A, 1, Hi, Hi, A'Last)) Forward_Pass Post",reason,"- 1 -> - 0 (Prefix_Leq_Suffix (A, 1, Hi - 1, Hi, A'Last) -> (A, 1, Hi, Hi, A'Last)) Forward_Pass Post: the only extra pairs are A (Hi) <= A (J) for J >= Hi: J = Hi is trivial, and for J > Hi the pass swaps only inside Lo .. Hi, so A (Hi) is one of the old A (1 .. Hi), all <= A (Hi + 1 .. A'Last) by the Pre"
sorting/SPARK4/Ada-SPARK-Cocktail-Shaker-Sort,"cocktail_shaker_sort.adb:153 + 1 -> + 0 (Prefix_Leq_Suffix (A, 1, Lo, Lo + 1, A'Last) -> (A, 1, Lo, Lo, A'Last)) Backward_Pass Post",reason,"+ 1 -> + 0 (Prefix_Leq_Suffix (A, 1, Lo, Lo + 1, A'Last) -> (A, 1, Lo, Lo, A'Last)) Backward_Pass Post: the only extra pairs are A (I) <= A (Lo) for I <= Lo, true because A (1 .. Lo) is sorted (proved Post conjunct Sorted_Slice (A, 1, Lo))"
