folder,half,family,split_seed,mutant,change,test_result,classified_before,prove_verdict,kill_kind,evidence
misc/SPARK2/Ada-SPARK-Guess-Number-Higher-Or-Lower,tune,alt,20261038,guess_number_higher_or_lower.adb:8 constant 0 -> 1,"when 0 => 0, when 1 => 1, when 2 => 3, when 3 => 7, => when 0 => 1, when 1 => 1, when 2 => 3, when 3 => 7,",survived,equivalent,proved,,all checks proved (20 checks)
misc/SPARK2/Ada-SPARK-Guess-Number-Higher-Or-Lower,tune,alt,20261038,guess_number_higher_or_lower.adb:8 constant 7 -> 8,"when 0 => 0, when 1 => 1, when 2 => 3, when 3 => 7, => when 0 => 0, when 1 => 1, when 2 => 3, when 3 => 8,",survived,equivalent,proof_fail,proof,medium: loop invariant might not be preserved by an arbitrary iteration at guess_number_higher_or_lower.adb:23:33
misc/SPARK2/Ada-SPARK-Guess-Number-Higher-Or-Lower,tune,alt,20261038,guess_number_higher_or_lower.adb:8 constant 1 -> 2,"when 0 => 0, when 1 => 1, when 2 => 3, when 3 => 7, => when 0 => 0, when 1 => 2, when 2 => 3, when 3 => 7,",survived,equivalent,proof_fail,proof,medium: loop invariant might not be preserved by an arbitrary iteration at guess_number_higher_or_lower.adb:22:33
misc/SPARK2/Ada-SPARK-Guess-Number-Higher-Or-Lower,held,alt,20261038,guess_number_higher_or_lower.adb:8 constant 3 -> 4,"when 0 => 0, when 1 => 1, when 2 => 3, when 3 => 7, => when 0 => 0, when 1 => 1, when 2 => 4, when 3 => 7,",survived,equivalent,proof_fail,proof,medium: loop invariant might not be preserved by an arbitrary iteration at guess_number_higher_or_lower.adb:23:33
misc/SPARK2/Ada-SPARK-Guess-Number-Higher-Or-Lower,held,alt,20261038,guess_number_higher_or_lower.adb:9 constant 63 -> 64,"when 4 => 15, when 5 => 31, when 6 => 63) => when 4 => 15, when 5 => 31, when 6 => 64)",survived,equivalent,proved,,all checks proved (20 checks)
misc/SPARK2/Ada-SPARK-Guess-Number-Higher-Or-Lower,held,alt,20261038,guess_number_higher_or_lower.adb:9 constant 31 -> 32,"when 4 => 15, when 5 => 31, when 6 => 63) => when 4 => 15, when 5 => 32, when 6 => 63)",survived,equivalent,proof_fail,proof,medium: loop invariant might not be preserved by an arbitrary iteration at guess_number_higher_or_lower.adb:23:33
misc/SPARK2/Ada-SPARK-Guess-Number-Higher-Or-Lower,held,alt,20261038,guess_number_higher_or_lower.adb:9 constant 15 -> 16,"when 4 => 15, when 5 => 31, when 6 => 63) => when 4 => 16, when 5 => 31, when 6 => 63)",survived,equivalent,proof_fail,proof,medium: loop invariant might not be preserved by an arbitrary iteration at guess_number_higher_or_lower.adb:23:33
misc/SPARK2/Ada-SPARK-Guess-Number-Higher-Or-Lower,held,alt,20261038,guess_number_higher_or_lower.adb:9 constant 63 -> 62,"when 4 => 15, when 5 => 31, when 6 => 63) => when 4 => 15, when 5 => 31, when 6 => 62)",survived,equivalent,proved,,all checks proved (20 checks)
sorting/SPARK2/Ada-SPARK-Find-Minimum-In-Rotated-Sorted-Array,tune,std,20261039,find_minimum_in_rotated_sorted_array.adb:106 > -> >=,if Data (Mid) > Data (Hi) then => if Data (Mid) >= Data (Hi) then,survived,equivalent,proved,,all checks proved (50 checks)
sorting/SPARK2/Ada-SPARK-Find-Minimum-In-Rotated-Sorted-Array,tune,alt,20261039,find_minimum_in_rotated_sorted_array.adb:88 constant 4 -> 5,"when 0 => 32, when 1 => 16, when 2 => 8, when 3 => 4, => when 0 => 32, when 1 => 16, when 2 => 8, when 3 => 5,",survived,equivalent,proof_fail,proof,medium: loop invariant might not be preserved by an arbitrary iteration at find_minimum_in_rotated_sorted_array.adb:101:33
sorting/SPARK2/Ada-SPARK-Find-Minimum-In-Rotated-Sorted-Array,tune,alt,20261039,find_minimum_in_rotated_sorted_array.adb:88 constant 8 -> 9,"when 0 => 32, when 1 => 16, when 2 => 8, when 3 => 4, => when 0 => 32, when 1 => 16, when 2 => 9, when 3 => 4,",survived,equivalent,proof_fail,proof,medium: loop invariant might not be preserved by an arbitrary iteration at find_minimum_in_rotated_sorted_array.adb:101:33
sorting/SPARK2/Ada-SPARK-Find-Minimum-In-Rotated-Sorted-Array,tune,alt,20261039,find_minimum_in_rotated_sorted_array.adb:89 constant 1 -> 2,"when 4 => 2, when 5 => 1) => when 4 => 2, when 5 => 2)",survived,equivalent,proof_fail,proof,"medium: range check might fail, cannot prove upper bound for Probes + 1 at find_minimum_in_rotated_sorted_array.adb:104:27"
sorting/SPARK2/Ada-SPARK-Find-Minimum-In-Rotated-Sorted-Array,held,std,20261039,find_minimum_in_rotated_sorted_array.adb:28 < -> <=,"and then (P <= A or else B < P), => and then (P <= A or else B <= P),",survived,equivalent,proof_fail,proof,high: assertion might fail at find_minimum_in_rotated_sorted_array.adb:33:25
sorting/SPARK2/Ada-SPARK-Find-Minimum-In-Rotated-Sorted-Array,held,std,20261039,find_minimum_in_rotated_sorted_array.adb:14 > -> >=,if Data (K) > Data (K + 1) then => if Data (K) >= Data (K + 1) then,survived,equivalent,proved,,all checks proved (50 checks)
sorting/SPARK2/Ada-SPARK-Find-Minimum-In-Rotated-Sorted-Array,held,alt,20261039,find_minimum_in_rotated_sorted_array.adb:88 constant 16 -> 17,"when 0 => 32, when 1 => 16, when 2 => 8, when 3 => 4, => when 0 => 32, when 1 => 17, when 2 => 8, when 3 => 4,",survived,equivalent,proof_fail,proof,medium: loop invariant might not be preserved by an arbitrary iteration at find_minimum_in_rotated_sorted_array.adb:101:33
sorting/SPARK2/Ada-SPARK-Find-Minimum-In-Rotated-Sorted-Array,held,alt,20261039,find_minimum_in_rotated_sorted_array.adb:88 constant 32 -> 33,"when 0 => 32, when 1 => 16, when 2 => 8, when 3 => 4, => when 0 => 33, when 1 => 16, when 2 => 8, when 3 => 4,",survived,equivalent,proved,,all checks proved (50 checks)
sorting/SPARK2/Ada-SPARK-Find-Minimum-In-Rotated-Sorted-Array,held,alt,20261039,find_minimum_in_rotated_sorted_array.adb:32 constant 1 -> 2,for K in A .. B - 1 loop => for K in A .. B - 2 loop,survived,equivalent,proved,,all checks proved (50 checks)
sorting/SPARK2/Ada-SPARK-Find-Minimum-In-Rotated-Sorted-Array,held,alt,20261039,find_minimum_in_rotated_sorted_array.adb:89 constant 2 -> 3,"when 4 => 2, when 5 => 1) => when 4 => 3, when 5 => 1)",survived,equivalent,proof_fail,proof,medium: loop invariant might not be preserved by an arbitrary iteration at find_minimum_in_rotated_sorted_array.adb:101:33
misc/SPARK2/Ada-SPARK-Minimum-Number-Of-Days-To-Make-M-Bouquets,tune,std,20261040,minimum_number_of_days_to_make_m_bouquets.adb:63 < -> <=,"and then Length < (Count (Bloom_Days, Day'Last, Size) + 1) * Size => and then Length <= (Count (Bloom_Days, Day'Last, Size) + 1) * Size",survived,equivalent,proved,,all checks proved (73 checks)
misc/SPARK2/Ada-SPARK-Minimum-Number-Of-Days-To-Make-M-Bouquets,tune,std,20261040,minimum_number_of_days_to_make_m_bouquets.adb:21 < -> <=,"and then S2.Run < Size and then S2.Made * Size + S2.Run < Length, => and then S2.Run <= Size and then S2.Made * Size + S2.Run < Length,",survived,equivalent,proof_fail,proof,"medium: precondition might fail, cannot prove S.Run < Size at minimum_number_of_days_to_make_m_bouquets.adb:22:21; high: precondition might fail at minimum_number_of_days_to_make_m_bouquets.adb:27:25"
misc/SPARK2/Ada-SPARK-Minimum-Number-Of-Days-To-Make-M-Bouquets,tune,std,20261040,minimum_number_of_days_to_make_m_bouquets.adb:69 + -> -,if P.Run + 1 = Size then => if P.Run - 1 = Size then,survived,equivalent,proved,,all checks proved (73 checks)
misc/SPARK2/Ada-SPARK-Minimum-Number-Of-Days-To-Make-M-Bouquets,tune,std,20261040,minimum_number_of_days_to_make_m_bouquets.adb:21 + -> -,"and then S2.Run < Size and then S2.Made * Size + S2.Run < Length, => and then S2.Run < Size and then S2.Made * Size - S2.Run < Length,",survived,equivalent,proof_fail,proof,"medium: precondition might fail, cannot prove S.Made * Size + S.Run < Length at minimum_number_of_days_to_make_m_bouquets.adb:22:21; high: precondition might fail at minimum_number_of_days_to_make_m_bouquets.adb:27:25"
misc/SPARK2/Ada-SPARK-Minimum-Number-Of-Days-To-Make-M-Bouquets,tune,std,20261040,minimum_number_of_days_to_make_m_bouquets.adb:10 > -> >=,(S2.Made > S1.Made or else (S2.Made = S1.Made and then S2.Run >= S1.Run)) => (S2.Made >= S1.Made or else (S2.Made = S1.Made and then S2.Run >= S1.Run)),survived,equivalent,proof_fail,proof,high: assertion might fail at minimum_number_of_days_to_make_m_bouquets.adb:32:25
misc/SPARK2/Ada-SPARK-Minimum-Number-Of-Days-To-Make-M-Bouquets,tune,std,20261040,minimum_number_of_days_to_make_m_bouquets.adb:21 < -> <=,"and then S2.Run < Size and then S2.Made * Size + S2.Run < Length, => and then S2.Run < Size and then S2.Made * Size + S2.Run <= Length,",survived,equivalent,proof_fail,proof,"medium: precondition might fail, cannot prove S.Made * Size + S.Run < Length at minimum_number_of_days_to_make_m_bouquets.adb:22:21; high: precondition might fail at minimum_number_of_days_to_make_m_bouquets.adb:27:25"
misc/SPARK2/Ada-SPARK-Minimum-Number-Of-Days-To-Make-M-Bouquets,tune,alt,20261040,minimum_number_of_days_to_make_m_bouquets.adb:69+48 + 1 -> + 0 + <= -> <,"if P.Run + 1 = Size then || Lemma_Step (P1, P2, Bloom_Days (I) <= D1, Bloom_Days (I) <= D2, Size); => if P.Run + 0 = Size then || Lemma_Step (P1, P2, Bloom_Days (I) <= D1, Bloom_Days (I) < D2, Size);",survived,non-equivalent test survivor,proof_fail,proof,high: precondition might fail at minimum_number_of_days_to_make_m_bouquets.adb:48:10
misc/SPARK2/Ada-SPARK-Minimum-Number-Of-Days-To-Make-M-Bouquets,tune,alt,20261040,minimum_number_of_days_to_make_m_bouquets.adb:63+69 and then -> or else + + 1 -> + 0,"if P.Run + 1 = Size then || and then Length < (Count (Bloom_Days, Day'Last, Size) + 1) * Size => if P.Run + 0 = Size then || or else Length < (Count (Bloom_Days, Day'Last, Size) + 1) * Size",survived,equivalent,proof_fail,proof,"medium: postcondition might fail, cannot prove Minimum_Day'Result.Possible = (Bouquets * Size <= Length) at minimum_number_of_days_to_make_m_bouquets.ads:69:08"
misc/SPARK2/Ada-SPARK-Minimum-Number-Of-Days-To-Make-M-Bouquets,tune,alt,20261040,minimum_number_of_days_to_make_m_bouquets.adb:20+63 < -> <= + < -> <=,"and then Length < (Count (Bloom_Days, Day'Last, Size) + 1) * Size || and then S1.Run < Size and then S1.Made * Size + S1.Run < Length => and then Length <= (Count (Bloom_Days, Day'Last, Size) + 1) * Size || and then S1.Run <= Size and then S1.Made * Size + S1.Run < Length",survived,equivalent,proof_fail,proof,"medium: precondition might fail, cannot prove S.Run < Size at minimum_number_of_days_to_make_m_bouquets.adb:22:42; high: precondition might fail at minimum_number_of_days_to_make_m_bouquets.adb:26:25"
misc/SPARK2/Ada-SPARK-Minimum-Number-Of-Days-To-Make-M-Bouquets,tune,alt,20261040,minimum_number_of_days_to_make_m_bouquets.adb:21+69 < -> <= + + -> -,"if P.Run + 1 = Size then || and then S2.Run < Size and then S2.Made * Size + S2.Run < Length, => if P.Run - 1 = Size then || and then S2.Run < Size and then S2.Made * Size + S2.Run <= Length,",survived,equivalent,proof_fail,proof,"medium: precondition might fail, cannot prove S.Made * Size + S.Run < Length at minimum_number_of_days_to_make_m_bouquets.adb:22:21; high: precondition might fail at minimum_number_of_days_to_make_m_bouquets.adb:27:25"
misc/SPARK2/Ada-SPARK-Minimum-Number-Of-Days-To-Make-M-Bouquets,tune,alt,20261040,minimum_number_of_days_to_make_m_bouquets.adb:125 constant 2 -> 3,Mid := Lo + (Hi - Lo) / 2; => Mid := Lo + (Hi - Lo) / 3;,survived,equivalent,proved,,all checks proved (73 checks)
misc/SPARK2/Ada-SPARK-Minimum-Number-Of-Days-To-Make-M-Bouquets,held,std,20261040,minimum_number_of_days_to_make_m_bouquets.adb:48 <= -> <,"Lemma_Step (P1, P2, Bloom_Days (I) <= D1, Bloom_Days (I) <= D2, Size); => Lemma_Step (P1, P2, Bloom_Days (I) <= D1, Bloom_Days (I) < D2, Size);",survived,non-equivalent test survivor,proof_fail,proof,high: precondition might fail at minimum_number_of_days_to_make_m_bouquets.adb:48:10
misc/SPARK2/Ada-SPARK-Minimum-Number-Of-Days-To-Make-M-Bouquets,held,std,20261040,minimum_number_of_days_to_make_m_bouquets.adb:20 + -> -,and then S1.Run < Size and then S1.Made * Size + S1.Run < Length => and then S1.Run < Size and then S1.Made * Size - S1.Run < Length,survived,equivalent,proved,,all checks proved (73 checks)
misc/SPARK2/Ada-SPARK-Minimum-Number-Of-Days-To-Make-M-Bouquets,held,std,20261040,minimum_number_of_days_to_make_m_bouquets.adb:10 and then -> or else,(S2.Made > S1.Made or else (S2.Made = S1.Made and then S2.Run >= S1.Run)) => (S2.Made > S1.Made or else (S2.Made = S1.Made or else S2.Run >= S1.Run)),survived,equivalent,proof_fail,proof,high: postcondition might fail at minimum_number_of_days_to_make_m_bouquets.adb:22:14; high: assertion might fail at minimum_number_of_days_to_make_m_bouquets.adb:32:25
misc/SPARK2/Ada-SPARK-Minimum-Number-Of-Days-To-Make-M-Bouquets,held,std,20261040,minimum_number_of_days_to_make_m_bouquets.adb:20 < -> <=,and then S1.Run < Size and then S1.Made * Size + S1.Run < Length => and then S1.Run < Size and then S1.Made * Size + S1.Run <= Length,survived,equivalent,proved,,all checks proved (73 checks)
misc/SPARK2/Ada-SPARK-Minimum-Number-Of-Days-To-Make-M-Bouquets,held,std,20261040,minimum_number_of_days_to_make_m_bouquets.adb:69 + 1 -> + 0,if P.Run + 1 = Size then => if P.Run + 0 = Size then,survived,equivalent,proved,,all checks proved (73 checks)
misc/SPARK2/Ada-SPARK-Minimum-Number-Of-Days-To-Make-M-Bouquets,held,std,20261040,minimum_number_of_days_to_make_m_bouquets.adb:28 > -> >=,elsif S2.Made > S1.Made then => elsif S2.Made >= S1.Made then,survived,equivalent,proved,,all checks proved (73 checks)
misc/SPARK2/Ada-SPARK-Minimum-Number-Of-Days-To-Make-M-Bouquets,held,std,20261040,minimum_number_of_days_to_make_m_bouquets.adb:48 <= -> <,"Lemma_Step (P1, P2, Bloom_Days (I) <= D1, Bloom_Days (I) <= D2, Size); => Lemma_Step (P1, P2, Bloom_Days (I) < D1, Bloom_Days (I) <= D2, Size);",survived,equivalent,proof_fail,proof,medium: loop invariant might not be preserved by an arbitrary iteration at minimum_number_of_days_to_make_m_bouquets.adb:53:33
misc/SPARK2/Ada-SPARK-Minimum-Number-Of-Days-To-Make-M-Bouquets,held,std,20261040,minimum_number_of_days_to_make_m_bouquets.adb:63 and then -> or else,"and then Length < (Count (Bloom_Days, Day'Last, Size) + 1) * Size => or else Length < (Count (Bloom_Days, Day'Last, Size) + 1) * Size",survived,equivalent,proof_fail,proof,"medium: postcondition might fail, cannot prove Minimum_Day'Result.Possible = (Bouquets * Size <= Length) at minimum_number_of_days_to_make_m_bouquets.ads:69:08"
misc/SPARK2/Ada-SPARK-Minimum-Number-Of-Days-To-Make-M-Bouquets,held,std,20261040,minimum_number_of_days_to_make_m_bouquets.adb:20 < -> <=,and then S1.Run < Size and then S1.Made * Size + S1.Run < Length => and then S1.Run <= Size and then S1.Made * Size + S1.Run < Length,survived,equivalent,proof_fail,proof,"medium: precondition might fail, cannot prove S.Run < Size at minimum_number_of_days_to_make_m_bouquets.adb:22:42; high: precondition might fail at minimum_number_of_days_to_make_m_bouquets.adb:26:25"
misc/SPARK2/Ada-SPARK-Minimum-Number-Of-Days-To-Make-M-Bouquets,held,alt,20261040,minimum_number_of_days_to_make_m_bouquets.adb:48+20 <= -> < + + -> -,"Lemma_Step (P1, P2, Bloom_Days (I) <= D1, Bloom_Days (I) <= D2, Size); || and then S1.Run < Size and then S1.Made * Size + S1.Run < Length => Lemma_Step (P1, P2, Bloom_Days (I) < D1, Bloom_Days (I) <= D2, Size); || and then S1.Run < Size and then S1.Made * Size - S1.Run < Length",survived,equivalent,proof_fail,proof,medium: loop invariant might not be preserved by an arbitrary iteration at minimum_number_of_days_to_make_m_bouquets.adb:53:33
misc/SPARK2/Ada-SPARK-Minimum-Number-Of-Days-To-Make-M-Bouquets,held,alt,20261040,minimum_number_of_days_to_make_m_bouquets.adb:69 constant 1 -> 0,if P.Run + 1 = Size then => if P.Run + 0 = Size then,survived,equivalent,proved,,all checks proved (73 checks)
misc/SPARK2/Ada-SPARK-Minimum-Number-Of-Days-To-Make-M-Bouquets,held,alt,20261040,minimum_number_of_days_to_make_m_bouquets.adb:20+21 < -> <= + < -> <=,"and then S2.Run < Size and then S2.Made * Size + S2.Run < Length, || and then S1.Run < Size and then S1.Made * Size + S1.Run < Length => and then S2.Run <= Size and then S2.Made * Size + S2.Run < Length, || and then S1.Run <= Size and then S1.Made * Size + S1.Run < Length",survived,equivalent,proof_fail,proof,"medium: precondition might fail, cannot prove S.Run < Size at minimum_number_of_days_to_make_m_bouquets.adb:22:21; medium: precondition might fail, cannot prove S.Run < Size at minimum_number_of_days_to_make_m_bouquets.adb:22:42"
misc/SPARK2/Ada-SPARK-Minimum-Number-Of-Days-To-Make-M-Bouquets,held,alt,20261040,minimum_number_of_days_to_make_m_bouquets.adb:63 constant 1 -> 2,"and then Length < (Count (Bloom_Days, Day'Last, Size) + 1) * Size => and then Length < (Count (Bloom_Days, Day'Last, Size) + 2) * Size",survived,equivalent,proof_fail,proof,"medium: postcondition might fail, cannot prove Minimum_Day'Result.Possible = (Bouquets * Size <= Length) at minimum_number_of_days_to_make_m_bouquets.ads:69:08"
misc/SPARK2/Ada-SPARK-Minimum-Number-Of-Days-To-Make-M-Bouquets,held,alt,20261040,minimum_number_of_days_to_make_m_bouquets.adb:63+20 < -> <= + + -> -,"and then Length < (Count (Bloom_Days, Day'Last, Size) + 1) * Size || and then S1.Run < Size and then S1.Made * Size + S1.Run < Length => and then Length <= (Count (Bloom_Days, Day'Last, Size) + 1) * Size || and then S1.Run < Size and then S1.Made * Size - S1.Run < Length",survived,equivalent,proved,,all checks proved (73 checks)
graphs/SPARK2/Ada-SPARK-Clone-Graph,tune,std,20261036,clone_graph.adb:71 and then -> or else,(for all D in 1 .. Size => Inv (D) /= 0 and then Map (Inv (D)) = D) => (for all D in 1 .. Size => Inv (D) /= 0 or else Map (Inv (D)) = D),survived,equivalent,proof_fail,proof,"high: array index check might fail at clone_graph.adb:71:63; medium: range check might fail, cannot prove lower bound for Inv (Parent (D)) at clone_graph.adb:75:35"
graphs/SPARK2/Ada-SPARK-Clone-Graph,tune,std,20261036,clone_graph.adb:74 - -> +,Parent (D) in 1 .. D - 1 => Parent (D) in 1 .. D + 1,survived,equivalent,proof_fail,proof,"medium: range check might fail, cannot prove lower bound for Inv (Parent (D)) at clone_graph.adb:75:35; medium: range check might fail, cannot prove lower bound for Inv (Parent (D)) at clone_graph.adb:88:40"
graphs/SPARK2/Ada-SPARK-Clone-Graph,tune,std,20261036,clone_graph.adb:80 < -> <=,Map (P) /= 0 and then Map (P) < Map (N) => Map (P) /= 0 and then Map (P) <= Map (N),survived,equivalent,proof_fail,proof,"medium: postcondition might fail, cannot prove (for some P in Node_Id => R.Map (P) /= 0 and then R.Map (P) < R.Map (N) and then (for some S in Slot => Neighbor (G, P, S) = N)) at clone_graph.ads:77:16"
graphs/SPARK2/Ada-SPARK-Clone-Graph,tune,std,20261036,clone_graph.adb:47 /= -> =,"and then (for all N in Node_Id => (if Map (N) /= 0 then N <= Lim)), => and then (for all N in Node_Id => (if Map (N) = 0 then N <= Lim)),",survived,equivalent,proof_fail,proof,high: loop invariant might not be preserved by an arbitrary iteration at clone_graph.adb:53:13
graphs/SPARK2/Ada-SPARK-Clone-Graph,tune,alt,20261036,clone_graph.adb:74 constant 1 -> 0,Parent (D) in 1 .. D - 1 => Parent (D) in 1 .. D - 0,survived,equivalent,proof_fail,proof,"medium: assertion might fail, cannot prove Map (P) < D at clone_graph.adb:92:61"
graphs/SPARK2/Ada-SPARK-Clone-Graph,tune,alt,20261036,clone_graph.adb:71 constant 1 -> 2,(for all D in 1 .. Size => Inv (D) /= 0 and then Map (Inv (D)) = D) => (for all D in 2 .. Size => Inv (D) /= 0 and then Map (Inv (D)) = D),survived,equivalent,proved,,all checks proved (158 checks)
graphs/SPARK2/Ada-SPARK-Clone-Graph,tune,alt,20261036,clone_graph.adb:47 constant 0 -> 1,"and then (for all N in Node_Id => (if Map (N) /= 0 then N <= Lim)), => and then (for all N in Node_Id => (if Map (N) /= 1 then N <= Lim)),",survived,equivalent,proof_fail,proof,high: loop invariant might not be preserved by an arbitrary iteration at clone_graph.adb:53:13
graphs/SPARK2/Ada-SPARK-Clone-Graph,tune,alt,20261036,clone_graph.adb:74 constant 1 -> 0,Parent (D) in 1 .. D - 1 => Parent (D) in 0 .. D - 1,survived,equivalent,proof_fail,proof,high: array index check might fail at clone_graph.adb:75:40; medium: array index check might fail at clone_graph.adb:88:45
graphs/SPARK2/Ada-SPARK-Clone-Graph,held,std,20261036,clone_graph.adb:69 and then -> or else,(if Map (N) /= 0 then Map (N) <= Size and then Inv (Map (N)) = N)) => (if Map (N) /= 0 then Map (N) <= Size or else Inv (Map (N)) = N)),survived,equivalent,proof_fail,proof,"high: range check might fail, cannot prove lower bound for Inv (Parent (D)) at clone_graph.adb:88:40; high: array index check might fail at clone_graph.adb:88:45"
graphs/SPARK2/Ada-SPARK-Clone-Graph,held,std,20261036,clone_graph.adb:75 and then -> or else,"and then Neighbor (G, Inv (Parent (D)), Via (D)) = Inv (D)), => or else Neighbor (G, Inv (Parent (D)), Via (D)) = Inv (D)),",survived,equivalent,proof_fail,proof,"medium: range check might fail, cannot prove lower bound for Inv (Parent (D)) at clone_graph.adb:75:34; high: array index check might fail at clone_graph.adb:75:39"
graphs/SPARK2/Ada-SPARK-Clone-Graph,held,std,20261036,clone_graph.adb:81 = -> /=,"and then (for some S in Slot => Neighbor (G, P, S) = N)))) => and then (for some S in Slot => Neighbor (G, P, S) /= N))))",survived,non-equivalent test survivor,proof_fail,proof,"medium: postcondition might fail, cannot prove (for some P in Node_Id => Map (P) /= 0 and then Map (P) < Map (N) and then (for some S in Slot => Neighbor (G, P, S) /= N)) at clone_graph.adb:79:14; medium: postcondition might fail, cannot prove (for some P in Node_Id => R.Map (P) /= 0 and then R.Map (P) < R.Map (N) and then (for some S in Slot => Neighbor (G, P, S) = N)) at clone_graph.ads:77:16"
graphs/SPARK2/Ada-SPARK-Clone-Graph,held,std,20261036,clone_graph.adb:74 - 1 -> - 0,Parent (D) in 1 .. D - 1 => Parent (D) in 1 .. D - 0,survived,equivalent,proof_fail,proof,"medium: assertion might fail, cannot prove Map (P) < D at clone_graph.adb:92:61"
graphs/SPARK2/Ada-SPARK-Clone-Graph,held,alt,20261036,clone_graph.adb:119 constant 1 -> 2,"Lemma_Count_Add (Map, [Map with delta Start => 1], Start); => Lemma_Count_Add (Map, [Map with delta Start => 2], Start);",survived,equivalent,proved,,all checks proved (158 checks)
graphs/SPARK2/Ada-SPARK-Clone-Graph,held,alt,20261036,clone_graph.adb:116 constant 1 -> 2,Via     : Slot_Map := [others => 1] with Ghost; => Via     : Slot_Map := [others => 2] with Ghost;,survived,equivalent,proved,,all checks proved (158 checks)
graphs/SPARK2/Ada-SPARK-Clone-Graph,held,alt,20261036,clone_graph.adb:75+74 and then -> or else + - -> +,"and then Neighbor (G, Inv (Parent (D)), Via (D)) = Inv (D)), || Parent (D) in 1 .. D - 1 => or else Neighbor (G, Inv (Parent (D)), Via (D)) = Inv (D)), || Parent (D) in 1 .. D + 1",survived,equivalent,proof_fail,proof,"medium: range check might fail, cannot prove lower bound for Inv (Parent (D)) at clone_graph.adb:75:34; high: array index check might fail at clone_graph.adb:75:39"
graphs/SPARK2/Ada-SPARK-Clone-Graph,held,alt,20261036,clone_graph.adb:115 constant 0 -> 1,Parent  : Id_Map := [others => 0] with Ghost; => Parent  : Id_Map := [others => 1] with Ghost;,survived,equivalent,proved,,all checks proved (158 checks)
