folder,seed,draw_index,mutant,test_exit,prove_exit,class,reason
misc/SPARK2/Ada-SPARK-Fisher-Yates-Shuffle,20261070,2,fisher_yates_shuffle.adb:11-13 = -> /= + = -> /= + - -> + (Lemma_Set Post),0,0,equivalent (written reason),"the mutated Lemma_Set Post is true for every input: the true change is Occ (B) - Occ (A) = [B (K) = V] - [A (K) = V]; each mutant flips exactly one indicator [x = V] -> [x /= V] (which moves its side by an odd amount, +-1) and otherwise only flips the sign of an indicator term (an even change, 0 or +-2), so the mutant's right side always differs from the true value by an odd number and 'Occ (B) /= mutant side' always holds; the body is unchanged, -gnata runs the same, make test and make prove pass; Lemma_Set's original Post is thus not needed by Shuffle's proof (a redundant ghost lemma, reported, not removed)"
misc/SPARK2/Ada-SPARK-Fisher-Yates-Shuffle,20261070,3,fisher_yates_shuffle.adb:11-12 = -> /= + - -> + + = -> /= (Lemma_Set Post),0,0,equivalent (written reason),"the mutated Lemma_Set Post is true for every input: the true change is Occ (B) - Occ (A) = [B (K) = V] - [A (K) = V]; each mutant flips exactly one indicator [x = V] -> [x /= V] (which moves its side by an odd amount, +-1) and otherwise only flips the sign of an indicator term (an even change, 0 or +-2), so the mutant's right side always differs from the true value by an odd number and 'Occ (B) /= mutant side' always holds; the body is unchanged, -gnata runs the same, make test and make prove pass; Lemma_Set's original Post is thus not needed by Shuffle's proof (a redundant ghost lemma, reported, not removed)"
misc/SPARK2/Ada-SPARK-Fisher-Yates-Shuffle,20261070,4,fisher_yates_shuffle.adb:11-13 + -> - + = -> /= + = -> /= (Lemma_Set Post),0,0,equivalent (written reason),"the mutated Lemma_Set Post is true for every input: the true change is Occ (B) - Occ (A) = [B (K) = V] - [A (K) = V]; each mutant flips exactly one indicator [x = V] -> [x /= V] (which moves its side by an odd amount, +-1) and otherwise only flips the sign of an indicator term (an even change, 0 or +-2), so the mutant's right side always differs from the true value by an odd number and 'Occ (B) /= mutant side' always holds; the body is unchanged, -gnata runs the same, make test and make prove pass; Lemma_Set's original Post is thus not needed by Shuffle's proof (a redundant ghost lemma, reported, not removed)"
misc/SPARK2/Ada-SPARK-Fisher-Yates-Shuffle,20261070,6,fisher_yates_shuffle.adb:11-12 = -> /= + = -> /= (Lemma_Set Post),0,0,equivalent (written reason),"the mutated Lemma_Set Post is true for every input: the true change is Occ (B) - Occ (A) = [B (K) = V] - [A (K) = V]; each mutant flips exactly one indicator [x = V] -> [x /= V] (which moves its side by an odd amount, +-1) and otherwise only flips the sign of an indicator term (an even change, 0 or +-2), so the mutant's right side always differs from the true value by an odd number and 'Occ (B) /= mutant side' always holds; the body is unchanged, -gnata runs the same, make test and make prove pass; Lemma_Set's original Post is thus not needed by Shuffle's proof (a redundant ghost lemma, reported, not removed)"
misc/SPARK2/Ada-SPARK-Fisher-Yates-Shuffle,20261070,9,fisher_yates_shuffle.adb:11-13 = -> /= + = -> /= (Lemma_Set Post),0,0,equivalent (written reason),"the mutated Lemma_Set Post is true for every input: the true change is Occ (B) - Occ (A) = [B (K) = V] - [A (K) = V]; each mutant flips exactly one indicator [x = V] -> [x /= V] (which moves its side by an odd amount, +-1) and otherwise only flips the sign of an indicator term (an even change, 0 or +-2), so the mutant's right side always differs from the true value by an odd number and 'Occ (B) /= mutant side' always holds; the body is unchanged, -gnata runs the same, make test and make prove pass; Lemma_Set's original Post is thus not needed by Shuffle's proof (a redundant ghost lemma, reported, not removed)"
misc/SPARK2/Ada-SPARK-Fisher-Yates-Shuffle,20261070,13,fisher_yates_shuffle.adb:11-13 = -> /= + = -> /= + + -> - (Lemma_Set Post),0,0,equivalent (written reason),"the mutated Lemma_Set Post is true for every input: the true change is Occ (B) - Occ (A) = [B (K) = V] - [A (K) = V]; each mutant flips exactly one indicator [x = V] -> [x /= V] (which moves its side by an odd amount, +-1) and otherwise only flips the sign of an indicator term (an even change, 0 or +-2), so the mutant's right side always differs from the true value by an odd number and 'Occ (B) /= mutant side' always holds; the body is unchanged, -gnata runs the same, make test and make prove pass; Lemma_Set's original Post is thus not needed by Shuffle's proof (a redundant ghost lemma, reported, not removed)"
misc/SPARK2/Ada-SPARK-Fisher-Yates-Shuffle,20261071,82,fisher_yates_shuffle.adb:17 loop direction forward -> reverse (ghost Lemma_Set loop),0,0,equivalent (written reason),"ghost-only change (a ghost lemma's proof loop runs in reverse), no executable effect; make prove still proves every check, so the mutant is another valid proof of the same lemma"
concurrency/SPARK2/Course-Schedule,20261071,75,course_schedule.adb:24 loop direction forward -> reverse (ghost Lemma_Count_Add loop),0,0,equivalent (written reason),"ghost-only change (a ghost lemma's proof loop runs in reverse), no executable effect; make prove still proves every check, so the mutant is another valid proof of the same lemma"
concurrency/SPARK2/Course-Schedule,20261071,195,course_schedule.adb:64 loop direction forward -> reverse (ghost Lemma_Count_All loop),0,0,equivalent (written reason),"ghost-only change (a ghost lemma's proof loop runs in reverse), no executable effect; make prove still proves every check, so the mutant is another valid proof of the same lemma"
concurrency/SPARK2/Course-Schedule,20261071,76,course_schedule.adb:125 replace variable Done -> Stuck (ghost call Lemma_Some_Left (Done)),0,0,equivalent (written reason),"ghost-only change: the ghost call Lemma_Some_Left (Stuck) has no executable effect (Stuck is still the empty set declared at line 94, so its Pre Count < Course_Count holds at runtime), and make prove still proves every check, so the fact it gave for Done is not needed by the proof there"
concurrency/SPARK2/Course-Schedule,20261071,341,course_schedule.adb Lemma_Count_Add replace variable B -> A,0,2,proof kill,make prove: loop invariant might fail in first iteration / might not be preserved (high)
concurrency/SPARK2/Course-Schedule,20261071,378,course_schedule.adb Lemma_Count_Add replace variable X -> C,0,2,proof kill,make prove: loop invariant might fail in first iteration / might not be preserved (high)
concurrency/SPARK2/Course-Schedule,20261071,557,course_schedule.adb Lemma_Count_Add replace variable A -> B,0,2,proof kill,make prove: loop invariant might fail in first iteration / might not be preserved (high)
concurrency/SPARK2/Course-Schedule,20261071,623,course_schedule.adb Lemma_Count_Add replace variable C -> X,0,2,proof kill,make prove: loop invariant might fail in first iteration / might not be preserved (high)
concurrency/SPARK2/Course-Schedule,20261071,638,course_schedule.adb:141 replace variable Stuck -> Done (Ok result returns Done as Stuck),0,0,"SURVIVOR: real, killed by stronger checks in da3f10ec",the old Post said nothing about Stuck when Ok; da3f10ec adds 'Stuck empty when Ok' to the Post and tests.adb; the mutant applied to da3f10ec fails make test (PROGRAM_ERROR: acyclic sample has a nonempty stuck set)
