folder,file,line,kind,detail,verdict,reason,table_test
clustering/Ada/Average-Linkage-Clustering,clustering/Ada/Average-Linkage-Clustering/tests.adb,1,C small test inputs,unbounded params ['Natural']; largest literal in tests.adb 99,not a placeholder by scan,"no answer table found in the library sources (scan kinds A / B); the small literals are sizes, indices or counts; not reviewed line by line",n/a
clustering/Ada/Complete-Linkage-Clustering,clustering/Ada/Complete-Linkage-Clustering/tests.adb,1,C small test inputs,unbounded params ['Natural']; largest literal in tests.adb 99,not a placeholder by scan,"no answer table found in the library sources (scan kinds A / B); the small literals are sizes, indices or counts; not reviewed line by line",n/a
clustering/Ada/Single-Linkage-Clustering,clustering/Ada/Single-Linkage-Clustering/tests.adb,1,C small test inputs,unbounded params ['Natural']; largest literal in tests.adb 99,not a placeholder by scan,"no answer table found in the library sources (scan kinds A / B); the small literals are sizes, indices or counts; not reviewed line by line",n/a
clustering/Ada/WACA-Clustering,clustering/Ada/WACA-Clustering/tests.adb,1,C small test inputs,"unbounded params ['Natural', 'Positive']; largest literal in tests.adb 100",not a placeholder by scan,"no answer table found in the library sources (scan kinds A / B); the small literals are sizes, indices or counts; not reviewed line by line",n/a
concurrency/Ada/Vector-Clocks,concurrency/Ada/Vector-Clocks/tests.adb,1,C small test inputs,unbounded params ['Positive']; largest literal in tests.adb 13,not a placeholder by scan,"no answer table found in the library sources (scan kinds A / B); the small literals are sizes, indices or counts; not reviewed line by line",n/a
concurrency/Ada/sjn,concurrency/Ada/sjn/sjn_main.adb,165,A constant aggregate,Test_Jobs: 32 literals,demo data,"job list of the demo main program sjn_main.adb, not an answer table",n/a (demo input)
cryptography/Ada/BLAKE,cryptography/Ada/BLAKE/blake.adb,13,A constant aggregate,Sigma: 160 literals,legit table,BLAKE message-word permutations sigma_0..9 (spec data); no generating rule,"todo: property test, every row a permutation of 0 .. 15"
cryptography/Ada/BLAKE,cryptography/Ada/BLAKE/blake.adb,26,A constant aggregate,C_256: 16 literals,legit table,BLAKE constants = leading hex digits of pi (spec),todo: regenerate from pi (BBP hex-digit formula) and compare entry by entry
cryptography/Ada/BLAKE,cryptography/Ada/BLAKE/blake.adb,41,A constant aggregate,C_512: 16 literals,legit table,BLAKE constants = leading hex digits of pi (spec),todo: regenerate from pi (BBP hex-digit formula) and compare entry by entry
cryptography/Ada/Bcrypt,cryptography/Ada/Bcrypt/bcrypt.adb,25,A constant aggregate,Magic_String: 24 literals,legit table,"""OrpheanBeholderScryDoubt"" magic string (spec)",todo: compare with the ASCII string
cryptography/Ada/Blowfish,cryptography/Ada/Blowfish/blowfish.adb,4,A constant aggregate,Initial_P: 18 literals,legit table,Blowfish P-array and S-boxes = hex digits of pi (spec),todo: regenerate from pi hex digits (BBP) and compare entry by entry
cryptography/Ada/Blowfish,cryptography/Ada/Blowfish/blowfish.adb,9,A constant aggregate,Initial_S: 1028 literals,legit table,Blowfish P-array and S-boxes = hex digits of pi (spec),todo: regenerate from pi hex digits (BBP) and compare entry by entry
cryptography/Ada/Data-Encryption-Standard,cryptography/Ada/Data-Encryption-Standard/data_encryption_standard.adb,31,A constant aggregate,IP_Table: 64 literals,legit table,DES bit-permutation / expansion / shift tables (FIPS 46-3 data),"todo: property test (IP and FP inverse permutations of 1 .. 64, PC1/PC2/E/P entries in range and distinct where required, shifts sum to 28)"
cryptography/Ada/Data-Encryption-Standard,cryptography/Ada/Data-Encryption-Standard/data_encryption_standard.adb,37,A constant aggregate,FP_Table: 64 literals,legit table,DES bit-permutation / expansion / shift tables (FIPS 46-3 data),"todo: property test (IP and FP inverse permutations of 1 .. 64, PC1/PC2/E/P entries in range and distinct where required, shifts sum to 28)"
cryptography/Ada/Data-Encryption-Standard,cryptography/Ada/Data-Encryption-Standard/data_encryption_standard.adb,43,A constant aggregate,PC1_Table: 56 literals,legit table,DES bit-permutation / expansion / shift tables (FIPS 46-3 data),"todo: property test (IP and FP inverse permutations of 1 .. 64, PC1/PC2/E/P entries in range and distinct where required, shifts sum to 28)"
cryptography/Ada/Data-Encryption-Standard,cryptography/Ada/Data-Encryption-Standard/data_encryption_standard.adb,49,A constant aggregate,PC2_Table: 48 literals,legit table,DES bit-permutation / expansion / shift tables (FIPS 46-3 data),"todo: property test (IP and FP inverse permutations of 1 .. 64, PC1/PC2/E/P entries in range and distinct where required, shifts sum to 28)"
cryptography/Ada/Data-Encryption-Standard,cryptography/Ada/Data-Encryption-Standard/data_encryption_standard.adb,55,A constant aggregate,E_Table: 48 literals,legit table,DES bit-permutation / expansion / shift tables (FIPS 46-3 data),"todo: property test (IP and FP inverse permutations of 1 .. 64, PC1/PC2/E/P entries in range and distinct where required, shifts sum to 28)"
cryptography/Ada/Data-Encryption-Standard,cryptography/Ada/Data-Encryption-Standard/data_encryption_standard.adb,61,A constant aggregate,P_Table: 32 literals,legit table,DES bit-permutation / expansion / shift tables (FIPS 46-3 data),"todo: property test (IP and FP inverse permutations of 1 .. 64, PC1/PC2/E/P entries in range and distinct where required, shifts sum to 28)"
cryptography/Ada/Data-Encryption-Standard,cryptography/Ada/Data-Encryption-Standard/data_encryption_standard.adb,65,A constant aggregate,Shift_Table: 16 literals,legit table,DES bit-permutation / expansion / shift tables (FIPS 46-3 data),"todo: property test (IP and FP inverse permutations of 1 .. 64, PC1/PC2/E/P entries in range and distinct where required, shifts sum to 28)"
cryptography/Ada/Data-Encryption-Standard,cryptography/Ada/Data-Encryption-Standard/data_encryption_standard.adb,68,A constant aggregate,S_Boxes: 552 literals,legit table,"DES S-boxes (FIPS 46-3 data, no generating rule)","todo: property test, every row a permutation of 0 .. 15; source in tests/SOURCES.txt"
cryptography/Ada/MD5,cryptography/Ada/MD5/md5.adb,8,A constant aggregate,S: 64 literals,legit table,MD5 per-round shift amounts (RFC 1321 data),"todo: property test (4 rounds, each a repeated 4-value pattern from RFC 1321); source in tests/SOURCES.txt"
cryptography/Ada/MD5,cryptography/Ada/MD5/md5.adb,15,A constant aggregate,K: 64 literals,legit table,MD5 K (i) = floor (abs (sin (i + 1)) * 2 ** 32) (RFC 1321),todo: regenerate from sin and compare entry by entry
cryptography/Ada/SHA3,cryptography/Ada/SHA3/sha3.adb,8,A constant aggregate,RC: 24 literals,legit table,Keccak round constants from the rc (t) LFSR (FIPS 202),todo: regenerate with the LFSR and compare entry by entry
cryptography/Ada/SHA3,cryptography/Ada/SHA3/sha3.adb,19,A constant aggregate,Rho_Offsets: 25 literals,legit table,Keccak rho offsets from the (t + 1)(t + 2) / 2 walk (FIPS 202),todo: regenerate from the walk and compare entry by entry
cryptography/Ada/Threefish,cryptography/Ada/Threefish/threefish.adb,9,A constant aggregate,Pi_1024: 16 literals,legit table,Threefish word permutation (spec data),"todo: property test, a permutation of 0 .. 15"
cryptography/Ada/Threefish,cryptography/Ada/Threefish/threefish.adb,12,A constant aggregate,Rot_256: 24 literals,legit table,"Threefish rotation constants (spec data, found by search, no closed rule)","todo: property test, every entry in 1 .. 63; source in tests/SOURCES.txt"
cryptography/Ada/Threefish,cryptography/Ada/Threefish/threefish.adb,25,A constant aggregate,Rot_512: 40 literals,legit table,"Threefish rotation constants (spec data, found by search, no closed rule)","todo: property test, every entry in 1 .. 63; source in tests/SOURCES.txt"
cryptography/Ada/Threefish,cryptography/Ada/Threefish/threefish.adb,35,A constant aggregate,Rot_1024: 72 literals,legit table,"Threefish rotation constants (spec data, found by search, no closed rule)","todo: property test, every entry in 1 .. 63; source in tests/SOURCES.txt"
cryptography/Ada/WHIRLPOOL,cryptography/Ada/WHIRLPOOL/whirlpool.adb,12,A constant aggregate,S_Box: 107 literals,legit table,"Whirlpool S-box built from the E, E^-1 and R mini-boxes (spec)",todo: regenerate from the mini-boxes and compare entry by entry
geometry/Ada/Canny-Edge-Detector,geometry/Ada/Canny-Edge-Detector/canny_edge_detector.adb,10,A constant aggregate,Kernel: 25 literals,legit table,"5x5 integer Gaussian kernel (sigma 1.4, sum 159), a standard approximation","todo: property test (symmetric, sum 159, entries match rounded Gaussian weights within 1)"
geometry/Ada/Dithering,geometry/Ada/Dithering/tests_golden.adb,32,A constant aggregate,In_FS: 35 literals,test data,"golden input/output pictures inside tests_golden.adb, a test driver the scanner did not exclude",n/a (test data)
geometry/Ada/Dithering,geometry/Ada/Dithering/tests_golden.adb,38,A constant aggregate,Want_FS: 35 literals,test data,"golden input/output pictures inside tests_golden.adb, a test driver the scanner did not exclude",n/a (test data)
geometry/Ada/Dithering,geometry/Ada/Dithering/tests_golden.adb,44,A constant aggregate,In_AT: 35 literals,test data,"golden input/output pictures inside tests_golden.adb, a test driver the scanner did not exclude",n/a (test data)
geometry/Ada/Dithering,geometry/Ada/Dithering/tests_golden.adb,50,A constant aggregate,Want_AT: 35 literals,test data,"golden input/output pictures inside tests_golden.adb, a test driver the scanner did not exclude",n/a (test data)
geometry/Ada/Dithering,geometry/Ada/Dithering/tests_golden.adb,56,A constant aggregate,In_JJN: 35 literals,test data,"golden input/output pictures inside tests_golden.adb, a test driver the scanner did not exclude",n/a (test data)
geometry/Ada/Dithering,geometry/Ada/Dithering/tests_golden.adb,62,A constant aggregate,Want_JJN: 35 literals,test data,"golden input/output pictures inside tests_golden.adb, a test driver the scanner did not exclude",n/a (test data)
geometry/Ada/Dithering,geometry/Ada/Dithering/tests_golden.adb,68,A constant aggregate,In_ST: 35 literals,test data,"golden input/output pictures inside tests_golden.adb, a test driver the scanner did not exclude",n/a (test data)
geometry/Ada/Dithering,geometry/Ada/Dithering/tests_golden.adb,74,A constant aggregate,Want_ST: 35 literals,test data,"golden input/output pictures inside tests_golden.adb, a test driver the scanner did not exclude",n/a (test data)
geometry/Ada/Isosurfaces,geometry/Ada/Isosurfaces/isosurfaces.adb,41,A constant aggregate,Cube_Edge_Verts: 36 literals,legit table,cube / tetrahedron edge-to-vertex incidence (geometry),todo: regenerate from the vertex numbering (each edge joins two vertices that differ in one coordinate)
geometry/Ada/Isosurfaces,geometry/Ada/Isosurfaces/isosurfaces.adb,866,A constant aggregate,Tetra_Edge_Verts: 18 literals,legit table,cube / tetrahedron edge-to-vertex incidence (geometry),todo: regenerate from the vertex numbering (each edge joins two vertices that differ in one coordinate)
geometry/Ada/Marching-Cubes,geometry/Ada/Marching-Cubes/marching_cubes.adb,30,A constant aggregate,Cube_Edge_Verts: 36 literals,legit table,cube / tetrahedron edge-to-vertex incidence (geometry),todo: regenerate from the vertex numbering (each edge joins two vertices that differ in one coordinate)
geometry/Ada/Marching-Cubes,geometry/Ada/Marching-Cubes/marching_cubes.adb,44,A constant aggregate,Edge_Flags: 256 literals,legit table,edge table: which edges a cube case cuts,todo: regenerate from the corner signs (edge cut iff its two corners differ) and compare all 256
geometry/Ada/Marching-Cubes,geometry/Ada/Marching-Cubes/marching_cubes.adb,82,A constant aggregate,Tri_Edges: 4352 literals,legit table,triangle table (Lorensen-Cline case data),"todo: property test, every triangle edge is in Edge_Flags (case) and every cut edge is used"
geometry/Ada/Marching-Cubes,geometry/Ada/Marching-Cubes/marching_cubes.adb,345,A constant aggregate,Zero_Triangle: 18 literals,legit table,cube / tetrahedron edge-to-vertex incidence (geometry),todo: regenerate from the vertex numbering (each edge joins two vertices that differ in one coordinate)
graphs/Ada/Floyds-Cycle-Finding-Algorithm,graphs/Ada/Floyds-Cycle-Finding-Algorithm/tests.adb,1,C small test inputs,"unbounded params ['Natural', 'Positive']; largest literal in tests.adb 20",not a placeholder by scan,"no answer table found in the library sources (scan kinds A / B); the small literals are sizes, indices or counts; not reviewed line by line",n/a
graphs/SPARK4/Ada-SPARK-Floyds-Cycle-Finding-Algorithm,graphs/SPARK4/Ada-SPARK-Floyds-Cycle-Finding-Algorithm/tests.adb,1,C small test inputs,unbounded params ['Natural']; largest literal in tests.adb 48,not a placeholder by scan,"no answer table found in the library sources (scan kinds A / B); the small literals are sizes, indices or counts; not reviewed line by line",n/a
hashing/Ada/Hash-Functions,hashing/Ada/Hash-Functions/hash_functions.ads,43,A constant aggregate,Pearson_Table: 256 literals,legit table,Pearson permutation of 0 .. 255 (arbitrary data),"todo: property test, a permutation of 0 .. 255; source in tests/SOURCES.txt"
hashing/Ada/Pearson-Hashing,hashing/Ada/Pearson-Hashing/pearson_hash.ads,10,A constant aggregate,Default_Table: 256 literals,legit table,Pearson permutation of 0 .. 255 (arbitrary data),"todo: property test, a permutation of 0 .. 255; source in tests/SOURCES.txt"
hashing/SPARK2/Ada-SPARK-Pearson-Hashing,hashing/SPARK2/Ada-SPARK-Pearson-Hashing/pearson_hashing.adb,10,A constant aggregate,Permutation: 256 literals,legit table,Pearson permutation of 0 .. 255 (arbitrary data),"todo: property test, a permutation of 0 .. 255; source in tests/SOURCES.txt"
matrices/Ada/Matrix-Multiplication,matrices/Ada/Matrix-Multiplication/matrix_multiplication.adb,38,A constant aggregate,Milestones: 17 literals,demo data,"list of historical milestones (year, exponent, name) for printing, not an answer table",n/a (documentation data)
matrices/Ada/Quantum-Singular-Value-Transformation,matrices/Ada/Quantum-Singular-Value-Transformation/tests.adb,1,C small test inputs,unbounded params ['Natural']; largest literal in tests.adb 13,not a placeholder by scan,"no answer table found in the library sources (scan kinds A / B); the small literals are sizes, indices or counts; not reviewed line by line",n/a
misc/Ada/Backward-Induction,misc/Ada/Backward-Induction/tests.adb,1,C small test inputs,"unbounded params ['Natural', 'Positive']; largest literal in tests.adb 41",not a placeholder by scan,"no answer table found in the library sources (scan kinds A / B); the small literals are sizes, indices or counts; not reviewed line by line",n/a
misc/Ada/Bankers-Algorithm,misc/Ada/Bankers-Algorithm/tests.adb,1,C small test inputs,unbounded params ['Positive']; largest literal in tests.adb 15,not a placeholder by scan,"no answer table found in the library sources (scan kinds A / B); the small literals are sizes, indices or counts; not reviewed line by line",n/a
misc/Ada/Beginner-Embedded-API,misc/Ada/Beginner-Embedded-API/tests.adb,1,C small test inputs,unbounded params ['Natural']; largest literal in tests.adb 35,not a placeholder by scan,"no answer table found in the library sources (scan kinds A / B); the small literals are sizes, indices or counts; not reviewed line by line",n/a
misc/Ada/Booth-Multiplication,misc/Ada/Booth-Multiplication/booth_multiplication.adb,128,B case answer table,6 of 6 arms give a literal,legit table,radix-4 Booth recoding of the bit triple (definition: -2 y1 + y0 + prev),todo: regenerate from -2 * Y1 + Y0 + Prev for all 8 triples
misc/Ada/Buchbergers-Algorithm,misc/Ada/Buchbergers-Algorithm/tests.adb,1,C small test inputs,unbounded params ['Integer']; largest literal in tests.adb 7,not a placeholder by scan,"no answer table found in the library sources (scan kinds A / B); the small literals are sizes, indices or counts; not reviewed line by line",n/a
misc/Ada/Buddy-Memory-Allocation,misc/Ada/Buddy-Memory-Allocation/buddy_allocators.adb,23,A constant aggregate,Fib: 20 literals,legit table,Fibonacci numbers for the Fibonacci buddy system,todo: regenerate by the recurrence F (k) = F (k - 1) + F (k - 2)
misc/Ada/Buddy-Memory-Allocation,misc/Ada/Buddy-Memory-Allocation/buddy_allocators.adb,42,A constant aggregate,Fib: 20 literals,legit table,Fibonacci numbers for the Fibonacci buddy system,todo: regenerate by the recurrence F (k) = F (k - 1) + F (k - 2)
misc/Ada/Chase,misc/Ada/Chase/chase.adb,143,B case answer table,9 of 9 arms give a literal,legit table,attribute-to-position map of an enumeration (data layout),"n/a (enumeration map, not numeric answers)"
misc/Ada/DDA-Line-Algorithm,misc/Ada/DDA-Line-Algorithm/tests.adb,1,C small test inputs,unbounded params ['Positive']; largest literal in tests.adb 60,not a placeholder by scan,"no answer table found in the library sources (scan kinds A / B); the small literals are sizes, indices or counts; not reviewed line by line",n/a
misc/Ada/Damm-Algorithm,misc/Ada/Damm-Algorithm/damm_algorithm.adb,10,A constant aggregate,Table: 100 literals,legit table,"Damm quasigroup table (order 10, weakly totally anti-symmetric; data from Damm 2004)","todo: property test (Latin square, zero diagonal, weak total anti-symmetry); source in tests/SOURCES.txt"
misc/Ada/Estimation-Theory,misc/Ada/Estimation-Theory/tests.adb,1,C small test inputs,unbounded params ['Positive']; largest literal in tests.adb 100,not a placeholder by scan,"no answer table found in the library sources (scan kinds A / B); the small literals are sizes, indices or counts; not reviewed line by line",n/a
misc/Ada/Faugere-F4,misc/Ada/Faugere-F4/tests.adb,1,C small test inputs,unbounded params ['Integer']; largest literal in tests.adb 32,not a placeholder by scan,"no answer table found in the library sources (scan kinds A / B); the small literals are sizes, indices or counts; not reviewed line by line",n/a
misc/Ada/Filtered-Back-Projection,misc/Ada/Filtered-Back-Projection/tests.adb,1,C small test inputs,unbounded params ['Integer']; largest literal in tests.adb 36,not a placeholder by scan,"no answer table found in the library sources (scan kinds A / B); the small literals are sizes, indices or counts; not reviewed line by line",n/a
misc/Ada/Flood-Fill,misc/Ada/Flood-Fill/flood_fill.adb,22,A constant aggregate,Neighbours_8: 16 literals,legit table,neighbour / knight-move offset list (geometry),"todo: regenerate (all (dx, dy) with the move shape) and compare as sets"
misc/Ada/Foundations-Curriculum,misc/Ada/Foundations-Curriculum/grade_5_math.adb,6,B case answer table,6 of 6 arms give a literal,legit table,place value -> power of ten,todo: regenerate as 10 ** k
misc/Ada/Gospers-Algorithm,misc/Ada/Gospers-Algorithm/tests.adb,1,C small test inputs,unbounded params ['Integer']; largest literal in tests.adb 17,not a placeholder by scan,"no answer table found in the library sources (scan kinds A / B); the small literals are sizes, indices or counts; not reviewed line by line",n/a
misc/Ada/Ground-State,misc/Ada/Ground-State/tests.adb,1,C small test inputs,"unbounded params ['Natural', 'Positive']; largest literal in tests.adb 100",not a placeholder by scan,"no answer table found in the library sources (scan kinds A / B); the small literals are sizes, indices or counts; not reviewed line by line",n/a
misc/Ada/Half-Toning,misc/Ada/Half-Toning/halftoning.adb,30,A constant aggregate,Bayer: 16 literals,legit table,4x4 Bayer matrix,todo: regenerate by the recursive Bayer construction
misc/Ada/Hamming-7-4,misc/Ada/Hamming-7-4/hamming_7_4.ads,25,A constant aggregate,G_Systematic: 28 literals,legit table,"Hamming (7,4) generator / parity-check matrices",todo: property test G * transpose (H) = 0 mod 2 and H columns distinct and nonzero
misc/Ada/Hamming-7-4,misc/Ada/Hamming-7-4/hamming_7_4.ads,31,A constant aggregate,H_Systematic: 21 literals,legit table,"Hamming (7,4) generator / parity-check matrices",todo: property test G * transpose (H) = 0 mod 2 and H columns distinct and nonzero
misc/Ada/Hamming-7-4,misc/Ada/Hamming-7-4/hamming_7_4.ads,37,A constant aggregate,G_Interleaved: 28 literals,legit table,"Hamming (7,4) generator / parity-check matrices",todo: property test G * transpose (H) = 0 mod 2 and H columns distinct and nonzero
misc/Ada/Hamming-7-4,misc/Ada/Hamming-7-4/hamming_7_4.ads,43,A constant aggregate,H_Interleaved: 21 literals,legit table,"Hamming (7,4) generator / parity-check matrices",todo: property test G * transpose (H) = 0 mod 2 and H columns distinct and nonzero
misc/Ada/Hamming-Code,misc/Ada/Hamming-Code/tests.adb,1,C small test inputs,unbounded params ['Positive']; largest literal in tests.adb 15,not a placeholder by scan,"no answer table found in the library sources (scan kinds A / B); the small literals are sizes, indices or counts; not reviewed line by line",n/a
misc/Ada/Hidden-Subgroup-Problem,misc/Ada/Hidden-Subgroup-Problem/tests.adb,1,C small test inputs,unbounded params ['Positive']; largest literal in tests.adb 48,not a placeholder by scan,"no answer table found in the library sources (scan kinds A / B); the small literals are sizes, indices or counts; not reviewed line by line",n/a
misc/Ada/Hybrid-Algorithms,misc/Ada/Hybrid-Algorithms/tests.adb,1,C small test inputs,unbounded params ['Positive']; largest literal in tests.adb 99,not a placeholder by scan,"no answer table found in the library sources (scan kinds A / B); the small literals are sizes, indices or counts; not reviewed line by line",n/a
misc/Ada/Lempel-Ziv-Markov-Chain-Algorithm,misc/Ada/Lempel-Ziv-Markov-Chain-Algorithm/tests.adb,1,C small test inputs,unbounded params ['Natural']; largest literal in tests.adb 50,not a placeholder by scan,"no answer table found in the library sources (scan kinds A / B); the small literals are sizes, indices or counts; not reviewed line by line",n/a
misc/Ada/Linear-Multistep-Methods,misc/Ada/Linear-Multistep-Methods/linear_multistep_methods.adb,86,B case answer table,7 of 7 arms give a literal,legit table,method order / step-count of named LMS methods (classification data),n/a (one small number per named method)
misc/Ada/Linear-Multistep-Methods,misc/Ada/Linear-Multistep-Methods/linear_multistep_methods.adb,92,B case answer table,7 of 7 arms give a literal,legit table,method order / step-count of named LMS methods (classification data),n/a (one small number per named method)
misc/Ada/Marching-Tetrahedrons,misc/Ada/Marching-Tetrahedrons/marching_tetrahedrons.adb,29,A constant aggregate,Tetra_Edge_Verts: 18 literals,legit table,cube / tetrahedron edge-to-vertex incidence (geometry),todo: regenerate from the vertex numbering (each edge joins two vertices that differ in one coordinate)
misc/Ada/Multivariate-Division-Algorithm,misc/Ada/Multivariate-Division-Algorithm/tests.adb,1,C small test inputs,unbounded params ['Integer']; largest literal in tests.adb 12,not a placeholder by scan,"no answer table found in the library sources (scan kinds A / B); the small literals are sizes, indices or counts; not reviewed line by line",n/a
misc/Ada/One-Attribute-Rule,misc/Ada/One-Attribute-Rule/tests.adb,1,C small test inputs,unbounded params ['Natural']; largest literal in tests.adb 100,not a placeholder by scan,"no answer table found in the library sources (scan kinds A / B); the small literals are sizes, indices or counts; not reviewed line by line",n/a
misc/Ada/Ordered-Subset-EM,misc/Ada/Ordered-Subset-EM/tests.adb,1,C small test inputs,unbounded params ['Positive']; largest literal in tests.adb 50,not a placeholder by scan,"no answer table found in the library sources (scan kinds A / B); the small literals are sizes, indices or counts; not reviewed line by line",n/a
misc/Ada/Phonetic-Algorithms,misc/Ada/Phonetic-Algorithms/phonetic_algorithms.adb,48,B case answer table,7 of 7 arms give a literal,legit table,Soundex letter codes (algorithm definition),todo: property test against the six letter groups written in tests/SOURCES.txt
misc/Ada/Photon-Mapping,misc/Ada/Photon-Mapping/tests.adb,1,C small test inputs,unbounded params ['Natural']; largest literal in tests.adb 13,not a placeholder by scan,"no answer table found in the library sources (scan kinds A / B); the small literals are sizes, indices or counts; not reviewed line by line",n/a
misc/Ada/Polynomial-Long-Division,misc/Ada/Polynomial-Long-Division/tests.adb,1,C small test inputs,unbounded params ['Integer']; largest literal in tests.adb 15,not a placeholder by scan,"no answer table found in the library sources (scan kinds A / B); the small literals are sizes, indices or counts; not reviewed line by line",n/a
misc/Ada/Quantum-Fourier-Transform,misc/Ada/Quantum-Fourier-Transform/tests.adb,1,C small test inputs,"unbounded params ['Natural', 'Positive']; largest literal in tests.adb 13",not a placeholder by scan,"no answer table found in the library sources (scan kinds A / B); the small literals are sizes, indices or counts; not reviewed line by line",n/a
misc/Ada/RIPEMD-160,misc/Ada/RIPEMD-160/ripemd_160.adb,24,A constant aggregate,RL: 80 literals,legit table,RIPEMD-160 left-line word order: powers of rho (spec),"todo: regenerate as rho ** j (identity, rho, rho ** 2 ...) and compare entry by entry"
misc/Ada/RIPEMD-160,misc/Ada/RIPEMD-160/ripemd_160.adb,32,A constant aggregate,RR: 80 literals,legit table,RIPEMD-160 right-line word order: pi (i) = 9 i + 5 mod 16 composed with rho,todo: regenerate from rho and pi and compare entry by entry
misc/Ada/RIPEMD-160,misc/Ada/RIPEMD-160/ripemd_160.adb,40,A constant aggregate,SL: 80 literals,legit table,RIPEMD-160 rotation amounts (spec data),"todo: property test, entries in 5 .. 15, rows match the spec table; source in tests/SOURCES.txt"
misc/Ada/RIPEMD-160,misc/Ada/RIPEMD-160/ripemd_160.adb,48,A constant aggregate,SR: 80 literals,legit table,RIPEMD-160 rotation amounts (spec data),"todo: property test, entries in 5 .. 15, rows match the spec table; source in tests/SOURCES.txt"
misc/Ada/Scoring-Algorithm,misc/Ada/Scoring-Algorithm/tests.adb,1,C small test inputs,unbounded params ['Natural']; largest literal in tests.adb 50,not a placeholder by scan,"no answer table found in the library sources (scan kinds A / B); the small literals are sizes, indices or counts; not reviewed line by line",n/a
misc/Ada/Simons-Problem,misc/Ada/Simons-Problem/tests.adb,1,C small test inputs,unbounded params ['Natural']; largest literal in tests.adb 13,not a placeholder by scan,"no answer table found in the library sources (scan kinds A / B); the small literals are sizes, indices or counts; not reviewed line by line",n/a
misc/Ada/Supervised-Learning,misc/Ada/Supervised-Learning/tests.adb,1,C small test inputs,unbounded params ['Positive']; largest literal in tests.adb 13,not a placeholder by scan,"no answer table found in the library sources (scan kinds A / B); the small literals are sizes, indices or counts; not reviewed line by line",n/a
misc/Ada/TurboQuant,misc/Ada/TurboQuant/tests.adb,1,C small test inputs,unbounded params ['Positive']; largest literal in tests.adb 13,not a placeholder by scan,"no answer table found in the library sources (scan kinds A / B); the small literals are sizes, indices or counts; not reviewed line by line",n/a
misc/Ada/Unrestricted-Algorithm,misc/Ada/Unrestricted-Algorithm/tests.adb,1,C small test inputs,unbounded params ['Positive']; largest literal in tests.adb 13,not a placeholder by scan,"no answer table found in the library sources (scan kinds A / B); the small literals are sizes, indices or counts; not reviewed line by line",n/a
misc/Ada/Vector-Quantization,misc/Ada/Vector-Quantization/tests.adb,1,C small test inputs,unbounded params ['Positive']; largest literal in tests.adb 10,not a placeholder by scan,"no answer table found in the library sources (scan kinds A / B); the small literals are sizes, indices or counts; not reviewed line by line",n/a
misc/Ada/Verhoeff-Algorithm,misc/Ada/Verhoeff-Algorithm/verhoeff.adb,16,A constant aggregate,D: 100 literals,legit table,Verhoeff multiplication table = dihedral group D5,todo: regenerate from the D5 group law and compare all 100 entries
misc/Ada/Verhoeff-Algorithm,misc/Ada/Verhoeff-Algorithm/verhoeff.adb,29,A constant aggregate,P: 80 literals,legit table,Verhoeff permutation table = powers of the permutation (1 5 7 6 2 8 3 0 9 4),todo: regenerate as powers and compare all 80 entries
misc/Ada/Vickrey-Clarke-Groves-Mechanism,misc/Ada/Vickrey-Clarke-Groves-Mechanism/tests.adb,1,C small test inputs,unbounded params ['Positive']; largest literal in tests.adb 99,not a placeholder by scan,"no answer table found in the library sources (scan kinds A / B); the small literals are sizes, indices or counts; not reviewed line by line",n/a
misc/Ada/Warnsdorffs-Rule,misc/Ada/Warnsdorffs-Rule/tests.adb,1,C small test inputs,unbounded params ['Positive']; largest literal in tests.adb 7,not a placeholder by scan,"no answer table found in the library sources (scan kinds A / B); the small literals are sizes, indices or counts; not reviewed line by line",n/a
misc/Ada/Warnsdorffs-Rule,misc/Ada/Warnsdorffs-Rule/warnsdorff.adb,13,A constant aggregate,Knight_Moves: 16 literals,legit table,neighbour / knight-move offset list (geometry),"todo: regenerate (all (dx, dy) with the move shape) and compare as sets"
misc/SPARK2/Ada-SPARK-Binomial-Coefficient,misc/SPARK2/Ada-SPARK-Binomial-Coefficient/binomial_coefficient.adb,21,B case answer table,6 of 6 arms give a literal,"placeholder, rewritten",answers written out as a table over a narrowed input range,"rewritten test-first: failing test 09f78ea0, Pascal-row DP 545b33a4, own checks 758d57fa (all (N, K) <= 30 vs the multiplicative formula; ghost Pow2 regenerated by doubling)"
misc/SPARK2/Ada-SPARK-Binomial-Coefficient,misc/SPARK2/Ada-SPARK-Binomial-Coefficient/binomial_coefficient.adb,23,B case answer table,6 of 6 arms give a literal,"placeholder, rewritten",answers written out as a table over a narrowed input range,"rewritten test-first: failing test 09f78ea0, Pascal-row DP 545b33a4, own checks 758d57fa (all (N, K) <= 30 vs the multiplicative formula; ghost Pow2 regenerated by doubling)"
misc/SPARK2/Ada-SPARK-Binomial-Coefficient,misc/SPARK2/Ada-SPARK-Binomial-Coefficient/binomial_coefficient.adb,25,B case answer table,6 of 6 arms give a literal,"placeholder, rewritten",answers written out as a table over a narrowed input range,"rewritten test-first: failing test 09f78ea0, Pascal-row DP 545b33a4, own checks 758d57fa (all (N, K) <= 30 vs the multiplicative formula; ghost Pow2 regenerated by doubling)"
misc/SPARK2/Ada-SPARK-Climbing-Stairs,misc/SPARK2/Ada-SPARK-Climbing-Stairs/climbing_stairs.adb,5,B case answer table,10 of 10 arms give a literal,"placeholder, rewritten",answers written out as a table over a narrowed input range,"placeholder, rewritten: failing test 880ec172, rewrite 2dc1d175, own checks b6b0dfba, elaboration fix ee6cb532 (dynamic program, N <= 45 from overflow, Climb unranking; 171 checks proved)"
misc/SPARK2/Ada-SPARK-Combination-Iterator-Stub,misc/SPARK2/Ada-SPARK-Combination-Iterator-Stub/combination_iterator_stub.adb,5,B case answer table,8 of 9 arms give a literal,placeholder,cursor Advance written as a case table of P -> P + 1 (stub folder),n/a (rewrite)
misc/SPARK2/Ada-SPARK-Combination-Sum,misc/SPARK2/Ada-SPARK-Combination-Sum/combination_sum.adb,6,B case answer table,13 of 13 arms give a literal,"placeholder, rewritten",answers written out as a table over a narrowed input range,"rewritten test-first: failing test ff57a2d9, coin-change DP 915b7ed6, own checks 327c47f3 (by multiplicity, conjugation, Euler recurrence; ghost Pow2 regenerated by doubling)"
misc/SPARK2/Ada-SPARK-Combination-Sum-II,misc/SPARK2/Ada-SPARK-Combination-Sum-II/combination_sum_ii.adb,7,B case answer table,13 of 13 arms give a literal,"placeholder, rewritten",answers written out as a table over a narrowed input range,"rewritten test-first: failing test d9380d1e, 0/1 knapsack DP 8d6c6903, own checks 74e08435 (bitmask subsets, Euler odd-part count, complement; ghost Pow2 regenerated by doubling)"
misc/SPARK2/Ada-SPARK-Convert-A-Number-To-Hexadecimal,misc/SPARK2/Ada-SPARK-Convert-A-Number-To-Hexadecimal/convert_a_number_to_hexadecimal.adb,5,B case answer table,16 of 16 arms give a literal,legit table,nibble -> hex digit character,todo: regenerate as Character'Val and compare all 16
misc/SPARK2/Ada-SPARK-Decode-Ways,misc/SPARK2/Ada-SPARK-Decode-Ways/decode_ways.ads,13,B case answer table,32 of 32 arms give a literal,legit table,ghost Fib table bounding Ways in the proof (spec),todo: pragma Assert recurrence check in tests (ghost is allowed in assertions)
misc/SPARK2/Ada-SPARK-Decode-Ways,misc/SPARK2/Ada-SPARK-Decode-Ways/tests.adb,1,C small test inputs,unbounded params ['Natural']; largest literal in tests.adb 6,not a placeholder by scan,"no answer table found in the library sources (scan kinds A / B); the small literals are sizes, indices or counts; not reviewed line by line",n/a
misc/SPARK2/Ada-SPARK-Delete-And-Earn,misc/SPARK2/Ada-SPARK-Delete-And-Earn/delete_and_earn.adb,6,B case answer table,16 of 16 arms give a literal,"placeholder, rewritten",answers written out as a table over a narrowed input range,"rewritten test-first: failing test 0d578f40, points + skip/take DP on real arrays c28176ab, own checks 3a492f74 (brute force over non-adjacent value sets, closed form, order/bounds/gap properties)"
misc/SPARK2/Ada-SPARK-Delete-The-Middle-Node,misc/SPARK2/Ada-SPARK-Delete-The-Middle-Node/delete_the_middle_node.adb,31,B case answer table,17 of 17 arms give a literal,placeholder,"middle position written as a case table over the list size (should be Size / 2 + 1); main-heldout-alt claim (claims line 66): listed only, not edited by agent B",n/a (main's folder)
misc/SPARK2/Ada-SPARK-Design-A-Leaderboard,misc/SPARK2/Ada-SPARK-Design-A-Leaderboard/tests.adb,1,C small test inputs,unbounded params ['Integer']; largest literal in tests.adb 90,not a placeholder by scan,"no answer table found in the library sources (scan kinds A / B); the small literals are sizes, indices or counts; not reviewed line by line",n/a
misc/SPARK2/Ada-SPARK-Different-Ways-To-Add-Parentheses-Lite,misc/SPARK2/Ada-SPARK-Different-Ways-To-Add-Parentheses-Lite/different_ways_parentheses.adb,6,B case answer table,8 of 8 arms give a literal,"placeholder, rewritten",answers written out as a table over a narrowed input range,"rewritten by agent B (d4c93fd8, 6efb392c): Number_Of_Ways for N <= 20 proved equal to the ghost Catalan recurrence; All_Results lists all W (N) values for up to 9 operands (the Long_Long_Integer limit), each proved within 99 ** N; 1,503 checks; held 54/54 (52 test + 2 proof, 8 equivalent with reason), top-up 26/30 blind, dummy 0/32"
misc/SPARK2/Ada-SPARK-Domino-And-Tromino-Tiling-Lite,misc/SPARK2/Ada-SPARK-Domino-And-Tromino-Tiling-Lite/domino_and_tromino_tiling_lite.adb,5,B case answer table,17 of 17 arms give a literal,"placeholder, rewritten",answers written out as a table over a narrowed input range,"rewritten test-first: failing test 0af1b89e, full/partial-board DP for n <= 28 (arithmetic limit) 4caa67be, own checks 3f6e5512 (brute-force tiling to 2 x 18, three-term recurrence, ghost tables regenerated); held-out 12/12 + unseen top-up 30/30 = 42/42"
misc/SPARK2/Ada-SPARK-Factorial,misc/SPARK2/Ada-SPARK-Factorial/factorial.adb,6,B case answer table,13 of 13 arms give a literal,"placeholder, rewritten",answers written out as a table over a narrowed input range,"rewritten test-first: failing test c2db2320, product loop for N <= 20 in Long_Long_Integer (arithmetic limit) 1da5a4db, own checks 98809091 (repeated-addition reference, ratios, Legendre trailing zeros, ghost table regenerated); held-out too small (8 scorable mutants incl. exhausted top-up)"
misc/SPARK2/Ada-SPARK-Fast-Pow,misc/SPARK2/Ada-SPARK-Fast-Pow/fast_pow.adb,6,B case answer table,14 of 16 arms give a literal,"placeholder, rewritten",answers written out as a table over a narrowed input range,"rewritten test-first: failing test 84ed549b, square-and-multiply Power_Mod over all Natural inputs 8be0a504, own checks 9e598a51 (repeated multiplication, exponent laws, Fermat); held-out 24/24 + unseen top-up 30/30 = 54/54"
misc/SPARK2/Ada-SPARK-Fast-Pow,misc/SPARK2/Ada-SPARK-Fast-Pow/fast_pow.adb,10,B case answer table,13 of 13 arms give a literal,"placeholder, rewritten",answers written out as a table over a narrowed input range,"rewritten test-first: failing test 84ed549b, square-and-multiply Power_Mod over all Natural inputs 8be0a504, own checks 9e598a51 (repeated multiplication, exponent laws, Fermat); held-out 24/24 + unseen top-up 30/30 = 54/54"
misc/SPARK2/Ada-SPARK-Fast-Pow,misc/SPARK2/Ada-SPARK-Fast-Pow/fast_pow.adb,16,B case answer table,13 of 13 arms give a literal,"placeholder, rewritten",answers written out as a table over a narrowed input range,"rewritten test-first: failing test 84ed549b, square-and-multiply Power_Mod over all Natural inputs 8be0a504, own checks 9e598a51 (repeated multiplication, exponent laws, Fermat); held-out 24/24 + unseen top-up 30/30 = 54/54"
misc/SPARK2/Ada-SPARK-Fast-Pow,misc/SPARK2/Ada-SPARK-Fast-Pow/fast_pow.adb,24,B case answer table,13 of 13 arms give a literal,"placeholder, rewritten",answers written out as a table over a narrowed input range,"rewritten test-first: failing test 84ed549b, square-and-multiply Power_Mod over all Natural inputs 8be0a504, own checks 9e598a51 (repeated multiplication, exponent laws, Fermat); held-out 24/24 + unseen top-up 30/30 = 54/54"
misc/SPARK2/Ada-SPARK-Fast-Pow,misc/SPARK2/Ada-SPARK-Fast-Pow/fast_pow.adb,32,B case answer table,13 of 13 arms give a literal,"placeholder, rewritten",answers written out as a table over a narrowed input range,"rewritten test-first: failing test 84ed549b, square-and-multiply Power_Mod over all Natural inputs 8be0a504, own checks 9e598a51 (repeated multiplication, exponent laws, Fermat); held-out 24/24 + unseen top-up 30/30 = 54/54"
misc/SPARK2/Ada-SPARK-Fibonacci-Number,misc/SPARK2/Ada-SPARK-Fibonacci-Number/fibonacci_number.ads,14,B case answer table,33 of 33 arms give a literal,legit table,"ghost Fib table, already recurrence-checked by the proof (agent B 2cc7680d)",exists: proved Fib (K) = Fib (K - 1) + Fib (K - 2)
misc/SPARK2/Ada-SPARK-Find-First-And-Last-Position,misc/SPARK2/Ada-SPARK-Find-First-And-Last-Position/find_first_and_last_position.adb,50,B case answer table,7 of 7 arms give a literal,legit table,ghost proof table (Width / Full / Bits / Sum_Bits / Pow2) of an agent B rewrite; only feeds the proof,todo: proved ghost lemma regenerating every entry from its definition (halving / doubling / sums)
misc/SPARK2/Ada-SPARK-Find-Peak-Element,misc/SPARK2/Ada-SPARK-Find-Peak-Element/find_peak_element.adb,7,B case answer table,6 of 6 arms give a literal,legit table,ghost proof table (Width / Full / Bits / Sum_Bits / Pow2) of an agent B rewrite; only feeds the proof,todo: proved ghost lemma regenerating every entry from its definition (halving / doubling / sums)
misc/SPARK2/Ada-SPARK-Get-Maximum-In-Generated-Array,misc/SPARK2/Ada-SPARK-Get-Maximum-In-Generated-Array/get_maximum_in_generated_array.adb,6,B case answer table,6 of 6 arms give a literal,"placeholder, rewritten",answers written out as a table over a narrowed input range,"rewritten by agent B (291457f1; the table gave Maximum (5) = 2, nums (5) = 3, findings_sweep): Generate (N) proved equal to the ghost Nums tied to the rules by Lemma_Rules; Maximum proved the largest entry; N <= 1_000 (run time with assertions on); 61 checks; held 32/32 (27 test + 5 proof, 6 equivalent with reason), top-up 19/20 blind (pool exhausted), dummy 0/10"
misc/SPARK2/Ada-SPARK-Guess-Number-Higher-Or-Lower,misc/SPARK2/Ada-SPARK-Guess-Number-Higher-Or-Lower/guess_number_higher_or_lower.adb,7,B case answer table,7 of 7 arms give a literal,legit table,ghost proof table (Width / Full / Bits / Sum_Bits / Pow2) of an agent B rewrite; only feeds the proof,todo: proved ghost lemma regenerating every entry from its definition (halving / doubling / sums)
misc/SPARK2/Ada-SPARK-Happy-Number,misc/SPARK2/Ada-SPARK-Happy-Number/happy_number.adb,8,B case answer table,10 of 10 arms give a literal,legit table,digit squares,todo: regenerate as D * D for D in 0 .. 9
misc/SPARK2/Ada-SPARK-House-Robber-III-Lite,misc/SPARK2/Ada-SPARK-House-Robber-III-Lite/house_robber_iii_lite.adb,5,B case answer table,9 of 9 arms give a literal,"placeholder, rewritten",answers written out as a table over a narrowed input range,"rewritten by agent B (8e588edf): House Robber III on a preorder binary tree (Good_Tree predicate); Max_Loot by the take/skip program, Best_Choice independent and worth Max_Loot, Lemma_Optimal; 178 checks; held 49/49 (35 test + 14 proof, 1 equivalent with reason), top-up 21/30 blind, dummy 0/33"
misc/SPARK2/Ada-SPARK-Integer-Break,misc/SPARK2/Ada-SPARK-Integer-Break/integer_break.adb,6,B case answer table,9 of 9 arms give a literal,placeholder,answers written out as a table over a narrowed input range,n/a (rewrite test-first)
misc/SPARK2/Ada-SPARK-Koko-Eating-Bananas,misc/SPARK2/Ada-SPARK-Koko-Eating-Bananas/koko_eating_bananas.adb,56,B case answer table,8 of 8 arms give a literal,legit table,ghost proof table (Width / Full / Bits / Sum_Bits / Pow2) of an agent B rewrite; only feeds the proof,todo: proved ghost lemma regenerating every entry from its definition (halving / doubling / sums)
misc/SPARK2/Ada-SPARK-Letter-Combinations-Of-A-Phone-Number,misc/SPARK2/Ada-SPARK-Letter-Combinations-Of-A-Phone-Number/letter_combinations_of_a_phone_number.adb,7,B case answer table,13 of 13 arms give a literal,"placeholder, rewritten",answers written out as a table over a narrowed input range,"rewritten test-first: failing test 50ca09f2, real keypad Count and K-th spelling for up to 15 digits (arithmetic limit) f39c2346, own checks 763e10ad (own keypad enumeration, Horner rank, dictionary order, ghost table regenerated); held-out 28/28 (27 test + 1 proof); unseen top-up 28/30 for information"
misc/SPARK2/Ada-SPARK-Nested-Iterator-Stub,misc/SPARK2/Ada-SPARK-Nested-Iterator-Stub/nested_iterator_stub.adb,13,B case answer table,9 of 10 arms give a literal,placeholder,cursor Advance written as a case table of P -> P + 1 (stub folder),n/a (rewrite)
misc/SPARK2/Ada-SPARK-Nested-Iterator-Stub,misc/SPARK2/Ada-SPARK-Nested-Iterator-Stub/nested_iterator_stub.adb,18,B case answer table,9 of 10 arms give a literal,placeholder,cursor Advance written as a case table of P -> P + 1 (stub folder),n/a (rewrite)
misc/SPARK2/Ada-SPARK-Paint-Fence-Lite,misc/SPARK2/Ada-SPARK-Paint-Fence-Lite/paint_fence_lite.adb,6,B case answer table,16 of 16 arms give a literal,"placeholder, rewritten",answers written out as a table over a narrowed input range,"rewritten test-first: failing test 8089266e, K-colour same/different DP mod M for N <= 1_000 (run-time limit) 6d89392a, own checks 6cb5816b (brute force, run-length formula, K mod M); held-out 53/53 (52 test + 1 proof); unseen top-up 28/30 for information"
misc/SPARK2/Ada-SPARK-Peak-Index-In-Mountain-Array,misc/SPARK2/Ada-SPARK-Peak-Index-In-Mountain-Array/peak_index_in_mountain_array.adb,39,B case answer table,6 of 6 arms give a literal,legit table,ghost proof table (Width / Full / Bits / Sum_Bits / Pow2) of an agent B rewrite; only feeds the proof,todo: proved ghost lemma regenerating every entry from its definition (halving / doubling / sums)
misc/SPARK2/Ada-SPARK-Peeking-Iterator-Stub,misc/SPARK2/Ada-SPARK-Peeking-Iterator-Stub/peeking_iterator_stub.adb,5,B case answer table,9 of 10 arms give a literal,placeholder,cursor Advance written as a case table of P -> P + 1 (stub folder),n/a (rewrite)
misc/SPARK2/Ada-SPARK-Permutations,misc/SPARK2/Ada-SPARK-Permutations/permutations.adb,6,B case answer table,13 of 13 arms give a literal,"placeholder, rewritten",answers written out as a table over a narrowed input range,"rewritten test-first: failing test 89d16362, index permutation with proved inverse + lexicographic next permutation and N! for N <= 12 (32-bit overflow: 13! > Natural'Last) ee0b9ddc, own checks 8c79d651 (all N! orders vs reference, inverse, count); held-out 41/45 (40 test + 1 proof; 4 hanging timeouts counted as survivors, no Loop_Variant at the time); unseen top-up 29/30 for information"
misc/SPARK2/Ada-SPARK-Permutations-II,misc/SPARK2/Ada-SPARK-Permutations-II/permutations_ii.adb,9,B case answer table,12 of 12 arms give a literal,"placeholder, rewritten",answers written out as a table over a narrowed input range,"rewritten test-first: failing test 54607f36, Arrangement (items through an index permutation kept with its inverse) + next distinct arrangement in dictionary order, Count_Distinct = N! / (m1! m2! ..) for N <= 12 (32-bit overflow: 13! > Natural'Last) ac1dbe76, own checks f92bb58d (own multiset generator, own count in Long_Long_Integer), loop variants cac32b31; held-out 51/51 (50 test + 1 proof, 1 proved equivalent); unseen top-up 30/30 for information"
misc/SPARK2/Ada-SPARK-Permutations-II,misc/SPARK2/Ada-SPARK-Permutations-II/permutations_ii.adb,22,B case answer table,12 of 12 arms give a literal,"placeholder, rewritten",answers written out as a table over a narrowed input range,"rewritten test-first: failing test 54607f36, Arrangement (items through an index permutation kept with its inverse) + next distinct arrangement in dictionary order, Count_Distinct = N! / (m1! m2! ..) for N <= 12 (32-bit overflow: 13! > Natural'Last) ac1dbe76, own checks f92bb58d (own multiset generator, own count in Long_Long_Integer), loop variants cac32b31; held-out 51/51 (50 test + 1 proof, 1 proved equivalent); unseen top-up 30/30 for information"
misc/SPARK2/Ada-SPARK-Pow-X-N,misc/SPARK2/Ada-SPARK-Pow-X-N/pow_x_n.adb,5,B case answer table,6 of 7 arms give a literal,"placeholder, rewritten",answers written out as a table over a narrowed input range,"rewritten test-first: failing test fbabaf13, repeated squaring for every Integer X and Natural N with Ok exactly when X ** N fits Integer (overflow decided by the code; N >= 32 short cut proved by Lemma_Big) 799dab6b, own checks 79ce60cf (naive LLI and Big_Integer references, own integer roots at the top of Integer); held-out 54/54 (38 test + 16 proof, 7 ghost-only equivalents; tests alone 70.4%); unseen top-up 22/30 (tests only) for information"
misc/SPARK2/Ada-SPARK-Pow-X-N,misc/SPARK2/Ada-SPARK-Pow-X-N/pow_x_n.adb,7,B case answer table,6 of 6 arms give a literal,"placeholder, rewritten",answers written out as a table over a narrowed input range,"rewritten test-first: failing test fbabaf13, repeated squaring for every Integer X and Natural N with Ok exactly when X ** N fits Integer (overflow decided by the code; N >= 32 short cut proved by Lemma_Big) 799dab6b, own checks 79ce60cf (naive LLI and Big_Integer references, own integer roots at the top of Integer); held-out 54/54 (38 test + 16 proof, 7 ghost-only equivalents; tests alone 70.4%); unseen top-up 22/30 (tests only) for information"
misc/SPARK2/Ada-SPARK-Pow-X-N,misc/SPARK2/Ada-SPARK-Pow-X-N/pow_x_n.adb,26,B case answer table,6 of 6 arms give a literal,"placeholder, rewritten",answers written out as a table over a narrowed input range,"rewritten test-first: failing test fbabaf13, repeated squaring for every Integer X and Natural N with Ok exactly when X ** N fits Integer (overflow decided by the code; N >= 32 short cut proved by Lemma_Big) 799dab6b, own checks 79ce60cf (naive LLI and Big_Integer references, own integer roots at the top of Integer); held-out 54/54 (38 test + 16 proof, 7 ghost-only equivalents; tests alone 70.4%); unseen top-up 22/30 (tests only) for information"
misc/SPARK2/Ada-SPARK-Ravenscar-Job-Pool,misc/SPARK2/Ada-SPARK-Ravenscar-Job-Pool/tests.adb,1,C small test inputs,unbounded params ['Integer']; largest literal in tests.adb 99,not a placeholder by scan,"no answer table found in the library sources (scan kinds A / B); the small literals are sizes, indices or counts; not reviewed line by line",n/a
misc/SPARK2/Ada-SPARK-Roman-To-Int,misc/SPARK2/Ada-SPARK-Roman-To-Int/roman_to_int.adb,8,B case answer table,8 of 8 arms give a literal,legit table,Roman symbol values (definition),todo: property test against the 7 symbol values written in tests/SOURCES.txt
misc/SPARK2/Ada-SPARK-Roman-To-Integer,misc/SPARK2/Ada-SPARK-Roman-To-Integer/roman_to_integer.adb,8,B case answer table,8 of 8 arms give a literal,legit table,Roman symbol values (definition),todo: property test against the 7 symbol values written in tests/SOURCES.txt
misc/SPARK2/Ada-SPARK-Sigmoid,misc/SPARK2/Ada-SPARK-Sigmoid/sigmoid.adb,6,B case answer table,9 of 9 arms give a literal,placeholder,answers written out as a table over a narrowed input range,n/a (rewrite test-first)
misc/SPARK2/Ada-SPARK-Split-Array-Largest-Sum,misc/SPARK2/Ada-SPARK-Split-Array-Largest-Sum/split_array_largest_sum.adb,68,B case answer table,11 of 11 arms give a literal,legit table,ghost proof table (Width / Full / Bits / Sum_Bits / Pow2) of an agent B rewrite; only feeds the proof,todo: proved ghost lemma regenerating every entry from its definition (halving / doubling / sums)
misc/SPARK2/Ada-SPARK-Sqrt-Integer,misc/SPARK2/Ada-SPARK-Sqrt-Integer/sqrt_integer.adb,9,B case answer table,16 of 16 arms give a literal,legit table,ghost proof table (Width / Full / Bits / Sum_Bits / Pow2) of an agent B rewrite; only feeds the proof,todo: proved ghost lemma regenerating every entry from its definition (halving / doubling / sums)
misc/SPARK2/Ada-SPARK-Sqrtx,misc/SPARK2/Ada-SPARK-Sqrtx/sqrtx.adb,10,B case answer table,8 of 8 arms give a literal,legit table,ghost proof table (Width / Full / Bits / Sum_Bits / Pow2) of an agent B rewrite; only feeds the proof,todo: proved ghost lemma regenerating every entry from its definition (halving / doubling / sums)
misc/SPARK2/Ada-SPARK-Subsets,misc/SPARK2/Ada-SPARK-Subsets/subsets.adb,6,B case answer table,13 of 13 arms give a literal,"placeholder, rewritten",answers written out as a table over a narrowed input range,"rewritten test-first: failing test 2b35f769, Next_Subset by binary counting (proved rank + 1 or wrap), Subset (proved exactly the selected items in order), Count = 2 ** N for N <= 30 (32-bit overflow: 2 ** 31 > Natural'Last) 8a3a0891, own checks 37835700 (own generator, own rank, own extraction); held-out 53/53 (52 test + 1 proof); unseen top-up 25/30 for information"
misc/SPARK2/Ada-SPARK-Subsets-II,misc/SPARK2/Ada-SPARK-Subsets-II/subsets_ii.adb,7,B case answer table,13 of 13 arms give a literal,"placeholder, rewritten",answers written out as a table over a narrowed input range,"placeholder, rewritten: failing test c6609fb9, rewrite c4e1c68e (Choice record, Next_Choice odometer, Subset, Count; 225 checks proved), Count bound fix 037f17e0, own checks e772dea2"
misc/SPARK2/Ada-SPARK-Super-Ugly-Number-Stub,misc/SPARK2/Ada-SPARK-Super-Ugly-Number-Stub/super_ugly_number_stub.adb,5,A constant aggregate,Table: 24 literals,placeholder,answers written out as a table over a narrowed input range,n/a (rewrite test-first)
misc/SPARK2/Ada-SPARK-Ugly-Number-II,misc/SPARK2/Ada-SPARK-Ugly-Number-II/ugly_number_ii.adb,4,A constant aggregate,Table: 40 literals,placeholder,answers written out as a table over a narrowed input range,n/a (rewrite test-first)
misc/SPARK2/Ada-SPARK-Zigzag-Iterator-Stub,misc/SPARK2/Ada-SPARK-Zigzag-Iterator-Stub/zigzag_iterator_stub.adb,5,B case answer table,8 of 9 arms give a literal,placeholder,cursor Advance written as a case table of P -> P + 1 (stub folder),n/a (rewrite)
misc/SPARK4/Ada-SPARK-Blum-Blum-Shub,misc/SPARK4/Ada-SPARK-Blum-Blum-Shub/blum_blum_shub.ads,75,A constant aggregate,Small_Blum_Primes: 29 literals,legit table,small Blum primes list,exists: tests.adb 3.1 checks every entry is a Blum prime <= Max_Prime
misc/SPARK4/Ada-SPARK-Heaps-Algorithm,misc/SPARK4/Ada-SPARK-Heaps-Algorithm/heaps_algorithm.ads,70,B case answer table,7 of 8 arms give a literal,false hit,"offset arithmetic in a declare block, no table",n/a
ml/Ada/Boosting-Meta-Algorithm,ml/Ada/Boosting-Meta-Algorithm/tests.adb,1,C small test inputs,unbounded params ['Natural']; largest literal in tests.adb 100,not a placeholder by scan,"no answer table found in the library sources (scan kinds A / B); the small literals are sizes, indices or counts; not reviewed line by line",n/a
ml/Ada/BrownBoost,ml/Ada/BrownBoost/tests.adb,1,C small test inputs,unbounded params ['Positive']; largest literal in tests.adb 20,not a placeholder by scan,"no answer table found in the library sources (scan kinds A / B); the small literals are sizes, indices or counts; not reviewed line by line",n/a
ml/Ada/LPBoost,ml/Ada/LPBoost/tests.adb,1,C small test inputs,unbounded params ['Natural']; largest literal in tests.adb 100,not a placeholder by scan,"no answer table found in the library sources (scan kinds A / B); the small literals are sizes, indices or counts; not reviewed line by line",n/a
ml/Ada/LogitBoost,ml/Ada/LogitBoost/tests.adb,1,C small test inputs,unbounded params ['Natural']; largest literal in tests.adb 13,not a placeholder by scan,"no answer table found in the library sources (scan kinds A / B); the small literals are sizes, indices or counts; not reviewed line by line",n/a
ml/Ada/Perceptron,ml/Ada/Perceptron/tests.adb,1,C small test inputs,unbounded params ['Positive']; largest literal in tests.adb 75,not a placeholder by scan,"no answer table found in the library sources (scan kinds A / B); the small literals are sizes, indices or counts; not reviewed line by line",n/a
ml/Ada/Value-Iteration,ml/Ada/Value-Iteration/tests.adb,1,C small test inputs,unbounded params ['Positive']; largest literal in tests.adb 33,not a placeholder by scan,"no answer table found in the library sources (scan kinds A / B); the small literals are sizes, indices or counts; not reviewed line by line",n/a
ml/Ada/Winnow-Algorithm,ml/Ada/Winnow-Algorithm/tests.adb,1,C small test inputs,unbounded params ['Positive']; largest literal in tests.adb 13,not a placeholder by scan,"no answer table found in the library sources (scan kinds A / B); the small literals are sizes, indices or counts; not reviewed line by line",n/a
numerical/Ada/Brents-Algorithm,numerical/Ada/Brents-Algorithm/tests.adb,1,C small test inputs,"unbounded params ['Natural', 'Positive']; largest literal in tests.adb 16",not a placeholder by scan,"no answer table found in the library sources (scan kinds A / B); the small literals are sizes, indices or counts; not reviewed line by line",n/a
numerical/Ada/CORDIC,numerical/Ada/CORDIC/tests.adb,1,C small test inputs,unbounded params ['Natural']; largest literal in tests.adb 40,not a placeholder by scan,"no answer table found in the library sources (scan kinds A / B); the small literals are sizes, indices or counts; not reviewed line by line",n/a
numerical/Ada/Cooley-Tukey-FFT-Algorithm,numerical/Ada/Cooley-Tukey-FFT-Algorithm/tests.adb,1,C small test inputs,unbounded params ['Integer']; largest literal in tests.adb 13,not a placeholder by scan,"no answer table found in the library sources (scan kinds A / B); the small literals are sizes, indices or counts; not reviewed line by line",n/a
numerical/Ada/Fermat-Primality-Test,numerical/Ada/Fermat-Primality-Test/fermat_primality_test.adb,15,A constant aggregate,Educational_Bases: 25 literals,legit table,small prime bases,"todo: property test, every entry prime, ascending"
numerical/Ada/Miller-Rabin,numerical/Ada/Miller-Rabin/miller_rabin.adb,19,A constant aggregate,Educational_Bases: 25 literals,legit table,small prime bases,"todo: property test, every entry prime, ascending"
numerical/Ada/Newells-Algorithm,numerical/Ada/Newells-Algorithm/tests.adb,1,C small test inputs,unbounded params ['Positive']; largest literal in tests.adb 99,not a placeholder by scan,"no answer table found in the library sources (scan kinds A / B); the small literals are sizes, indices or counts; not reviewed line by line",n/a
numerical/Ada/Pollards-Rho,numerical/Ada/Pollards-Rho/pollards_rho.adb,234,A constant aggregate,Attempts: 16 literals,legit table,"menu of (seed, c) restarts for x ** 2 + c",n/a (heuristic restart list; any values are correct)
numerical/Ada/Raders-FFT-Algorithm,numerical/Ada/Raders-FFT-Algorithm/tests.adb,1,C small test inputs,unbounded params ['Natural']; largest literal in tests.adb 14,not a placeholder by scan,"no answer table found in the library sources (scan kinds A / B); the small literals are sizes, indices or counts; not reviewed line by line",n/a
numerical/Ada/Trigonometric-Interpolation,numerical/Ada/Trigonometric-Interpolation/tests.adb,1,C small test inputs,unbounded params ['Natural']; largest literal in tests.adb 20,not a placeholder by scan,"no answer table found in the library sources (scan kinds A / B); the small literals are sizes, indices or counts; not reviewed line by line",n/a
numerical/SPARK2/Ada-SPARK-Count-Primes,numerical/SPARK2/Ada-SPARK-Count-Primes/count_primes.adb,6,B case answer table,11 of 11 arms give a literal,placeholder,answers written out as a table over a narrowed input range,n/a (rewrite test-first)
numerical/SPARK4/Ada-SPARK-Brents-Algorithm,numerical/SPARK4/Ada-SPARK-Brents-Algorithm/tests.adb,1,C small test inputs,unbounded params ['Natural']; largest literal in tests.adb 48,not a placeholder by scan,"no answer table found in the library sources (scan kinds A / B); the small literals are sizes, indices or counts; not reviewed line by line",n/a
parsing/Ada/Cyk-Algorithm,parsing/Ada/Cyk-Algorithm/tests.adb,1,C small test inputs,unbounded params ['Natural']; largest literal in tests.adb 13,not a placeholder by scan,"no answer table found in the library sources (scan kinds A / B); the small literals are sizes, indices or counts; not reviewed line by line",n/a
parsing/Ada/Simple-LR-Parser,parsing/Ada/Simple-LR-Parser/simple_lr_parser.adb,15,B case answer table,6 of 6 arms give a literal,legit table,token kind -> terminal index map,n/a (enumeration map)
parsing/Ada/Simple-Precdence-Parser,parsing/Ada/Simple-Precdence-Parser/tests.adb,1,C small test inputs,unbounded params ['Natural']; largest literal in tests.adb 14,not a placeholder by scan,"no answer table found in the library sources (scan kinds A / B); the small literals are sizes, indices or counts; not reviewed line by line",n/a
searching/Ada/Jump-Point-Search,searching/Ada/Jump-Point-Search/jump_point_search.adb,194,A constant aggregate,Dirs: 24 literals,legit table,neighbour / knight-move offset list (geometry),"todo: regenerate (all (dx, dy) with the move shape) and compare as sets"
searching/SPARK2/Ada-SPARK-Binary-Search-Lower-Bound,searching/SPARK2/Ada-SPARK-Binary-Search-Lower-Bound/binary_search_lower_bound.adb,43,B case answer table,7 of 7 arms give a literal,legit table,ghost proof table (Width / Full / Bits / Sum_Bits / Pow2) of an agent B rewrite; only feeds the proof,todo: proved ghost lemma regenerating every entry from its definition (halving / doubling / sums)
searching/SPARK2/Ada-SPARK-Binary-Search-Upper-Bound,searching/SPARK2/Ada-SPARK-Binary-Search-Upper-Bound/binary_search_upper_bound.adb,43,B case answer table,7 of 7 arms give a literal,legit table,ghost proof table (Width / Full / Bits / Sum_Bits / Pow2) of an agent B rewrite; only feeds the proof,todo: proved ghost lemma regenerating every entry from its definition (halving / doubling / sums)
searching/SPARK2/Ada-SPARK-Search-2D-Matrix,searching/SPARK2/Ada-SPARK-Search-2D-Matrix/search_2d_matrix.adb,43,B case answer table,8 of 8 arms give a literal,legit table,ghost proof table (Width / Full / Bits / Sum_Bits / Pow2) of an agent B rewrite; only feeds the proof,todo: proved ghost lemma regenerating every entry from its definition (halving / doubling / sums)
searching/SPARK2/Ada-SPARK-Search-Insert-Position,searching/SPARK2/Ada-SPARK-Search-Insert-Position/search_insert_position.adb,43,B case answer table,7 of 7 arms give a literal,legit table,ghost proof table (Width / Full / Bits / Sum_Bits / Pow2) of an agent B rewrite; only feeds the proof,todo: proved ghost lemma regenerating every entry from its definition (halving / doubling / sums)
searching/SPARK2/Ada-SPARK-Unique-Binary-Search-Trees,searching/SPARK2/Ada-SPARK-Unique-Binary-Search-Trees/unique_binary_search_trees.adb,4,A constant aggregate,Catalan: 17 literals,placeholder,answers written out as a table over a narrowed input range,n/a (rewrite test-first)
searching/SPARK4/Ada-SPARK-Fibonacci-Search,searching/SPARK4/Ada-SPARK-Fibonacci-Search/fibonacci_search.adb,20,A constant aggregate,Fibs: 23 literals,legit table,Fibonacci numbers,todo: regenerate by the recurrence and compare entry by entry
sorting/Ada/Smoothsort,sorting/Ada/Smoothsort/smoothsort.adb,16,A constant aggregate,Leonardo_Table: 82 literals,legit table,Leonardo numbers,todo: regenerate by L (k) = L (k - 1) + L (k - 2) + 1 and compare entry by entry
sorting/Ada/Topological-Sort,sorting/Ada/Topological-Sort/tests.adb,1,C small test inputs,unbounded params ['Natural']; largest literal in tests.adb 14,not a placeholder by scan,"no answer table found in the library sources (scan kinds A / B); the small literals are sizes, indices or counts; not reviewed line by line",n/a
sorting/SPARK2/Ada-SPARK-Count-Sorted-Vowel-Strings,sorting/SPARK2/Ada-SPARK-Count-Sorted-Vowel-Strings/count_sorted_vowel_strings.adb,6,B case answer table,17 of 17 arms give a literal,"placeholder, rewritten",answers written out as a table over a narrowed input range,"placeholder, rewritten: failing test 71c51adf, rewrite 08226779 (vowel dynamic program, closed form proved, N <= 473 from overflow; 339 checks proved), own checks a9c716f1"
sorting/SPARK2/Ada-SPARK-Find-Minimum-In-Rotated-Sorted-Array,sorting/SPARK2/Ada-SPARK-Find-Minimum-In-Rotated-Sorted-Array/find_minimum_in_rotated_sorted_array.adb,87,B case answer table,6 of 6 arms give a literal,legit table,ghost proof table (Width / Full / Bits / Sum_Bits / Pow2) of an agent B rewrite; only feeds the proof,todo: proved ghost lemma regenerating every entry from its definition (halving / doubling / sums)
sorting/SPARK2/Ada-SPARK-Kth-Smallest-Element-In-A-Sorted-Matrix,sorting/SPARK2/Ada-SPARK-Kth-Smallest-Element-In-A-Sorted-Matrix/kth_smallest_matrix.adb,124,B case answer table,11 of 11 arms give a literal,legit table,ghost proof table (Width / Full / Bits / Sum_Bits / Pow2) of an agent B rewrite; only feeds the proof,todo: proved ghost lemma regenerating every entry from its definition (halving / doubling / sums)
sorting/SPARK2/Ada-SPARK-Median-Of-Two-Sorted-Arrays-Lite,sorting/SPARK2/Ada-SPARK-Median-Of-Two-Sorted-Arrays-Lite/median_of_two_sorted_arrays_lite.adb,51,B case answer table,6 of 6 arms give a literal,legit table,ghost proof table (Width / Full / Bits / Sum_Bits / Pow2) of an agent B rewrite; only feeds the proof,todo: proved ghost lemma regenerating every entry from its definition (halving / doubling / sums)
sorting/SPARK2/Ada-SPARK-Search-In-Rotated-Sorted-Array,sorting/SPARK2/Ada-SPARK-Search-In-Rotated-Sorted-Array/search_in_rotated_sorted_array.adb,101,B case answer table,6 of 6 arms give a literal,legit table,ghost proof table (Width / Full / Bits / Sum_Bits / Pow2) of an agent B rewrite; only feeds the proof,todo: proved ghost lemma regenerating every entry from its definition (halving / doubling / sums)
sorting/SPARK2/Ada-SPARK-Search-In-Rotated-Sorted-Array,sorting/SPARK2/Ada-SPARK-Search-In-Rotated-Sorted-Array/search_in_rotated_sorted_array.adb,108,B case answer table,7 of 7 arms give a literal,legit table,ghost proof table (Width / Full / Bits / Sum_Bits / Pow2) of an agent B rewrite; only feeds the proof,todo: proved ghost lemma regenerating every entry from its definition (halving / doubling / sums)
sorting/SPARK2/Ada-SPARK-Search-In-Rotated-Sorted-Array-II,sorting/SPARK2/Ada-SPARK-Search-In-Rotated-Sorted-Array-II/search_in_rotated_sorted_array_ii.adb,114,B case answer table,7 of 7 arms give a literal,legit table,ghost proof table (Width / Full / Bits / Sum_Bits / Pow2) of an agent B rewrite; only feeds the proof,todo: proved ghost lemma regenerating every entry from its definition (halving / doubling / sums)
sorting/SPARK2/Binary-Insertion-Sort,sorting/SPARK2/Binary-Insertion-Sort/binary_insertion_sort.adb,49,B case answer table,8 of 8 arms give a literal,legit table,ghost proof table (Width / Full / Bits / Sum_Bits / Pow2) of an agent B rewrite; only feeds the proof,todo: proved ghost lemma regenerating every entry from its definition (halving / doubling / sums)
sorting/SPARK4/Ada-SPARK-Postman-Sort,sorting/SPARK4/Ada-SPARK-Postman-Sort/postman_sort.adb,26,B case answer table,10 of 10 arms give a literal,legit table,powers of ten 10 ** P (agent B rewrite),todo: proved lemma Pow10 (P) = 10 * Pow10 (P - 1)
sorting/SPARK4/Ada-SPARK-Smoothsort,sorting/SPARK4/Ada-SPARK-Smoothsort/smoothsort.adb,13,A constant aggregate,Leonardo_Table: 18 literals,legit table,Leonardo numbers,todo: regenerate by L (k) = L (k - 1) + L (k - 2) + 1 and compare entry by entry
strings/Ada/Daitch-Mokotoff-Soundex,strings/Ada/Daitch-Mokotoff-Soundex/daitch_mokotoff_soundex.adb,35,A constant aggregate,Rules: 1581 literals,legit table,Daitch-Mokotoff rule table (algorithm data) and its index,"todo: property test (index First_Start / First_Count consistent with Rules, rules sorted by first letter); source in tests/SOURCES.txt"
strings/Ada/Daitch-Mokotoff-Soundex,strings/Ada/Daitch-Mokotoff-Soundex/daitch_mokotoff_soundex.adb,1360,A constant aggregate,First_Start: 26 literals,legit table,Daitch-Mokotoff rule table (algorithm data) and its index,"todo: property test (index First_Start / First_Count consistent with Rules, rules sorted by first letter); source in tests/SOURCES.txt"
strings/Ada/Daitch-Mokotoff-Soundex,strings/Ada/Daitch-Mokotoff-Soundex/daitch_mokotoff_soundex.adb,1366,A constant aggregate,First_Count: 26 literals,legit table,Daitch-Mokotoff rule table (algorithm data) and its index,"todo: property test (index First_Start / First_Count consistent with Rules, rules sorted by first letter); source in tests/SOURCES.txt"
strings/Ada/Daitch-Mokotoff-Soundex,strings/Ada/Daitch-Mokotoff-Soundex/daitch_mokotoff_soundex.adb,1393,B case answer table,12 of 13 arms give a literal,legit table,Daitch-Mokotoff rule table (algorithm data) and its index,"todo: property test (index First_Start / First_Count consistent with Rules, rules sorted by first letter); source in tests/SOURCES.txt"
strings/Ada/Soundex,strings/Ada/Soundex/soundex.adb,39,B case answer table,7 of 7 arms give a literal,legit table,Soundex letter codes (algorithm definition),todo: property test against the six letter groups written in tests/SOURCES.txt
trees/Ada/Abstract-Interpretation,trees/Ada/Abstract-Interpretation/tests.adb,1,C small test inputs,unbounded params ['Integer']; largest literal in tests.adb 15,not a placeholder by scan,"no answer table found in the library sources (scan kinds A / B); the small literals are sizes, indices or counts; not reviewed line by line",n/a
trees/Ada/Context-Tree-Weighting,trees/Ada/Context-Tree-Weighting/tests.adb,1,C small test inputs,unbounded params ['Natural']; largest literal in tests.adb 50,not a placeholder by scan,"no answer table found in the library sources (scan kinds A / B); the small literals are sizes, indices or counts; not reviewed line by line",n/a
trees/Ada/Embedded-Zerotree-Wavelet,trees/Ada/Embedded-Zerotree-Wavelet/tests.adb,1,C small test inputs,unbounded params ['Positive']; largest literal in tests.adb 64,not a placeholder by scan,"no answer table found in the library sources (scan kinds A / B); the small literals are sizes, indices or counts; not reviewed line by line",n/a
trees/SPARK2/Ada-SPARK-BST-Iterator-Stub,trees/SPARK2/Ada-SPARK-BST-Iterator-Stub/bst_iterator_stub.adb,19,B case answer table,9 of 10 arms give a literal,placeholder,cursor Advance written as a case table of P -> P + 1 (stub folder),n/a (rewrite)
trees/SPARK2/Ada-SPARK-BST-Iterator-Stub,trees/SPARK2/Ada-SPARK-BST-Iterator-Stub/bst_iterator_stub.adb,24,B case answer table,9 of 10 arms give a literal,placeholder,cursor Advance written as a case table of P -> P + 1 (stub folder),n/a (rewrite)
trees/SPARK2/Ada-SPARK-Unique-BSTs-Stub,trees/SPARK2/Ada-SPARK-Unique-BSTs-Stub/unique_bsts_stub.adb,6,B case answer table,9 of 9 arms give a literal,placeholder,answers written out as a table over a narrowed input range,n/a (rewrite test-first)
